dataset,model,layer,split_seed,split_protocol,residualization_variant,formula,nuisance_columns,direction,test_speakers_N,chance_R1,R1_num,R1_den,R1,R1_boot_CI_low,R1_boot_CI_high,R5_boot_CI_low,R5_boot_CI_high,MRR_boot_CI_low,MRR_boot_CI_high,margin_boot_CI_low,margin_boot_CI_high,R5,MRR,median_rank,same_minus_impostor_margin,delta_R1_vs_raw,mode_AUC,variance_removed,B_rank
JVS_JVSMuSiC,wavlm_l12,12,13,60_20_20_speaker_disjoint,raw,raw,,S->G,20,0.05,3,20,0.15,0.023750000000000007,0.32624999999999954,0.45,0.85,0.1799821826457856,0.44706604307392805,0.0004909941363042721,0.004232749924890804,0.65,0.2893444004396017,5.0,0.002753784099698814,0.0,1.0,0.0,0
JVS_JVSMuSiC,wavlm_l12,12,13,60_20_20_speaker_disjoint,raw,raw,,G->S,20,0.05,3,20,0.15,0.0,0.3,0.35,0.75,0.20354655760905763,0.4491300366300366,0.0010715464127618959,0.00402113402214771,0.55,0.3178149628149628,4.5,0.0027537840996987527,0.0,1.0,0.0,0
JVS_JVSMuSiC,wavlm_l12,12,13,60_20_20_speaker_disjoint,center_only_classic,classic,,S->G,20,0.05,8,20,0.4,0.17375000000000002,0.6262499999999995,0.85,1.0,0.5354166666666667,0.7857291666666665,0.14250007171152249,0.20686432536053456,0.95,0.6489583333333333,2.0,0.17396253979256185,0.25,1.0,0.9738791300880938,0
JVS_JVSMuSiC,wavlm_l12,12,13,60_20_20_speaker_disjoint,center_only_classic,classic,,G->S,20,0.05,4,20,0.2,0.05,0.35,0.37375,0.8262499999999996,0.29254085497835497,0.5436770833333333,0.1182828654511738,0.2398566672765853,0.6,0.4143885281385281,3.5,0.17396253979256185,0.05000000000000002,1.0,0.9738791300880938,0
JVS_JVSMuSiC,wavlm_l12,12,13,60_20_20_speaker_disjoint,mode_dummy_only,mean_preserving,mode_dummy,S->G,20,0.05,9,20,0.45,0.27375,0.6762499999999996,0.7,0.9762499999999995,0.4896407585470085,0.808389423076923,0.00220834548898049,0.0035985321237692477,0.85,0.6295405982905983,2.0,0.002824506128437765,0.30000000000000004,0.427,0.008200280997532783,1
JVS_JVSMuSiC,wavlm_l12,12,13,60_20_20_speaker_disjoint,mode_dummy_only,mean_preserving,mode_dummy,G->S,20,0.05,14,20,0.7,0.52375,0.9,0.8,1.0,0.6852953296703297,0.941517857142857,0.0022523527526918797,0.003378637629928378,0.9,0.7901556776556775,1.0,0.0028245061284378425,0.5499999999999999,0.427,0.008200280997532783,1
JVS_JVSMuSiC,wavlm_l12,12,13,60_20_20_speaker_disjoint,mode_dummy_only,classic,mode_dummy,S->G,20,0.05,14,20,0.7,0.5,0.9,0.85,1.0,0.72475,0.925,0.3802850099523048,0.46378774539797973,0.95,0.8300000000000001,1.0,0.4179072084937129,0.5499999999999999,0.427,0.9820794110856259,1
JVS_JVSMuSiC,wavlm_l12,12,13,60_20_20_speaker_disjoint,mode_dummy_only,classic,mode_dummy,G->S,20,0.05,17,20,0.85,0.7,0.95,0.85,1.0,0.7132386363636364,1.0,0.36292398902757306,0.4687429206942801,0.95,0.8795454545454545,1.0,0.4179072084937129,0.7,0.427,0.9820794110856259,1
JVS_JVSMuSiC,wavlm_l12,12,13,60_20_20_speaker_disjoint,acoustic_full_no_mode,mean_preserving,logf0_mean;logf0_std;logf0_p05;logf0_p50;logf0_p95;logf0_range;rms_mean;rms_std;duration_s;voiced_rate;energy_mean;energy_std,S->G,20,0.05,6,20,0.3,0.12375,0.5262499999999996,0.45,0.8262499999999996,0.31876968864468863,0.6178525641025637,0.0009133419776433519,0.0026886467567103804,0.65,0.4793818681318681,2.5,0.0019062135980038198,0.15,0.681,0.01124484233813483,9
JVS_JVSMuSiC,wavlm_l12,12,13,60_20_20_speaker_disjoint,acoustic_full_no_mode,mean_preserving,logf0_mean;logf0_std;logf0_p05;logf0_p50;logf0_p95;logf0_range;rms_mean;rms_std;duration_s;voiced_rate;energy_mean;energy_std,G->S,20,0.05,11,20,0.55,0.35,0.8,0.7,0.9762499999999995,0.542767857142857,0.832625,0.0015384276784638868,0.0023480384983004202,0.85,0.6888095238095239,1.0,0.0019062135980038475,0.4,0.681,0.01124484233813483,9
JVS_JVSMuSiC,wavlm_l12,12,13,60_20_20_speaker_disjoint,acoustic_full_no_mode,classic,logf0_mean;logf0_std;logf0_p05;logf0_p50;logf0_p95;logf0_range;rms_mean;rms_std;duration_s;voiced_rate;energy_mean;energy_std,S->G,20,0.05,13,20,0.65,0.45,0.8262499999999996,0.85,1.0,0.6446527777777777,0.9037083333333332,0.2681614718891317,0.3822129097129921,0.95,0.761388888888889,1.0,0.3239421316901069,0.5,0.681,0.9852260954978321,9
JVS_JVSMuSiC,wavlm_l12,12,13,60_20_20_speaker_disjoint,acoustic_full_no_mode,classic,logf0_mean;logf0_std;logf0_p05;logf0_p50;logf0_p95;logf0_range;rms_mean;rms_std;duration_s;voiced_rate;energy_mean;energy_std,G->S,20,0.05,14,20,0.7,0.47375,0.9262499999999996,1.0,1.0,0.6441666666666667,0.8988125,0.27396136553110556,0.383241171477711,1.0,0.7991666666666666,1.0,0.3239421316901069,0.5499999999999999,0.681,0.9852260954978321,9
JVS_JVSMuSiC,wavlm_l12,12,13,60_20_20_speaker_disjoint,acoustic_full_plus_mode,mean_preserving,logf0_mean;logf0_std;logf0_p05;logf0_p50;logf0_p95;logf0_range;rms_mean;rms_std;duration_s;voiced_rate;energy_mean;energy_std;mode_dummy,S->G,20,0.05,6,20,0.3,0.1,0.47624999999999956,0.6,1.0,0.36566369047619046,0.6538720238095238,0.0013095433402669579,0.0027273510491167565,0.8,0.5086011904761905,2.5,0.002060698813728129,0.15,0.394,0.01219419762404983,10
JVS_JVSMuSiC,wavlm_l12,12,13,60_20_20_speaker_disjoint,acoustic_full_plus_mode,mean_preserving,logf0_mean;logf0_std;logf0_p05;logf0_p50;logf0_p95;logf0_range;rms_mean;rms_std;duration_s;voiced_rate;energy_mean;energy_std;mode_dummy,G->S,20,0.05,11,20,0.55,0.4,0.75,0.85,1.0,0.5538244047619048,0.85,0.0017329380889670495,0.0024355965723986033,0.95,0.6963095238095238,1.0,0.002060698813728096,0.4,0.394,0.01219419762404983,10
JVS_JVSMuSiC,wavlm_l12,12,13,60_20_20_speaker_disjoint,acoustic_full_plus_mode,classic,logf0_mean;logf0_std;logf0_p05;logf0_p50;logf0_p95;logf0_range;rms_mean;rms_std;duration_s;voiced_rate;energy_mean;energy_std;mode_dummy,S->G,20,0.05,13,20,0.65,0.45,0.85,1.0,1.0,0.6779166666666667,0.925,0.3074095235696121,0.3813422069761364,1.0,0.8016666666666665,1.0,0.35331821083300147,0.5,0.394,0.9861717123301205,10
JVS_JVSMuSiC,wavlm_l12,12,13,60_20_20_speaker_disjoint,acoustic_full_plus_mode,classic,logf0_mean;logf0_std;logf0_p05;logf0_p50;logf0_p95;logf0_range;rms_mean;rms_std;duration_s;voiced_rate;energy_mean;energy_std;mode_dummy,G->S,20,0.05,14,20,0.7,0.5,0.9,1.0,1.0,0.6488541666666667,0.9009999999999999,0.29771555813047995,0.3940890557462571,1.0,0.7933333333333333,1.0,0.3533182108330014,0.5499999999999999,0.394,0.9861717123301205,10
JVS_JVSMuSiC,wavlm_l12,12,13,60_20_20_speaker_disjoint,single_group_f0,mean_preserving,logf0_mean;logf0_std;logf0_p05;logf0_p50;logf0_p95;logf0_range,S->G,20,0.05,3,20,0.15,0.0,0.3,0.32375,0.8,0.17326596906705266,0.3882282016873733,-0.0004849922320091307,0.004375004539355771,0.55,0.2793689102435232,5.0,0.001956823931888468,0.0,1.0,0.0015493160300266151,5
JVS_JVSMuSiC,wavlm_l12,12,13,60_20_20_speaker_disjoint,single_group_f0,mean_preserving,logf0_mean;logf0_std;logf0_p05;logf0_p50;logf0_p95;logf0_range,G->S,20,0.05,2,20,0.1,0.0,0.2262499999999996,0.35,0.7524999999999992,0.15729204521720971,0.3604270833333332,0.0006801817961149294,0.0029344657103149508,0.55,0.24668911862990806,5.0,0.001956823931888513,-0.04999999999999999,1.0,0.0015493160300266151,5
JVS_JVSMuSiC,wavlm_l12,12,13,60_20_20_speaker_disjoint,single_group_energy,mean_preserving,rms_mean;rms_std;energy_mean;energy_std,S->G,20,0.05,6,20,0.3,0.1,0.45,0.3,0.7262499999999995,0.2715514020293432,0.554759215049656,0.0013944883196686604,0.0042473240324751175,0.5,0.42553608156549344,5.0,0.002877655344433583,0.15,0.979,0.006130498318477562,3
JVS_JVSMuSiC,wavlm_l12,12,13,60_20_20_speaker_disjoint,single_group_energy,mean_preserving,rms_mean;rms_std;energy_mean;energy_std,G->S,20,0.05,5,20,0.25,0.1,0.4262499999999996,0.55,0.8762499999999995,0.30420585317460314,0.5840920138888889,0.0017940486641770815,0.003844982850015275,0.7,0.4437400793650793,3.0,0.002877655344433566,0.1,0.979,0.006130498318477562,3
JVS_JVSMuSiC,wavlm_l12,12,13,60_20_20_speaker_disjoint,single_group_duration,mean_preserving,duration_s,S->G,20,0.05,8,20,0.4,0.25,0.6,0.77375,1.0,0.4430721153846154,0.740028846153846,0.0020204218565575915,0.003435769947327414,0.9,0.5880128205128206,2.0,0.0027576842272287625,0.25,0.7285,0.007631969873553968,1
JVS_JVSMuSiC,wavlm_l12,12,13,60_20_20_speaker_disjoint,single_group_duration,mean_preserving,duration_s,G->S,20,0.05,10,20,0.5,0.25,0.7,0.75,1.0,0.5262569444444445,0.7922708333333333,0.0021619539980513133,0.0034274928672689874,0.9,0.6619444444444444,1.5,0.0027576842272287296,0.35,0.7285,0.007631969873553968,1
JVS_JVSMuSiC,wavlm_l12,12,13,60_20_20_speaker_disjoint,single_group_voicing,mean_preserving,voiced_rate,S->G,20,0.05,3,20,0.15,0.05,0.3,0.45,0.8,0.1809640645731977,0.40191485000100513,0.0013292472081864108,0.00457375304344627,0.65,0.2893444004396017,5.0,0.002753784099698814,0.0,1.0,0.0,0
JVS_JVSMuSiC,wavlm_l12,12,13,60_20_20_speaker_disjoint,single_group_voicing,mean_preserving,voiced_rate,G->S,20,0.05,3,20,0.15,0.05,0.32624999999999954,0.25,0.7762499999999996,0.19023138666888667,0.44469601925851904,0.0012403158619774932,0.003776969376611461,0.55,0.3178149628149628,4.5,0.0027537840996987527,0.0,1.0,0.0,0
JVS_JVSMuSiC,wavlm_l12,12,13,60_20_20_speaker_disjoint,full_minus_f0,mean_preserving,rms_mean;rms_std;duration_s;voiced_rate;energy_mean;energy_std,S->G,20,0.05,8,20,0.4,0.22375,0.6,0.55,0.9262499999999996,0.36056646825396826,0.7102708333333333,0.0018137071255348279,0.003482097090604059,0.75,0.5504761904761906,2.5,0.0026502515680592088,0.25,0.708,0.009539149437213346,4
JVS_JVSMuSiC,wavlm_l12,12,13,60_20_20_speaker_disjoint,full_minus_f0,mean_preserving,rms_mean;rms_std;duration_s;voiced_rate;energy_mean;energy_std,G->S,20,0.05,11,20,0.55,0.4,0.75,0.8,1.0,0.5415386904761905,0.8504166666666666,0.001977103416787702,0.003118236732444202,0.9,0.7013095238095238,1.0,0.0026502515680591867,0.4,0.708,0.009539149437213346,4
JVS_JVSMuSiC,wavlm_l12,12,13,60_20_20_speaker_disjoint,full_minus_energy,mean_preserving,logf0_mean;logf0_std;logf0_p05;logf0_p50;logf0_p95;logf0_range;duration_s;voiced_rate,S->G,20,0.05,5,20,0.25,0.1,0.45,0.6,0.9262499999999996,0.329171875,0.6206614583333333,0.0011468973051452314,0.0027622017260424524,0.75,0.44333333333333336,3.0,0.0019218051658662528,0.1,0.725,0.009207790883109968,6
JVS_JVSMuSiC,wavlm_l12,12,13,60_20_20_speaker_disjoint,full_minus_energy,mean_preserving,logf0_mean;logf0_std;logf0_p05;logf0_p50;logf0_p95;logf0_range;duration_s;voiced_rate,G->S,20,0.05,9,20,0.45,0.17375000000000002,0.65,0.6,0.95,0.42845251148705094,0.7681003289473683,0.0011492901573328413,0.00245133063796839,0.75,0.6090799916457811,2.0,0.0019218051658662471,0.30000000000000004,0.725,0.009207790883109968,6
JVS_JVSMuSiC,wavlm_l12,12,13,60_20_20_speaker_disjoint,full_minus_duration,mean_preserving,logf0_mean;logf0_std;logf0_p05;logf0_p50;logf0_p95;logf0_range;rms_mean;rms_std;voiced_rate;energy_mean;energy_std,S->G,20,0.05,5,20,0.25,0.05,0.4262499999999996,0.22375,0.6262499999999995,0.20582789942900237,0.49655596517453116,0.0005469409951986692,0.003376814797836564,0.4,0.36773140666523013,6.5,0.0021522473304976973,0.1,0.9755,0.00787927561953361,8
JVS_JVSMuSiC,wavlm_l12,12,13,60_20_20_speaker_disjoint,full_minus_duration,mean_preserving,logf0_mean;logf0_std;logf0_p05;logf0_p50;logf0_p95;logf0_range;rms_mean;rms_std;voiced_rate;energy_mean;energy_std,G->S,20,0.05,2,20,0.1,0.0,0.2262499999999996,0.42375,0.8,0.24068646284271283,0.4779829996392495,0.001106407551657291,0.0031473717979464432,0.6,0.34134108946608943,4.0,0.0021522473304976864,-0.04999999999999999,0.9755,0.00787927561953361,8
JVS_JVSMuSiC,wavlm_l12,12,13,60_20_20_speaker_disjoint,full_minus_voicing,mean_preserving,logf0_mean;logf0_std;logf0_p05;logf0_p50;logf0_p95;logf0_range;rms_mean;rms_std;duration_s;energy_mean;energy_std,S->G,20,0.05,6,20,0.3,0.15,0.5,0.45,0.8,0.33116552197802196,0.6294994276556777,0.000842024225480264,0.002648828608900182,0.65,0.4793818681318681,2.5,0.0019062135980038252,0.15,0.681,0.011244842338134609,9
JVS_JVSMuSiC,wavlm_l12,12,13,60_20_20_speaker_disjoint,full_minus_voicing,mean_preserving,logf0_mean;logf0_std;logf0_p05;logf0_p50;logf0_p95;logf0_range;rms_mean;rms_std;duration_s;energy_mean;energy_std,G->S,20,0.05,11,20,0.55,0.3,0.75,0.67375,0.95,0.5118690476190475,0.8362916666666664,0.0015469150169622548,0.0023247364324504994,0.85,0.6888095238095239,1.0,0.0019062135980038365,0.4,0.681,0.011244842338134609,9
JVS_JVSMuSiC,wavlm_l12,12,13,60_20_20_speaker_disjoint,row_shuffled_nuisance,mean_preserving,logf0_mean;logf0_std;logf0_p05;logf0_p50;logf0_p95;logf0_range;rms_mean;rms_std;duration_s;voiced_rate;energy_mean;energy_std,S->G,20,0.05,2,20,0.1,0.0,0.25,0.35,0.75,0.15487896825396827,0.36809351503759385,0.0005356862300766229,0.004833954061581987,0.55,0.26720499164578115,5.0,0.0031144396293852016,-0.04999999999999999,1.0,-0.0012780021389249274,9
JVS_JVSMuSiC,wavlm_l12,12,13,60_20_20_speaker_disjoint,row_shuffled_nuisance,mean_preserving,logf0_mean;logf0_std;logf0_p05;logf0_p50;logf0_p95;logf0_range;rms_mean;rms_std;duration_s;voiced_rate;energy_mean;energy_std,G->S,20,0.05,3,20,0.15,0.0,0.3,0.4,0.7762499999999996,0.2147906746031746,0.46756894841269836,0.0014851388814629979,0.004060455894772399,0.6,0.33974206349206343,4.0,0.003114439629385213,0.0,1.0,-0.0012780021389249274,9
JVS_JVSMuSiC,wavlm_l12,12,13,60_20_20_speaker_disjoint,random_gaussian_nuisance,mean_preserving,logf0_mean;logf0_std;logf0_p05;logf0_p50;logf0_p95;logf0_range;rms_mean;rms_std;duration_s;voiced_rate;energy_mean;energy_std,S->G,20,0.05,2,20,0.1,0.0,0.25,0.1,0.5,0.14756870039682538,0.3714808881886087,0.00036351054319237036,0.005432726707159487,0.3,0.25118783478303597,8.0,0.0027699963558103836,-0.04999999999999999,1.0,9.643689604221795e-05,12
JVS_JVSMuSiC,wavlm_l12,12,13,60_20_20_speaker_disjoint,random_gaussian_nuisance,mean_preserving,logf0_mean;logf0_std;logf0_p05;logf0_p50;logf0_p95;logf0_range;rms_mean;rms_std;duration_s;voiced_rate;energy_mean;energy_std,G->S,20,0.05,2,20,0.1,0.0,0.2262499999999996,0.3,0.7,0.1888553550207962,0.37481590590781755,0.0013136834137656823,0.004245080712463115,0.5,0.2689350437144555,5.5,0.0027699963558103836,-0.04999999999999999,1.0,9.643689604221795e-05,12
JVS_JVSMuSiC,wavlm_l12,12,13,60_20_20_speaker_disjoint,random_low_rank_projection,mean_preserving,random_dir_0;random_dir_1;random_dir_2;random_dir_3;random_dir_4;random_dir_5;random_dir_6;random_dir_7;random_dir_8;random_dir_9;random_dir_10;random_dir_11,S->G,20,0.05,3,20,0.15,0.0,0.3,0.4,0.85,0.17321279761904765,0.4222167207792207,0.0008826156264182098,0.004331904224964841,0.65,0.28952822396901345,5.0,0.002730996885247733,0.0,1.0,0.00015939054482250192,12
JVS_JVSMuSiC,wavlm_l12,12,13,60_20_20_speaker_disjoint,random_low_rank_projection,mean_preserving,random_dir_0;random_dir_1;random_dir_2;random_dir_3;random_dir_4;random_dir_5;random_dir_6;random_dir_7;random_dir_8;random_dir_9;random_dir_10;random_dir_11,G->S,20,0.05,3,20,0.15,0.023750000000000007,0.35,0.35,0.7762499999999996,0.21050487706737703,0.4613426434676435,0.0013639359613958092,0.004464319395608661,0.55,0.3174361749361749,4.5,0.0027309968852476884,0.0,1.0,0.00015939054482250192,12
