dataset,model,layer,split_seed,speaker_id,direction,residualization_variant,formula,rank,raw_rank,rank_improvement_vs_raw,hit1,hit5,same_minus_impostor_margin
JVS_JVSMuSiC,wavlm_l12,12,13,jvs005,S->G,raw,raw,16,16,0,0,0,-0.0030118868621623607
JVS_JVSMuSiC,wavlm_l12,12,13,jvs006,S->G,raw,raw,16,16,0,0,0,-0.003910939893954635
JVS_JVSMuSiC,wavlm_l12,12,13,jvs010,S->G,raw,raw,5,5,0,0,1,0.003306896524726488
JVS_JVSMuSiC,wavlm_l12,12,13,jvs019,S->G,raw,raw,4,4,0,0,1,0.004546181687800854
JVS_JVSMuSiC,wavlm_l12,12,13,jvs020,S->G,raw,raw,5,5,0,0,1,0.003154704991426671
JVS_JVSMuSiC,wavlm_l12,12,13,jvs022,S->G,raw,raw,6,6,0,0,0,0.0027952206940974333
JVS_JVSMuSiC,wavlm_l12,12,13,jvs027,S->G,raw,raw,7,7,0,0,0,0.0023453143152613043
JVS_JVSMuSiC,wavlm_l12,12,13,jvs032,S->G,raw,raw,4,4,0,0,1,0.0049489306781217435
JVS_JVSMuSiC,wavlm_l12,12,13,jvs041,S->G,raw,raw,5,5,0,0,1,0.0032224573800003764
JVS_JVSMuSiC,wavlm_l12,12,13,jvs042,S->G,raw,raw,19,19,0,0,0,-0.005934672828746823
JVS_JVSMuSiC,wavlm_l12,12,13,jvs044,S->G,raw,raw,5,5,0,0,1,0.0032783349394857053
JVS_JVSMuSiC,wavlm_l12,12,13,jvs057,S->G,raw,raw,11,11,0,0,0,-0.00014574296648672824
JVS_JVSMuSiC,wavlm_l12,12,13,jvs058,S->G,raw,raw,5,5,0,0,1,0.002079532691035224
JVS_JVSMuSiC,wavlm_l12,12,13,jvs061,S->G,raw,raw,17,17,0,0,0,-0.0032729769459912683
JVS_JVSMuSiC,wavlm_l12,12,13,jvs063,S->G,raw,raw,1,1,0,1,1,0.009372184108025317
JVS_JVSMuSiC,wavlm_l12,12,13,jvs072,S->G,raw,raw,5,5,0,0,1,0.0032458996311655053
JVS_JVSMuSiC,wavlm_l12,12,13,jvs076,S->G,raw,raw,1,1,0,1,1,0.010586365970279066
JVS_JVSMuSiC,wavlm_l12,12,13,jvs086,S->G,raw,raw,1,1,0,1,1,0.011166982970864603
JVS_JVSMuSiC,wavlm_l12,12,13,jvs095,S->G,raw,raw,5,5,0,0,1,0.0029296419038918886
JVS_JVSMuSiC,wavlm_l12,12,13,jvs097,S->G,raw,raw,4,4,0,0,1,0.004373253005135913
JVS_JVSMuSiC,wavlm_l12,12,13,jvs005,G->S,raw,raw,5,5,0,0,1,0.0036829159136484435
JVS_JVSMuSiC,wavlm_l12,12,13,jvs006,G->S,raw,raw,11,11,0,0,0,3.32943288454679e-05
JVS_JVSMuSiC,wavlm_l12,12,13,jvs010,G->S,raw,raw,1,1,0,1,1,0.006099911996646945
JVS_JVSMuSiC,wavlm_l12,12,13,jvs019,G->S,raw,raw,7,7,0,0,0,0.0028131402233125824
JVS_JVSMuSiC,wavlm_l12,12,13,jvs020,G->S,raw,raw,11,11,0,0,0,0.0003813103494199055
JVS_JVSMuSiC,wavlm_l12,12,13,jvs022,G->S,raw,raw,3,3,0,0,1,0.002933811412533349
JVS_JVSMuSiC,wavlm_l12,12,13,jvs027,G->S,raw,raw,1,1,0,1,1,0.008351684330975107
JVS_JVSMuSiC,wavlm_l12,12,13,jvs032,G->S,raw,raw,10,10,0,0,0,0.0002460645774549075
JVS_JVSMuSiC,wavlm_l12,12,13,jvs041,G->S,raw,raw,1,1,0,1,1,0.006924026544315676
JVS_JVSMuSiC,wavlm_l12,12,13,jvs042,G->S,raw,raw,4,4,0,0,1,0.0032236082030928648
JVS_JVSMuSiC,wavlm_l12,12,13,jvs044,G->S,raw,raw,20,20,0,0,0,-0.005266059442915361
JVS_JVSMuSiC,wavlm_l12,12,13,jvs057,G->S,raw,raw,3,3,0,0,1,0.005175916428860172
JVS_JVSMuSiC,wavlm_l12,12,13,jvs058,G->S,raw,raw,3,3,0,0,1,0.0050235668267401
JVS_JVSMuSiC,wavlm_l12,12,13,jvs061,G->S,raw,raw,4,4,0,0,1,0.005185786523895897
JVS_JVSMuSiC,wavlm_l12,12,13,jvs063,G->S,raw,raw,12,12,0,0,0,-0.000454797618234859
JVS_JVSMuSiC,wavlm_l12,12,13,jvs072,G->S,raw,raw,3,3,0,0,1,0.004565932097021386
JVS_JVSMuSiC,wavlm_l12,12,13,jvs076,G->S,raw,raw,13,13,0,0,0,-0.0004678716708391706
JVS_JVSMuSiC,wavlm_l12,12,13,jvs086,G->S,raw,raw,13,13,0,0,0,-0.0009147245789237202
JVS_JVSMuSiC,wavlm_l12,12,13,jvs095,G->S,raw,raw,2,2,0,0,1,0.00642544756550667
JVS_JVSMuSiC,wavlm_l12,12,13,jvs097,G->S,raw,raw,9,9,0,0,0,0.001112717982618694
JVS_JVSMuSiC,wavlm_l12,12,13,jvs005,S->G,center_only_classic,classic,3,16,13,0,1,0.12018601819012012
JVS_JVSMuSiC,wavlm_l12,12,13,jvs006,S->G,center_only_classic,classic,2,16,14,0,1,0.17269375612067342
JVS_JVSMuSiC,wavlm_l12,12,13,jvs010,S->G,center_only_classic,classic,1,5,4,1,1,0.44159662216411877
JVS_JVSMuSiC,wavlm_l12,12,13,jvs019,S->G,center_only_classic,classic,1,4,3,1,1,0.1535316789635775
JVS_JVSMuSiC,wavlm_l12,12,13,jvs020,S->G,center_only_classic,classic,1,5,4,1,1,0.14912020104753476
JVS_JVSMuSiC,wavlm_l12,12,13,jvs022,S->G,center_only_classic,classic,2,6,4,0,1,0.26437697820485007
JVS_JVSMuSiC,wavlm_l12,12,13,jvs027,S->G,center_only_classic,classic,2,7,5,0,1,0.15463913936127022
JVS_JVSMuSiC,wavlm_l12,12,13,jvs032,S->G,center_only_classic,classic,2,4,2,0,1,0.20138092745320485
JVS_JVSMuSiC,wavlm_l12,12,13,jvs041,S->G,center_only_classic,classic,1,5,4,1,1,0.1912828242082799
JVS_JVSMuSiC,wavlm_l12,12,13,jvs042,S->G,center_only_classic,classic,16,19,3,0,0,-0.05305521939570154
JVS_JVSMuSiC,wavlm_l12,12,13,jvs044,S->G,center_only_classic,classic,2,5,3,0,1,0.11491300691695888
JVS_JVSMuSiC,wavlm_l12,12,13,jvs057,S->G,center_only_classic,classic,4,11,7,0,1,0.18253842774257548
JVS_JVSMuSiC,wavlm_l12,12,13,jvs058,S->G,center_only_classic,classic,1,5,4,1,1,0.23397702033974951
JVS_JVSMuSiC,wavlm_l12,12,13,jvs061,S->G,center_only_classic,classic,3,17,14,0,1,0.11963176968982403
JVS_JVSMuSiC,wavlm_l12,12,13,jvs063,S->G,center_only_classic,classic,2,1,-1,0,1,0.18622018925015466
JVS_JVSMuSiC,wavlm_l12,12,13,jvs072,S->G,center_only_classic,classic,2,5,3,0,1,0.145103906695112
JVS_JVSMuSiC,wavlm_l12,12,13,jvs076,S->G,center_only_classic,classic,2,1,-1,0,1,0.13748268939337216
JVS_JVSMuSiC,wavlm_l12,12,13,jvs086,S->G,center_only_classic,classic,1,1,0,1,1,0.2587813700166145
JVS_JVSMuSiC,wavlm_l12,12,13,jvs095,S->G,center_only_classic,classic,1,5,4,1,1,0.18900118049140183
JVS_JVSMuSiC,wavlm_l12,12,13,jvs097,S->G,center_only_classic,classic,1,4,3,1,1,0.11584830899754561
JVS_JVSMuSiC,wavlm_l12,12,13,jvs005,G->S,center_only_classic,classic,2,5,3,0,1,0.2758203795706403
JVS_JVSMuSiC,wavlm_l12,12,13,jvs006,G->S,center_only_classic,classic,4,11,7,0,1,0.179795086131573
JVS_JVSMuSiC,wavlm_l12,12,13,jvs010,G->S,center_only_classic,classic,1,1,0,1,1,0.34727966177791947
JVS_JVSMuSiC,wavlm_l12,12,13,jvs019,G->S,center_only_classic,classic,10,7,-3,0,0,-0.003262320092926263
JVS_JVSMuSiC,wavlm_l12,12,13,jvs020,G->S,center_only_classic,classic,6,11,5,0,0,0.12476480860251071
JVS_JVSMuSiC,wavlm_l12,12,13,jvs022,G->S,center_only_classic,classic,1,3,2,1,1,0.2833305167549237
JVS_JVSMuSiC,wavlm_l12,12,13,jvs027,G->S,center_only_classic,classic,1,1,0,1,1,0.46507013216249843
JVS_JVSMuSiC,wavlm_l12,12,13,jvs032,G->S,center_only_classic,classic,7,10,3,0,0,0.041056610392504356
JVS_JVSMuSiC,wavlm_l12,12,13,jvs041,G->S,center_only_classic,classic,1,1,0,1,1,0.30427864959876644
JVS_JVSMuSiC,wavlm_l12,12,13,jvs042,G->S,center_only_classic,classic,3,4,1,0,1,0.14577655367859432
JVS_JVSMuSiC,wavlm_l12,12,13,jvs044,G->S,center_only_classic,classic,8,20,12,0,0,0.057648273496163915
JVS_JVSMuSiC,wavlm_l12,12,13,jvs057,G->S,center_only_classic,classic,2,3,1,0,1,0.198126962745546
JVS_JVSMuSiC,wavlm_l12,12,13,jvs058,G->S,center_only_classic,classic,2,3,1,0,1,0.2879780215041642
JVS_JVSMuSiC,wavlm_l12,12,13,jvs061,G->S,center_only_classic,classic,4,4,0,0,1,0.15005607741967436
JVS_JVSMuSiC,wavlm_l12,12,13,jvs063,G->S,center_only_classic,classic,11,12,1,0,0,-0.006827355297178039
JVS_JVSMuSiC,wavlm_l12,12,13,jvs072,G->S,center_only_classic,classic,2,3,1,0,1,0.26362233189109574
JVS_JVSMuSiC,wavlm_l12,12,13,jvs076,G->S,center_only_classic,classic,14,13,-1,0,0,-0.049525294154603494
JVS_JVSMuSiC,wavlm_l12,12,13,jvs086,G->S,center_only_classic,classic,6,13,7,0,0,0.1595507222627703
JVS_JVSMuSiC,wavlm_l12,12,13,jvs095,G->S,center_only_classic,classic,2,2,0,0,1,0.2751748167807283
JVS_JVSMuSiC,wavlm_l12,12,13,jvs097,G->S,center_only_classic,classic,11,9,-2,0,0,-0.02046383937412899
JVS_JVSMuSiC,wavlm_l12,12,13,jvs005,S->G,mode_dummy_only,mean_preserving,2,16,14,0,1,0.002953252996845679
JVS_JVSMuSiC,wavlm_l12,12,13,jvs006,S->G,mode_dummy_only,mean_preserving,4,16,12,0,1,0.002911793856803624
JVS_JVSMuSiC,wavlm_l12,12,13,jvs010,S->G,mode_dummy_only,mean_preserving,18,5,-13,0,0,-0.002940964772080834
JVS_JVSMuSiC,wavlm_l12,12,13,jvs019,S->G,mode_dummy_only,mean_preserving,13,4,-9,0,0,-0.000475068103331866
JVS_JVSMuSiC,wavlm_l12,12,13,jvs020,S->G,mode_dummy_only,mean_preserving,1,5,4,1,1,0.004018523091164239
JVS_JVSMuSiC,wavlm_l12,12,13,jvs022,S->G,mode_dummy_only,mean_preserving,2,6,4,0,1,0.0037516590618754675
JVS_JVSMuSiC,wavlm_l12,12,13,jvs027,S->G,mode_dummy_only,mean_preserving,1,7,6,1,1,0.0048190885174020925
JVS_JVSMuSiC,wavlm_l12,12,13,jvs032,S->G,mode_dummy_only,mean_preserving,2,4,2,0,1,0.001997154721454786
JVS_JVSMuSiC,wavlm_l12,12,13,jvs041,S->G,mode_dummy_only,mean_preserving,1,5,4,1,1,0.0027816072270353542
JVS_JVSMuSiC,wavlm_l12,12,13,jvs042,S->G,mode_dummy_only,mean_preserving,8,19,11,0,0,0.0006842995050370115
JVS_JVSMuSiC,wavlm_l12,12,13,jvs044,S->G,mode_dummy_only,mean_preserving,1,5,4,1,1,0.005114041990616824
JVS_JVSMuSiC,wavlm_l12,12,13,jvs057,S->G,mode_dummy_only,mean_preserving,2,11,9,0,1,0.0032630905041777236
JVS_JVSMuSiC,wavlm_l12,12,13,jvs058,S->G,mode_dummy_only,mean_preserving,1,5,4,1,1,0.0035955101458738925
JVS_JVSMuSiC,wavlm_l12,12,13,jvs061,S->G,mode_dummy_only,mean_preserving,1,17,16,1,1,0.0038463632072992526
JVS_JVSMuSiC,wavlm_l12,12,13,jvs063,S->G,mode_dummy_only,mean_preserving,2,1,-1,0,1,0.002641625055246566
JVS_JVSMuSiC,wavlm_l12,12,13,jvs072,S->G,mode_dummy_only,mean_preserving,1,5,4,1,1,0.005121958417877881
JVS_JVSMuSiC,wavlm_l12,12,13,jvs076,S->G,mode_dummy_only,mean_preserving,3,1,-2,0,1,0.0021281091130708196
JVS_JVSMuSiC,wavlm_l12,12,13,jvs086,S->G,mode_dummy_only,mean_preserving,1,1,0,1,1,0.003889452932346882
JVS_JVSMuSiC,wavlm_l12,12,13,jvs095,S->G,mode_dummy_only,mean_preserving,4,5,1,0,1,0.0022026693382516394
JVS_JVSMuSiC,wavlm_l12,12,13,jvs097,S->G,mode_dummy_only,mean_preserving,1,4,3,1,1,0.0041859557617882626
JVS_JVSMuSiC,wavlm_l12,12,13,jvs005,G->S,mode_dummy_only,mean_preserving,1,5,4,1,1,0.0023371868257027195
JVS_JVSMuSiC,wavlm_l12,12,13,jvs006,G->S,mode_dummy_only,mean_preserving,2,11,9,0,1,0.002501626317875205
JVS_JVSMuSiC,wavlm_l12,12,13,jvs010,G->S,mode_dummy_only,mean_preserving,1,1,0,1,1,0.0050991438392925525
JVS_JVSMuSiC,wavlm_l12,12,13,jvs019,G->S,mode_dummy_only,mean_preserving,2,7,5,0,1,0.0022345651542744482
JVS_JVSMuSiC,wavlm_l12,12,13,jvs020,G->S,mode_dummy_only,mean_preserving,1,11,10,1,1,0.0025968598524194197
JVS_JVSMuSiC,wavlm_l12,12,13,jvs022,G->S,mode_dummy_only,mean_preserving,1,3,2,1,1,0.003805856906734184
JVS_JVSMuSiC,wavlm_l12,12,13,jvs027,G->S,mode_dummy_only,mean_preserving,3,1,-2,0,1,0.0027682921863708687
JVS_JVSMuSiC,wavlm_l12,12,13,jvs032,G->S,mode_dummy_only,mean_preserving,1,10,9,1,1,0.0037037295641066947
JVS_JVSMuSiC,wavlm_l12,12,13,jvs041,G->S,mode_dummy_only,mean_preserving,1,1,0,1,1,0.003017479658981359
JVS_JVSMuSiC,wavlm_l12,12,13,jvs042,G->S,mode_dummy_only,mean_preserving,13,4,-9,0,0,-0.0002803584028012729
JVS_JVSMuSiC,wavlm_l12,12,13,jvs044,G->S,mode_dummy_only,mean_preserving,7,20,13,0,0,0.0003487159846738974
JVS_JVSMuSiC,wavlm_l12,12,13,jvs057,G->S,mode_dummy_only,mean_preserving,1,3,2,1,1,0.003618615668274039
JVS_JVSMuSiC,wavlm_l12,12,13,jvs058,G->S,mode_dummy_only,mean_preserving,1,3,2,1,1,0.0037526581992097796
JVS_JVSMuSiC,wavlm_l12,12,13,jvs061,G->S,mode_dummy_only,mean_preserving,1,4,3,1,1,0.003366211374373762
JVS_JVSMuSiC,wavlm_l12,12,13,jvs063,G->S,mode_dummy_only,mean_preserving,1,12,11,1,1,0.0033074137115980395
JVS_JVSMuSiC,wavlm_l12,12,13,jvs072,G->S,mode_dummy_only,mean_preserving,1,3,2,1,1,0.002198937087228403
JVS_JVSMuSiC,wavlm_l12,12,13,jvs076,G->S,mode_dummy_only,mean_preserving,1,13,12,1,1,0.002935900641162892
JVS_JVSMuSiC,wavlm_l12,12,13,jvs086,G->S,mode_dummy_only,mean_preserving,1,13,12,1,1,0.003358678542142113
JVS_JVSMuSiC,wavlm_l12,12,13,jvs095,G->S,mode_dummy_only,mean_preserving,4,2,-2,0,1,0.0024112505796183292
JVS_JVSMuSiC,wavlm_l12,12,13,jvs097,G->S,mode_dummy_only,mean_preserving,1,9,8,1,1,0.0034073588775194175
JVS_JVSMuSiC,wavlm_l12,12,13,jvs005,S->G,mode_dummy_only,classic,2,16,14,0,1,0.3515116541107879
JVS_JVSMuSiC,wavlm_l12,12,13,jvs006,S->G,mode_dummy_only,classic,2,16,14,0,1,0.39629502648776127
JVS_JVSMuSiC,wavlm_l12,12,13,jvs010,S->G,mode_dummy_only,classic,1,5,4,1,1,0.509220882306675
JVS_JVSMuSiC,wavlm_l12,12,13,jvs019,S->G,mode_dummy_only,classic,2,4,2,0,1,0.21588280743883947
JVS_JVSMuSiC,wavlm_l12,12,13,jvs020,S->G,mode_dummy_only,classic,1,5,4,1,1,0.4310207549907389
JVS_JVSMuSiC,wavlm_l12,12,13,jvs022,S->G,mode_dummy_only,classic,1,6,5,1,1,0.5295001718423271
JVS_JVSMuSiC,wavlm_l12,12,13,jvs027,S->G,mode_dummy_only,classic,1,7,6,1,1,0.49358760035612215
JVS_JVSMuSiC,wavlm_l12,12,13,jvs032,S->G,mode_dummy_only,classic,1,4,3,1,1,0.42730354382172003
JVS_JVSMuSiC,wavlm_l12,12,13,jvs041,S->G,mode_dummy_only,classic,1,5,4,1,1,0.4094714790182382
JVS_JVSMuSiC,wavlm_l12,12,13,jvs042,S->G,mode_dummy_only,classic,10,19,9,0,0,-0.024183289849805924
JVS_JVSMuSiC,wavlm_l12,12,13,jvs044,S->G,mode_dummy_only,classic,1,5,4,1,1,0.40769354991934825
JVS_JVSMuSiC,wavlm_l12,12,13,jvs057,S->G,mode_dummy_only,classic,2,11,9,0,1,0.5166815701263401
JVS_JVSMuSiC,wavlm_l12,12,13,jvs058,S->G,mode_dummy_only,classic,1,5,4,1,1,0.5288332227922701
JVS_JVSMuSiC,wavlm_l12,12,13,jvs061,S->G,mode_dummy_only,classic,1,17,16,1,1,0.4830104768457813
JVS_JVSMuSiC,wavlm_l12,12,13,jvs063,S->G,mode_dummy_only,classic,1,1,0,1,1,0.4435201091292368
JVS_JVSMuSiC,wavlm_l12,12,13,jvs072,S->G,mode_dummy_only,classic,1,5,4,1,1,0.509243757940925
JVS_JVSMuSiC,wavlm_l12,12,13,jvs076,S->G,mode_dummy_only,classic,1,1,0,1,1,0.36140327891881313
JVS_JVSMuSiC,wavlm_l12,12,13,jvs086,S->G,mode_dummy_only,classic,1,1,0,1,1,0.5060489832635389
JVS_JVSMuSiC,wavlm_l12,12,13,jvs095,S->G,mode_dummy_only,classic,2,5,3,0,1,0.35875093320301676
JVS_JVSMuSiC,wavlm_l12,12,13,jvs097,S->G,mode_dummy_only,classic,1,4,3,1,1,0.5033476572115835
JVS_JVSMuSiC,wavlm_l12,12,13,jvs005,G->S,mode_dummy_only,classic,1,5,4,1,1,0.4220744443627847
JVS_JVSMuSiC,wavlm_l12,12,13,jvs006,G->S,mode_dummy_only,classic,1,11,10,1,1,0.4323955307100283
JVS_JVSMuSiC,wavlm_l12,12,13,jvs010,G->S,mode_dummy_only,classic,1,1,0,1,1,0.4435579084360288
JVS_JVSMuSiC,wavlm_l12,12,13,jvs019,G->S,mode_dummy_only,classic,4,7,3,0,1,0.17280218587816756
JVS_JVSMuSiC,wavlm_l12,12,13,jvs020,G->S,mode_dummy_only,classic,1,11,10,1,1,0.47303169988026794
JVS_JVSMuSiC,wavlm_l12,12,13,jvs022,G->S,mode_dummy_only,classic,1,3,2,1,1,0.5467065649306685
JVS_JVSMuSiC,wavlm_l12,12,13,jvs027,G->S,mode_dummy_only,classic,1,1,0,1,1,0.5072599069538102
JVS_JVSMuSiC,wavlm_l12,12,13,jvs032,G->S,mode_dummy_only,classic,1,10,9,1,1,0.4702098875020553
JVS_JVSMuSiC,wavlm_l12,12,13,jvs041,G->S,mode_dummy_only,classic,1,1,0,1,1,0.39826725724998435
JVS_JVSMuSiC,wavlm_l12,12,13,jvs042,G->S,mode_dummy_only,classic,11,4,-7,0,0,-0.012455286907287604
JVS_JVSMuSiC,wavlm_l12,12,13,jvs044,G->S,mode_dummy_only,classic,1,20,19,1,1,0.3988659111358846
JVS_JVSMuSiC,wavlm_l12,12,13,jvs057,G->S,mode_dummy_only,classic,1,3,2,1,1,0.5010370747588362
JVS_JVSMuSiC,wavlm_l12,12,13,jvs058,G->S,mode_dummy_only,classic,1,3,2,1,1,0.5053696662962429
JVS_JVSMuSiC,wavlm_l12,12,13,jvs061,G->S,mode_dummy_only,classic,1,4,3,1,1,0.49105930823236765
JVS_JVSMuSiC,wavlm_l12,12,13,jvs063,G->S,mode_dummy_only,classic,1,12,11,1,1,0.43314110375049375
JVS_JVSMuSiC,wavlm_l12,12,13,jvs072,G->S,mode_dummy_only,classic,1,3,2,1,1,0.4418499116323649
JVS_JVSMuSiC,wavlm_l12,12,13,jvs076,G->S,mode_dummy_only,classic,1,13,12,1,1,0.3775686000821915
JVS_JVSMuSiC,wavlm_l12,12,13,jvs086,G->S,mode_dummy_only,classic,1,13,12,1,1,0.5322151416035144
JVS_JVSMuSiC,wavlm_l12,12,13,jvs095,G->S,mode_dummy_only,classic,4,2,-2,0,1,0.2581928906169363
JVS_JVSMuSiC,wavlm_l12,12,13,jvs097,G->S,mode_dummy_only,classic,1,9,8,1,1,0.5649944627689176
JVS_JVSMuSiC,wavlm_l12,12,13,jvs005,S->G,acoustic_full_no_mode,mean_preserving,4,16,12,0,1,0.0012723109368061314
JVS_JVSMuSiC,wavlm_l12,12,13,jvs006,S->G,acoustic_full_no_mode,mean_preserving,1,16,15,1,1,0.0030540342095476403
JVS_JVSMuSiC,wavlm_l12,12,13,jvs010,S->G,acoustic_full_no_mode,mean_preserving,20,5,-15,0,0,-0.003954898400567508
JVS_JVSMuSiC,wavlm_l12,12,13,jvs019,S->G,acoustic_full_no_mode,mean_preserving,13,4,-9,0,0,-0.000632352095051969
JVS_JVSMuSiC,wavlm_l12,12,13,jvs020,S->G,acoustic_full_no_mode,mean_preserving,2,5,3,0,1,0.0023160269286620627
JVS_JVSMuSiC,wavlm_l12,12,13,jvs022,S->G,acoustic_full_no_mode,mean_preserving,8,6,-2,0,0,0.0004881779324219515
JVS_JVSMuSiC,wavlm_l12,12,13,jvs027,S->G,acoustic_full_no_mode,mean_preserving,1,7,6,1,1,0.0036015011932289953
JVS_JVSMuSiC,wavlm_l12,12,13,jvs032,S->G,acoustic_full_no_mode,mean_preserving,2,4,2,0,1,0.003104117814313745
JVS_JVSMuSiC,wavlm_l12,12,13,jvs041,S->G,acoustic_full_no_mode,mean_preserving,10,5,-5,0,0,0.0007183864406988816
JVS_JVSMuSiC,wavlm_l12,12,13,jvs042,S->G,acoustic_full_no_mode,mean_preserving,7,19,12,0,0,0.0014838528309465415
JVS_JVSMuSiC,wavlm_l12,12,13,jvs044,S->G,acoustic_full_no_mode,mean_preserving,1,5,4,1,1,0.005368805770336493
JVS_JVSMuSiC,wavlm_l12,12,13,jvs057,S->G,acoustic_full_no_mode,mean_preserving,2,11,9,0,1,0.002447375168644794
JVS_JVSMuSiC,wavlm_l12,12,13,jvs058,S->G,acoustic_full_no_mode,mean_preserving,2,5,3,0,1,0.0021684725083430667
JVS_JVSMuSiC,wavlm_l12,12,13,jvs061,S->G,acoustic_full_no_mode,mean_preserving,7,17,10,0,0,0.00110962281415794
JVS_JVSMuSiC,wavlm_l12,12,13,jvs063,S->G,acoustic_full_no_mode,mean_preserving,6,1,-5,0,0,0.0012858661601925503
JVS_JVSMuSiC,wavlm_l12,12,13,jvs072,S->G,acoustic_full_no_mode,mean_preserving,1,5,4,1,1,0.004485600006923551
JVS_JVSMuSiC,wavlm_l12,12,13,jvs076,S->G,acoustic_full_no_mode,mean_preserving,3,1,-2,0,1,0.0021472151204020573
JVS_JVSMuSiC,wavlm_l12,12,13,jvs086,S->G,acoustic_full_no_mode,mean_preserving,1,1,0,1,1,0.0027829866416752003
JVS_JVSMuSiC,wavlm_l12,12,13,jvs095,S->G,acoustic_full_no_mode,mean_preserving,5,5,0,0,1,0.0018082502546749035
JVS_JVSMuSiC,wavlm_l12,12,13,jvs097,S->G,acoustic_full_no_mode,mean_preserving,1,4,3,1,1,0.0030689197237193655
JVS_JVSMuSiC,wavlm_l12,12,13,jvs005,G->S,acoustic_full_no_mode,mean_preserving,2,5,3,0,1,0.002018165134284766
JVS_JVSMuSiC,wavlm_l12,12,13,jvs006,G->S,acoustic_full_no_mode,mean_preserving,3,11,8,0,1,0.0011917106165196811
JVS_JVSMuSiC,wavlm_l12,12,13,jvs010,G->S,acoustic_full_no_mode,mean_preserving,1,1,0,1,1,0.0031157296650504707
JVS_JVSMuSiC,wavlm_l12,12,13,jvs019,G->S,acoustic_full_no_mode,mean_preserving,1,7,6,1,1,0.001616099570031837
JVS_JVSMuSiC,wavlm_l12,12,13,jvs020,G->S,acoustic_full_no_mode,mean_preserving,6,11,5,0,0,0.0008253861212054181
JVS_JVSMuSiC,wavlm_l12,12,13,jvs022,G->S,acoustic_full_no_mode,mean_preserving,1,3,2,1,1,0.003172510484209856
JVS_JVSMuSiC,wavlm_l12,12,13,jvs027,G->S,acoustic_full_no_mode,mean_preserving,1,1,0,1,1,0.002259474557772978
JVS_JVSMuSiC,wavlm_l12,12,13,jvs032,G->S,acoustic_full_no_mode,mean_preserving,1,10,9,1,1,0.002495806580849358
JVS_JVSMuSiC,wavlm_l12,12,13,jvs041,G->S,acoustic_full_no_mode,mean_preserving,1,1,0,1,1,0.0026022307579948167
JVS_JVSMuSiC,wavlm_l12,12,13,jvs042,G->S,acoustic_full_no_mode,mean_preserving,5,4,-1,0,1,0.0007944578109195799
JVS_JVSMuSiC,wavlm_l12,12,13,jvs044,G->S,acoustic_full_no_mode,mean_preserving,10,20,10,0,0,0.00015732678392799126
JVS_JVSMuSiC,wavlm_l12,12,13,jvs057,G->S,acoustic_full_no_mode,mean_preserving,1,3,2,1,1,0.0022223128052445418
JVS_JVSMuSiC,wavlm_l12,12,13,jvs058,G->S,acoustic_full_no_mode,mean_preserving,1,3,2,1,1,0.001543950224784485
JVS_JVSMuSiC,wavlm_l12,12,13,jvs061,G->S,acoustic_full_no_mode,mean_preserving,1,4,3,1,1,0.003974093355584962
JVS_JVSMuSiC,wavlm_l12,12,13,jvs063,G->S,acoustic_full_no_mode,mean_preserving,7,12,5,0,0,0.0008501434832315358
JVS_JVSMuSiC,wavlm_l12,12,13,jvs072,G->S,acoustic_full_no_mode,mean_preserving,1,3,2,1,1,0.001257940338222574
JVS_JVSMuSiC,wavlm_l12,12,13,jvs076,G->S,acoustic_full_no_mode,mean_preserving,2,13,11,0,1,0.0015045738584025248
JVS_JVSMuSiC,wavlm_l12,12,13,jvs086,G->S,acoustic_full_no_mode,mean_preserving,3,13,10,0,1,0.0016183334199918464
JVS_JVSMuSiC,wavlm_l12,12,13,jvs095,G->S,acoustic_full_no_mode,mean_preserving,2,2,0,0,1,0.0019012171204990658
JVS_JVSMuSiC,wavlm_l12,12,13,jvs097,G->S,acoustic_full_no_mode,mean_preserving,1,9,8,1,1,0.003002809271348661
JVS_JVSMuSiC,wavlm_l12,12,13,jvs005,S->G,acoustic_full_no_mode,classic,2,16,14,0,1,0.2167461656249102
JVS_JVSMuSiC,wavlm_l12,12,13,jvs006,S->G,acoustic_full_no_mode,classic,1,16,15,1,1,0.32773409507620577
JVS_JVSMuSiC,wavlm_l12,12,13,jvs010,S->G,acoustic_full_no_mode,classic,1,5,4,1,1,0.4044574724002763
JVS_JVSMuSiC,wavlm_l12,12,13,jvs019,S->G,acoustic_full_no_mode,classic,4,4,0,0,1,0.19179576250655006
JVS_JVSMuSiC,wavlm_l12,12,13,jvs020,S->G,acoustic_full_no_mode,classic,9,5,-4,0,0,0.07418652316199627
JVS_JVSMuSiC,wavlm_l12,12,13,jvs022,S->G,acoustic_full_no_mode,classic,1,6,5,1,1,0.34191855593941456
JVS_JVSMuSiC,wavlm_l12,12,13,jvs027,S->G,acoustic_full_no_mode,classic,1,7,6,1,1,0.36048414850500965
JVS_JVSMuSiC,wavlm_l12,12,13,jvs032,S->G,acoustic_full_no_mode,classic,1,4,3,1,1,0.5298382425537753
JVS_JVSMuSiC,wavlm_l12,12,13,jvs041,S->G,acoustic_full_no_mode,classic,1,5,4,1,1,0.23458488294381363
JVS_JVSMuSiC,wavlm_l12,12,13,jvs042,S->G,acoustic_full_no_mode,classic,3,19,16,0,1,0.15640316527103548
JVS_JVSMuSiC,wavlm_l12,12,13,jvs044,S->G,acoustic_full_no_mode,classic,1,5,4,1,1,0.4831231809417017
JVS_JVSMuSiC,wavlm_l12,12,13,jvs057,S->G,acoustic_full_no_mode,classic,2,11,9,0,1,0.357067668346421
JVS_JVSMuSiC,wavlm_l12,12,13,jvs058,S->G,acoustic_full_no_mode,classic,1,5,4,1,1,0.2833015349559852
JVS_JVSMuSiC,wavlm_l12,12,13,jvs061,S->G,acoustic_full_no_mode,classic,1,17,16,1,1,0.41825893575700324
JVS_JVSMuSiC,wavlm_l12,12,13,jvs063,S->G,acoustic_full_no_mode,classic,5,1,-4,0,1,0.1862479061109743
JVS_JVSMuSiC,wavlm_l12,12,13,jvs072,S->G,acoustic_full_no_mode,classic,1,5,4,1,1,0.429559870445692
JVS_JVSMuSiC,wavlm_l12,12,13,jvs076,S->G,acoustic_full_no_mode,classic,3,1,-2,0,1,0.30077493248472814
JVS_JVSMuSiC,wavlm_l12,12,13,jvs086,S->G,acoustic_full_no_mode,classic,1,1,0,1,1,0.28850559702765005
JVS_JVSMuSiC,wavlm_l12,12,13,jvs095,S->G,acoustic_full_no_mode,classic,1,5,4,1,1,0.4245442901657986
JVS_JVSMuSiC,wavlm_l12,12,13,jvs097,S->G,acoustic_full_no_mode,classic,1,4,3,1,1,0.4693097035831961
JVS_JVSMuSiC,wavlm_l12,12,13,jvs005,G->S,acoustic_full_no_mode,classic,1,5,4,1,1,0.37048645619721
JVS_JVSMuSiC,wavlm_l12,12,13,jvs006,G->S,acoustic_full_no_mode,classic,1,11,10,1,1,0.32227705326878614
JVS_JVSMuSiC,wavlm_l12,12,13,jvs010,G->S,acoustic_full_no_mode,classic,1,1,0,1,1,0.33477468557368434
JVS_JVSMuSiC,wavlm_l12,12,13,jvs019,G->S,acoustic_full_no_mode,classic,3,7,4,0,1,0.1414506333201071
JVS_JVSMuSiC,wavlm_l12,12,13,jvs020,G->S,acoustic_full_no_mode,classic,4,11,7,0,1,0.1352533088019905
JVS_JVSMuSiC,wavlm_l12,12,13,jvs022,G->S,acoustic_full_no_mode,classic,1,3,2,1,1,0.4293146863687285
JVS_JVSMuSiC,wavlm_l12,12,13,jvs027,G->S,acoustic_full_no_mode,classic,1,1,0,1,1,0.4630489372223206
JVS_JVSMuSiC,wavlm_l12,12,13,jvs032,G->S,acoustic_full_no_mode,classic,1,10,9,1,1,0.41593403931938155
JVS_JVSMuSiC,wavlm_l12,12,13,jvs041,G->S,acoustic_full_no_mode,classic,1,1,0,1,1,0.3683468785825381
JVS_JVSMuSiC,wavlm_l12,12,13,jvs042,G->S,acoustic_full_no_mode,classic,2,4,2,0,1,0.18775177738439686
JVS_JVSMuSiC,wavlm_l12,12,13,jvs044,G->S,acoustic_full_no_mode,classic,1,20,19,1,1,0.35463286150719153
JVS_JVSMuSiC,wavlm_l12,12,13,jvs057,G->S,acoustic_full_no_mode,classic,1,3,2,1,1,0.361624567535615
JVS_JVSMuSiC,wavlm_l12,12,13,jvs058,G->S,acoustic_full_no_mode,classic,1,3,2,1,1,0.29716173440354954
JVS_JVSMuSiC,wavlm_l12,12,13,jvs061,G->S,acoustic_full_no_mode,classic,1,4,3,1,1,0.5746004998966521
JVS_JVSMuSiC,wavlm_l12,12,13,jvs063,G->S,acoustic_full_no_mode,classic,5,12,7,0,1,0.10964988666481831
JVS_JVSMuSiC,wavlm_l12,12,13,jvs072,G->S,acoustic_full_no_mode,classic,1,3,2,1,1,0.3471132498189341
JVS_JVSMuSiC,wavlm_l12,12,13,jvs076,G->S,acoustic_full_no_mode,classic,2,13,11,0,1,0.21510220399946567
JVS_JVSMuSiC,wavlm_l12,12,13,jvs086,G->S,acoustic_full_no_mode,classic,1,13,12,1,1,0.2911373573450802
JVS_JVSMuSiC,wavlm_l12,12,13,jvs095,G->S,acoustic_full_no_mode,classic,5,2,-3,0,1,0.2536088866546423
JVS_JVSMuSiC,wavlm_l12,12,13,jvs097,G->S,acoustic_full_no_mode,classic,1,9,8,1,1,0.505572929937045
JVS_JVSMuSiC,wavlm_l12,12,13,jvs005,S->G,acoustic_full_plus_mode,mean_preserving,3,16,13,0,1,0.00176279515158706
JVS_JVSMuSiC,wavlm_l12,12,13,jvs006,S->G,acoustic_full_plus_mode,mean_preserving,1,16,15,1,1,0.0028817521657436007
JVS_JVSMuSiC,wavlm_l12,12,13,jvs010,S->G,acoustic_full_plus_mode,mean_preserving,20,5,-15,0,0,-0.004300211896400508
JVS_JVSMuSiC,wavlm_l12,12,13,jvs019,S->G,acoustic_full_plus_mode,mean_preserving,16,4,-12,0,0,-0.0009690394874423136
JVS_JVSMuSiC,wavlm_l12,12,13,jvs020,S->G,acoustic_full_plus_mode,mean_preserving,1,5,4,1,1,0.0027278077597479022
JVS_JVSMuSiC,wavlm_l12,12,13,jvs022,S->G,acoustic_full_plus_mode,mean_preserving,4,6,2,0,1,0.0018476879941720092
JVS_JVSMuSiC,wavlm_l12,12,13,jvs027,S->G,acoustic_full_plus_mode,mean_preserving,1,7,6,1,1,0.0033087780123598476
JVS_JVSMuSiC,wavlm_l12,12,13,jvs032,S->G,acoustic_full_plus_mode,mean_preserving,2,4,2,0,1,0.0024451156324336587
JVS_JVSMuSiC,wavlm_l12,12,13,jvs041,S->G,acoustic_full_plus_mode,mean_preserving,3,5,2,0,1,0.0024164062000157083
JVS_JVSMuSiC,wavlm_l12,12,13,jvs042,S->G,acoustic_full_plus_mode,mean_preserving,6,19,13,0,0,0.001594777515178114
JVS_JVSMuSiC,wavlm_l12,12,13,jvs044,S->G,acoustic_full_plus_mode,mean_preserving,1,5,4,1,1,0.004984741942951287
JVS_JVSMuSiC,wavlm_l12,12,13,jvs057,S->G,acoustic_full_plus_mode,mean_preserving,4,11,7,0,1,0.00209335707894609
JVS_JVSMuSiC,wavlm_l12,12,13,jvs058,S->G,acoustic_full_plus_mode,mean_preserving,2,5,3,0,1,0.0022665821998635316
JVS_JVSMuSiC,wavlm_l12,12,13,jvs061,S->G,acoustic_full_plus_mode,mean_preserving,2,17,15,0,1,0.0027844938103076533
JVS_JVSMuSiC,wavlm_l12,12,13,jvs063,S->G,acoustic_full_plus_mode,mean_preserving,2,1,-1,0,1,0.002347084462216653
JVS_JVSMuSiC,wavlm_l12,12,13,jvs072,S->G,acoustic_full_plus_mode,mean_preserving,1,5,4,1,1,0.004030647794049824
JVS_JVSMuSiC,wavlm_l12,12,13,jvs076,S->G,acoustic_full_plus_mode,mean_preserving,4,1,-3,0,1,0.0021052547269883037
JVS_JVSMuSiC,wavlm_l12,12,13,jvs086,S->G,acoustic_full_plus_mode,mean_preserving,3,1,-2,0,1,0.002083564662480053
JVS_JVSMuSiC,wavlm_l12,12,13,jvs095,S->G,acoustic_full_plus_mode,mean_preserving,7,5,-2,0,0,0.0008139628103692731
JVS_JVSMuSiC,wavlm_l12,12,13,jvs097,S->G,acoustic_full_plus_mode,mean_preserving,1,4,3,1,1,0.003988417738994832
JVS_JVSMuSiC,wavlm_l12,12,13,jvs005,G->S,acoustic_full_plus_mode,mean_preserving,3,5,2,0,1,0.0014631402915502578
JVS_JVSMuSiC,wavlm_l12,12,13,jvs006,G->S,acoustic_full_plus_mode,mean_preserving,2,11,9,0,1,0.0016178284543896249
JVS_JVSMuSiC,wavlm_l12,12,13,jvs010,G->S,acoustic_full_plus_mode,mean_preserving,1,1,0,1,1,0.003581450799262642
JVS_JVSMuSiC,wavlm_l12,12,13,jvs019,G->S,acoustic_full_plus_mode,mean_preserving,3,7,4,0,1,0.001789271589320407
JVS_JVSMuSiC,wavlm_l12,12,13,jvs020,G->S,acoustic_full_plus_mode,mean_preserving,7,11,4,0,0,0.0006313283954287874
JVS_JVSMuSiC,wavlm_l12,12,13,jvs022,G->S,acoustic_full_plus_mode,mean_preserving,1,3,2,1,1,0.0026848804124800507
JVS_JVSMuSiC,wavlm_l12,12,13,jvs027,G->S,acoustic_full_plus_mode,mean_preserving,3,1,-2,0,1,0.0017194826438151622
JVS_JVSMuSiC,wavlm_l12,12,13,jvs032,G->S,acoustic_full_plus_mode,mean_preserving,1,10,9,1,1,0.0033992042620930585
JVS_JVSMuSiC,wavlm_l12,12,13,jvs041,G->S,acoustic_full_plus_mode,mean_preserving,1,1,0,1,1,0.00224498695513764
JVS_JVSMuSiC,wavlm_l12,12,13,jvs042,G->S,acoustic_full_plus_mode,mean_preserving,3,4,1,0,1,0.0014188357614153269
JVS_JVSMuSiC,wavlm_l12,12,13,jvs044,G->S,acoustic_full_plus_mode,mean_preserving,5,20,15,0,1,0.0006596015566363578
JVS_JVSMuSiC,wavlm_l12,12,13,jvs057,G->S,acoustic_full_plus_mode,mean_preserving,1,3,2,1,1,0.00212856634065417
JVS_JVSMuSiC,wavlm_l12,12,13,jvs058,G->S,acoustic_full_plus_mode,mean_preserving,1,3,2,1,1,0.0013047596512024695
JVS_JVSMuSiC,wavlm_l12,12,13,jvs061,G->S,acoustic_full_plus_mode,mean_preserving,1,4,3,1,1,0.0031386735288129186
JVS_JVSMuSiC,wavlm_l12,12,13,jvs063,G->S,acoustic_full_plus_mode,mean_preserving,1,12,11,1,1,0.00250848152996197
JVS_JVSMuSiC,wavlm_l12,12,13,jvs072,G->S,acoustic_full_plus_mode,mean_preserving,1,3,2,1,1,0.0018044222787724218
JVS_JVSMuSiC,wavlm_l12,12,13,jvs076,G->S,acoustic_full_plus_mode,mean_preserving,1,13,12,1,1,0.002417527652068152
JVS_JVSMuSiC,wavlm_l12,12,13,jvs086,G->S,acoustic_full_plus_mode,mean_preserving,2,13,11,0,1,0.0017838780468273363
JVS_JVSMuSiC,wavlm_l12,12,13,jvs095,G->S,acoustic_full_plus_mode,mean_preserving,4,2,-2,0,1,0.0020645824289347026
JVS_JVSMuSiC,wavlm_l12,12,13,jvs097,G->S,acoustic_full_plus_mode,mean_preserving,1,9,8,1,1,0.002853073695798458
JVS_JVSMuSiC,wavlm_l12,12,13,jvs005,S->G,acoustic_full_plus_mode,classic,3,16,13,0,1,0.2051253072525928
JVS_JVSMuSiC,wavlm_l12,12,13,jvs006,S->G,acoustic_full_plus_mode,classic,1,16,15,1,1,0.35332462290097216
JVS_JVSMuSiC,wavlm_l12,12,13,jvs010,S->G,acoustic_full_plus_mode,classic,1,5,4,1,1,0.40410754063632753
JVS_JVSMuSiC,wavlm_l12,12,13,jvs019,S->G,acoustic_full_plus_mode,classic,2,4,2,0,1,0.211798682593922
JVS_JVSMuSiC,wavlm_l12,12,13,jvs020,S->G,acoustic_full_plus_mode,classic,5,5,0,0,1,0.09308816686342343
JVS_JVSMuSiC,wavlm_l12,12,13,jvs022,S->G,acoustic_full_plus_mode,classic,1,6,5,1,1,0.37547908204876196
JVS_JVSMuSiC,wavlm_l12,12,13,jvs027,S->G,acoustic_full_plus_mode,classic,1,7,6,1,1,0.3069895241831776
JVS_JVSMuSiC,wavlm_l12,12,13,jvs032,S->G,acoustic_full_plus_mode,classic,1,4,3,1,1,0.5100255412482722
JVS_JVSMuSiC,wavlm_l12,12,13,jvs041,S->G,acoustic_full_plus_mode,classic,1,5,4,1,1,0.36052045757114065
JVS_JVSMuSiC,wavlm_l12,12,13,jvs042,S->G,acoustic_full_plus_mode,classic,1,19,18,1,1,0.27289782833217974
JVS_JVSMuSiC,wavlm_l12,12,13,jvs044,S->G,acoustic_full_plus_mode,classic,1,5,4,1,1,0.47355496301685845
JVS_JVSMuSiC,wavlm_l12,12,13,jvs057,S->G,acoustic_full_plus_mode,classic,2,11,9,0,1,0.30173264234299874
JVS_JVSMuSiC,wavlm_l12,12,13,jvs058,S->G,acoustic_full_plus_mode,classic,2,5,3,0,1,0.288559772439464
JVS_JVSMuSiC,wavlm_l12,12,13,jvs061,S->G,acoustic_full_plus_mode,classic,1,17,16,1,1,0.45516222071749934
JVS_JVSMuSiC,wavlm_l12,12,13,jvs063,S->G,acoustic_full_plus_mode,classic,1,1,0,1,1,0.40371406618006733
JVS_JVSMuSiC,wavlm_l12,12,13,jvs072,S->G,acoustic_full_plus_mode,classic,1,5,4,1,1,0.4049713656011672
JVS_JVSMuSiC,wavlm_l12,12,13,jvs076,S->G,acoustic_full_plus_mode,classic,2,1,-1,0,1,0.4193120719457361
JVS_JVSMuSiC,wavlm_l12,12,13,jvs086,S->G,acoustic_full_plus_mode,classic,1,1,0,1,1,0.3084988195857841
JVS_JVSMuSiC,wavlm_l12,12,13,jvs095,S->G,acoustic_full_plus_mode,classic,2,5,3,0,1,0.379185203896071
JVS_JVSMuSiC,wavlm_l12,12,13,jvs097,S->G,acoustic_full_plus_mode,classic,1,4,3,1,1,0.5383163373036126
JVS_JVSMuSiC,wavlm_l12,12,13,jvs005,G->S,acoustic_full_plus_mode,classic,1,5,4,1,1,0.30745281413135434
JVS_JVSMuSiC,wavlm_l12,12,13,jvs006,G->S,acoustic_full_plus_mode,classic,1,11,10,1,1,0.37204762393375834
JVS_JVSMuSiC,wavlm_l12,12,13,jvs010,G->S,acoustic_full_plus_mode,classic,1,1,0,1,1,0.38614438393518624
JVS_JVSMuSiC,wavlm_l12,12,13,jvs019,G->S,acoustic_full_plus_mode,classic,4,7,3,0,1,0.18332401862599915
JVS_JVSMuSiC,wavlm_l12,12,13,jvs020,G->S,acoustic_full_plus_mode,classic,5,11,6,0,1,0.10967603602996649
JVS_JVSMuSiC,wavlm_l12,12,13,jvs022,G->S,acoustic_full_plus_mode,classic,1,3,2,1,1,0.408034513017597
JVS_JVSMuSiC,wavlm_l12,12,13,jvs027,G->S,acoustic_full_plus_mode,classic,3,1,-2,0,1,0.33015484249732535
JVS_JVSMuSiC,wavlm_l12,12,13,jvs032,G->S,acoustic_full_plus_mode,classic,1,10,9,1,1,0.49644367609941975
JVS_JVSMuSiC,wavlm_l12,12,13,jvs041,G->S,acoustic_full_plus_mode,classic,1,1,0,1,1,0.3719355120511078
JVS_JVSMuSiC,wavlm_l12,12,13,jvs042,G->S,acoustic_full_plus_mode,classic,3,4,1,0,1,0.28045159623917426
JVS_JVSMuSiC,wavlm_l12,12,13,jvs044,G->S,acoustic_full_plus_mode,classic,1,20,19,1,1,0.4022619636820229
JVS_JVSMuSiC,wavlm_l12,12,13,jvs057,G->S,acoustic_full_plus_mode,classic,1,3,2,1,1,0.3413426121489912
JVS_JVSMuSiC,wavlm_l12,12,13,jvs058,G->S,acoustic_full_plus_mode,classic,1,3,2,1,1,0.26219168339895105
JVS_JVSMuSiC,wavlm_l12,12,13,jvs061,G->S,acoustic_full_plus_mode,classic,1,4,3,1,1,0.5135363192337333
JVS_JVSMuSiC,wavlm_l12,12,13,jvs063,G->S,acoustic_full_plus_mode,classic,1,12,11,1,1,0.4041165125002256
JVS_JVSMuSiC,wavlm_l12,12,13,jvs072,G->S,acoustic_full_plus_mode,classic,1,3,2,1,1,0.4141224268813037
JVS_JVSMuSiC,wavlm_l12,12,13,jvs076,G->S,acoustic_full_plus_mode,classic,1,13,12,1,1,0.37502715156037614
JVS_JVSMuSiC,wavlm_l12,12,13,jvs086,G->S,acoustic_full_plus_mode,classic,2,13,11,0,1,0.29137413713461346
JVS_JVSMuSiC,wavlm_l12,12,13,jvs095,G->S,acoustic_full_plus_mode,classic,4,2,-2,0,1,0.27235749783262714
JVS_JVSMuSiC,wavlm_l12,12,13,jvs097,G->S,acoustic_full_plus_mode,classic,1,9,8,1,1,0.5443688957262958
JVS_JVSMuSiC,wavlm_l12,12,13,jvs005,S->G,single_group_f0,mean_preserving,17,16,-1,0,0,-0.004881682827016953
JVS_JVSMuSiC,wavlm_l12,12,13,jvs006,S->G,single_group_f0,mean_preserving,19,16,-3,0,0,-0.008283358934848217
JVS_JVSMuSiC,wavlm_l12,12,13,jvs010,S->G,single_group_f0,mean_preserving,5,5,0,0,1,0.0034921650181530817
JVS_JVSMuSiC,wavlm_l12,12,13,jvs019,S->G,single_group_f0,mean_preserving,4,4,0,0,1,0.004962076108113833
JVS_JVSMuSiC,wavlm_l12,12,13,jvs020,S->G,single_group_f0,mean_preserving,7,5,-2,0,0,0.001208521654795569
JVS_JVSMuSiC,wavlm_l12,12,13,jvs022,S->G,single_group_f0,mean_preserving,12,6,-6,0,0,0.00021396768043902004
JVS_JVSMuSiC,wavlm_l12,12,13,jvs027,S->G,single_group_f0,mean_preserving,6,7,1,0,0,0.0025407897478466612
JVS_JVSMuSiC,wavlm_l12,12,13,jvs032,S->G,single_group_f0,mean_preserving,4,4,0,0,1,0.005093076918638695
JVS_JVSMuSiC,wavlm_l12,12,13,jvs041,S->G,single_group_f0,mean_preserving,5,5,0,0,1,0.0027976474325653866
JVS_JVSMuSiC,wavlm_l12,12,13,jvs042,S->G,single_group_f0,mean_preserving,20,19,-1,0,0,-0.0074338257895527615
JVS_JVSMuSiC,wavlm_l12,12,13,jvs044,S->G,single_group_f0,mean_preserving,11,5,-6,0,0,0.0008026744222916493
JVS_JVSMuSiC,wavlm_l12,12,13,jvs057,S->G,single_group_f0,mean_preserving,12,11,-1,0,0,-7.038810061366085e-06
JVS_JVSMuSiC,wavlm_l12,12,13,jvs058,S->G,single_group_f0,mean_preserving,5,5,0,0,1,0.0023612904717631444
JVS_JVSMuSiC,wavlm_l12,12,13,jvs061,S->G,single_group_f0,mean_preserving,17,17,0,0,0,-0.002563557229267266
JVS_JVSMuSiC,wavlm_l12,12,13,jvs063,S->G,single_group_f0,mean_preserving,1,1,0,1,1,0.009319676022164436
JVS_JVSMuSiC,wavlm_l12,12,13,jvs072,S->G,single_group_f0,mean_preserving,5,5,0,0,1,0.0036783413636879425
JVS_JVSMuSiC,wavlm_l12,12,13,jvs076,S->G,single_group_f0,mean_preserving,1,1,0,1,1,0.009375745638738331
JVS_JVSMuSiC,wavlm_l12,12,13,jvs086,S->G,single_group_f0,mean_preserving,1,1,0,1,1,0.010022091008012324
JVS_JVSMuSiC,wavlm_l12,12,13,jvs095,S->G,single_group_f0,mean_preserving,4,5,1,0,1,0.0027161250645577617
JVS_JVSMuSiC,wavlm_l12,12,13,jvs097,S->G,single_group_f0,mean_preserving,4,4,0,0,1,0.0037217536767480963
JVS_JVSMuSiC,wavlm_l12,12,13,jvs005,G->S,single_group_f0,mean_preserving,5,5,0,0,1,0.003223604114449774
JVS_JVSMuSiC,wavlm_l12,12,13,jvs006,G->S,single_group_f0,mean_preserving,8,11,3,0,0,0.0017312782027003593
JVS_JVSMuSiC,wavlm_l12,12,13,jvs010,G->S,single_group_f0,mean_preserving,5,1,-4,0,1,0.0026241062133091075
JVS_JVSMuSiC,wavlm_l12,12,13,jvs019,G->S,single_group_f0,mean_preserving,9,7,-2,0,0,0.001467086272256446
JVS_JVSMuSiC,wavlm_l12,12,13,jvs020,G->S,single_group_f0,mean_preserving,14,11,-3,0,0,-0.00040580150488267464
JVS_JVSMuSiC,wavlm_l12,12,13,jvs022,G->S,single_group_f0,mean_preserving,5,3,-2,0,1,0.0023943925690815826
JVS_JVSMuSiC,wavlm_l12,12,13,jvs027,G->S,single_group_f0,mean_preserving,1,1,0,1,1,0.006787398951787149
JVS_JVSMuSiC,wavlm_l12,12,13,jvs032,G->S,single_group_f0,mean_preserving,9,10,1,0,0,-0.00019654517603562294
JVS_JVSMuSiC,wavlm_l12,12,13,jvs041,G->S,single_group_f0,mean_preserving,1,1,0,1,1,0.00667686354011976
JVS_JVSMuSiC,wavlm_l12,12,13,jvs042,G->S,single_group_f0,mean_preserving,3,4,1,0,1,0.005580532775666502
JVS_JVSMuSiC,wavlm_l12,12,13,jvs044,G->S,single_group_f0,mean_preserving,19,20,1,0,0,-0.0047880252092658004
JVS_JVSMuSiC,wavlm_l12,12,13,jvs057,G->S,single_group_f0,mean_preserving,5,3,-2,0,1,0.0029587011154691423
JVS_JVSMuSiC,wavlm_l12,12,13,jvs058,G->S,single_group_f0,mean_preserving,5,3,-2,0,1,0.0024250566032848475
JVS_JVSMuSiC,wavlm_l12,12,13,jvs061,G->S,single_group_f0,mean_preserving,5,4,-1,0,1,0.003068969091321261
JVS_JVSMuSiC,wavlm_l12,12,13,jvs063,G->S,single_group_f0,mean_preserving,16,12,-4,0,0,-0.0018834899008436379
JVS_JVSMuSiC,wavlm_l12,12,13,jvs072,G->S,single_group_f0,mean_preserving,5,3,-2,0,1,0.0030626168959687616
JVS_JVSMuSiC,wavlm_l12,12,13,jvs076,G->S,single_group_f0,mean_preserving,10,13,3,0,0,-0.0002606595990418681
JVS_JVSMuSiC,wavlm_l12,12,13,jvs086,G->S,single_group_f0,mean_preserving,15,13,-2,0,0,-0.0016983012807809672
JVS_JVSMuSiC,wavlm_l12,12,13,jvs095,G->S,single_group_f0,mean_preserving,3,2,-1,0,1,0.005187077310686017
JVS_JVSMuSiC,wavlm_l12,12,13,jvs097,G->S,single_group_f0,mean_preserving,6,9,3,0,0,0.0011816176525201172
JVS_JVSMuSiC,wavlm_l12,12,13,jvs005,S->G,single_group_energy,mean_preserving,13,16,3,0,0,-0.0009122855239891425
JVS_JVSMuSiC,wavlm_l12,12,13,jvs006,S->G,single_group_energy,mean_preserving,1,16,15,1,1,0.0075944855012918255
JVS_JVSMuSiC,wavlm_l12,12,13,jvs010,S->G,single_group_energy,mean_preserving,13,5,-8,0,0,-0.001712707455278073
JVS_JVSMuSiC,wavlm_l12,12,13,jvs019,S->G,single_group_energy,mean_preserving,10,4,-6,0,0,0.002216426646256986
JVS_JVSMuSiC,wavlm_l12,12,13,jvs020,S->G,single_group_energy,mean_preserving,1,5,4,1,1,0.005841114669392966
JVS_JVSMuSiC,wavlm_l12,12,13,jvs022,S->G,single_group_energy,mean_preserving,14,6,-8,0,0,-0.0011967574744988774
JVS_JVSMuSiC,wavlm_l12,12,13,jvs027,S->G,single_group_energy,mean_preserving,1,7,6,1,1,0.006697675823625127
JVS_JVSMuSiC,wavlm_l12,12,13,jvs032,S->G,single_group_energy,mean_preserving,6,4,-2,0,0,0.0040208168051628634
JVS_JVSMuSiC,wavlm_l12,12,13,jvs041,S->G,single_group_energy,mean_preserving,17,5,-12,0,0,-0.0029045979221332674
JVS_JVSMuSiC,wavlm_l12,12,13,jvs042,S->G,single_group_energy,mean_preserving,14,19,5,0,0,-0.002277178591701734
JVS_JVSMuSiC,wavlm_l12,12,13,jvs044,S->G,single_group_energy,mean_preserving,1,5,4,1,1,0.005765869402235113
JVS_JVSMuSiC,wavlm_l12,12,13,jvs057,S->G,single_group_energy,mean_preserving,7,11,4,0,0,0.0023663081538675135
JVS_JVSMuSiC,wavlm_l12,12,13,jvs058,S->G,single_group_energy,mean_preserving,1,5,4,1,1,0.0072637193488340746
JVS_JVSMuSiC,wavlm_l12,12,13,jvs061,S->G,single_group_energy,mean_preserving,14,17,3,0,0,-0.0004204307601004542
JVS_JVSMuSiC,wavlm_l12,12,13,jvs063,S->G,single_group_energy,mean_preserving,4,1,-3,0,1,0.005066129799042196
JVS_JVSMuSiC,wavlm_l12,12,13,jvs072,S->G,single_group_energy,mean_preserving,1,5,4,1,1,0.005411823123253057
JVS_JVSMuSiC,wavlm_l12,12,13,jvs076,S->G,single_group_energy,mean_preserving,2,1,-1,0,1,0.004183702844583026
JVS_JVSMuSiC,wavlm_l12,12,13,jvs086,S->G,single_group_energy,mean_preserving,3,1,-2,0,1,0.002679592961344568
JVS_JVSMuSiC,wavlm_l12,12,13,jvs095,S->G,single_group_energy,mean_preserving,2,5,3,0,1,0.006481085681451337
JVS_JVSMuSiC,wavlm_l12,12,13,jvs097,S->G,single_group_energy,mean_preserving,11,4,-7,0,0,0.0013883138560325525
JVS_JVSMuSiC,wavlm_l12,12,13,jvs005,G->S,single_group_energy,mean_preserving,3,5,2,0,1,0.004519886979350685
JVS_JVSMuSiC,wavlm_l12,12,13,jvs006,G->S,single_group_energy,mean_preserving,1,11,10,1,1,0.003555013477849478
JVS_JVSMuSiC,wavlm_l12,12,13,jvs010,G->S,single_group_energy,mean_preserving,1,1,0,1,1,0.004034751823326577
JVS_JVSMuSiC,wavlm_l12,12,13,jvs019,G->S,single_group_energy,mean_preserving,7,7,0,0,0,0.000988078923228164
JVS_JVSMuSiC,wavlm_l12,12,13,jvs020,G->S,single_group_energy,mean_preserving,6,11,5,0,0,0.002118724068580602
JVS_JVSMuSiC,wavlm_l12,12,13,jvs022,G->S,single_group_energy,mean_preserving,1,3,2,1,1,0.008958206293152582
JVS_JVSMuSiC,wavlm_l12,12,13,jvs027,G->S,single_group_energy,mean_preserving,3,1,-2,0,1,0.002325702988818623
JVS_JVSMuSiC,wavlm_l12,12,13,jvs032,G->S,single_group_energy,mean_preserving,9,10,1,0,0,0.0007158021798226999
JVS_JVSMuSiC,wavlm_l12,12,13,jvs041,G->S,single_group_energy,mean_preserving,2,1,-1,0,1,0.006103416896456104
JVS_JVSMuSiC,wavlm_l12,12,13,jvs042,G->S,single_group_energy,mean_preserving,15,4,-11,0,0,-0.001997168554601636
JVS_JVSMuSiC,wavlm_l12,12,13,jvs044,G->S,single_group_energy,mean_preserving,5,20,15,0,1,0.0018975711876797474
JVS_JVSMuSiC,wavlm_l12,12,13,jvs057,G->S,single_group_energy,mean_preserving,2,3,1,0,1,0.0035695499237570205
JVS_JVSMuSiC,wavlm_l12,12,13,jvs058,G->S,single_group_energy,mean_preserving,1,3,2,1,1,0.002458711718455575
JVS_JVSMuSiC,wavlm_l12,12,13,jvs061,G->S,single_group_energy,mean_preserving,3,4,1,0,1,0.003661288872613855
JVS_JVSMuSiC,wavlm_l12,12,13,jvs063,G->S,single_group_energy,mean_preserving,16,12,-4,0,0,-0.0011857842152938058
JVS_JVSMuSiC,wavlm_l12,12,13,jvs072,G->S,single_group_energy,mean_preserving,4,3,-1,0,1,0.0011878826956830402
JVS_JVSMuSiC,wavlm_l12,12,13,jvs076,G->S,single_group_energy,mean_preserving,4,13,9,0,1,0.002093942557502837
JVS_JVSMuSiC,wavlm_l12,12,13,jvs086,G->S,single_group_energy,mean_preserving,1,13,12,1,1,0.007411171329977484
JVS_JVSMuSiC,wavlm_l12,12,13,jvs095,G->S,single_group_energy,mean_preserving,8,2,-6,0,0,0.0007374362603191909
JVS_JVSMuSiC,wavlm_l12,12,13,jvs097,G->S,single_group_energy,mean_preserving,2,9,7,0,1,0.0043989214819925015
JVS_JVSMuSiC,wavlm_l12,12,13,jvs005,S->G,single_group_duration,mean_preserving,1,16,15,1,1,0.002579167588060649
JVS_JVSMuSiC,wavlm_l12,12,13,jvs006,S->G,single_group_duration,mean_preserving,4,16,12,0,1,0.002263938257206388
JVS_JVSMuSiC,wavlm_l12,12,13,jvs010,S->G,single_group_duration,mean_preserving,15,5,-10,0,0,-0.001813938396656778
JVS_JVSMuSiC,wavlm_l12,12,13,jvs019,S->G,single_group_duration,mean_preserving,13,4,-9,0,0,-0.00011769563415298112
JVS_JVSMuSiC,wavlm_l12,12,13,jvs020,S->G,single_group_duration,mean_preserving,2,5,3,0,1,0.0023253829434383144
JVS_JVSMuSiC,wavlm_l12,12,13,jvs022,S->G,single_group_duration,mean_preserving,3,6,3,0,1,0.003496347981005843
JVS_JVSMuSiC,wavlm_l12,12,13,jvs027,S->G,single_group_duration,mean_preserving,1,7,6,1,1,0.0037593879540769315
JVS_JVSMuSiC,wavlm_l12,12,13,jvs032,S->G,single_group_duration,mean_preserving,2,4,2,0,1,0.0027109135195145795
JVS_JVSMuSiC,wavlm_l12,12,13,jvs041,S->G,single_group_duration,mean_preserving,1,5,4,1,1,0.0027021550279521245
JVS_JVSMuSiC,wavlm_l12,12,13,jvs042,S->G,single_group_duration,mean_preserving,5,19,14,0,1,0.0013228597064506298
JVS_JVSMuSiC,wavlm_l12,12,13,jvs044,S->G,single_group_duration,mean_preserving,1,5,4,1,1,0.004971423018861998
JVS_JVSMuSiC,wavlm_l12,12,13,jvs057,S->G,single_group_duration,mean_preserving,1,11,10,1,1,0.0033471207641512235
JVS_JVSMuSiC,wavlm_l12,12,13,jvs058,S->G,single_group_duration,mean_preserving,2,5,3,0,1,0.0027788773549359824
JVS_JVSMuSiC,wavlm_l12,12,13,jvs061,S->G,single_group_duration,mean_preserving,3,17,14,0,1,0.0023752762931936733
JVS_JVSMuSiC,wavlm_l12,12,13,jvs063,S->G,single_group_duration,mean_preserving,3,1,-2,0,1,0.00229484035060723
JVS_JVSMuSiC,wavlm_l12,12,13,jvs072,S->G,single_group_duration,mean_preserving,1,5,4,1,1,0.005205896679542077
JVS_JVSMuSiC,wavlm_l12,12,13,jvs076,S->G,single_group_duration,mean_preserving,3,1,-2,0,1,0.002942551955148476
JVS_JVSMuSiC,wavlm_l12,12,13,jvs086,S->G,single_group_duration,mean_preserving,1,1,0,1,1,0.0055427420968005015
JVS_JVSMuSiC,wavlm_l12,12,13,jvs095,S->G,single_group_duration,mean_preserving,3,5,2,0,1,0.00218600697706417
JVS_JVSMuSiC,wavlm_l12,12,13,jvs097,S->G,single_group_duration,mean_preserving,1,4,3,1,1,0.004280430107374222
JVS_JVSMuSiC,wavlm_l12,12,13,jvs005,G->S,single_group_duration,mean_preserving,1,5,4,1,1,0.0031224151621492835
JVS_JVSMuSiC,wavlm_l12,12,13,jvs006,G->S,single_group_duration,mean_preserving,2,11,9,0,1,0.002021785459786818
JVS_JVSMuSiC,wavlm_l12,12,13,jvs010,G->S,single_group_duration,mean_preserving,1,1,0,1,1,0.005311121132010821
JVS_JVSMuSiC,wavlm_l12,12,13,jvs019,G->S,single_group_duration,mean_preserving,2,7,5,0,1,0.0025596887126762002
JVS_JVSMuSiC,wavlm_l12,12,13,jvs020,G->S,single_group_duration,mean_preserving,2,11,9,0,1,0.0031868208052393543
JVS_JVSMuSiC,wavlm_l12,12,13,jvs022,G->S,single_group_duration,mean_preserving,1,3,2,1,1,0.003471435233779463
JVS_JVSMuSiC,wavlm_l12,12,13,jvs027,G->S,single_group_duration,mean_preserving,1,1,0,1,1,0.004456940834698164
JVS_JVSMuSiC,wavlm_l12,12,13,jvs032,G->S,single_group_duration,mean_preserving,1,10,9,1,1,0.003129246608288727
JVS_JVSMuSiC,wavlm_l12,12,13,jvs041,G->S,single_group_duration,mean_preserving,1,1,0,1,1,0.003418785082823783
JVS_JVSMuSiC,wavlm_l12,12,13,jvs042,G->S,single_group_duration,mean_preserving,10,4,-6,0,0,0.0003141866497213819
JVS_JVSMuSiC,wavlm_l12,12,13,jvs044,G->S,single_group_duration,mean_preserving,18,20,2,0,0,-0.0014989580530061497
JVS_JVSMuSiC,wavlm_l12,12,13,jvs057,G->S,single_group_duration,mean_preserving,1,3,2,1,1,0.0034559015231934165
JVS_JVSMuSiC,wavlm_l12,12,13,jvs058,G->S,single_group_duration,mean_preserving,1,3,2,1,1,0.0043343948564017465
JVS_JVSMuSiC,wavlm_l12,12,13,jvs061,G->S,single_group_duration,mean_preserving,1,4,3,1,1,0.0037677914755078756
JVS_JVSMuSiC,wavlm_l12,12,13,jvs063,G->S,single_group_duration,mean_preserving,3,12,9,0,1,0.0022998648266433497
JVS_JVSMuSiC,wavlm_l12,12,13,jvs072,G->S,single_group_duration,mean_preserving,3,3,0,0,1,0.0018620687350604515
JVS_JVSMuSiC,wavlm_l12,12,13,jvs076,G->S,single_group_duration,mean_preserving,3,13,10,0,1,0.0017634847377455687
JVS_JVSMuSiC,wavlm_l12,12,13,jvs086,G->S,single_group_duration,mean_preserving,4,13,9,0,1,0.0015236179184794363
JVS_JVSMuSiC,wavlm_l12,12,13,jvs095,G->S,single_group_duration,mean_preserving,3,2,-1,0,1,0.0036701235905493013
JVS_JVSMuSiC,wavlm_l12,12,13,jvs097,G->S,single_group_duration,mean_preserving,1,9,8,1,1,0.0029829692528255958
JVS_JVSMuSiC,wavlm_l12,12,13,jvs005,S->G,single_group_voicing,mean_preserving,16,16,0,0,0,-0.0030118868621623607
JVS_JVSMuSiC,wavlm_l12,12,13,jvs006,S->G,single_group_voicing,mean_preserving,16,16,0,0,0,-0.003910939893954635
JVS_JVSMuSiC,wavlm_l12,12,13,jvs010,S->G,single_group_voicing,mean_preserving,5,5,0,0,1,0.003306896524726488
JVS_JVSMuSiC,wavlm_l12,12,13,jvs019,S->G,single_group_voicing,mean_preserving,4,4,0,0,1,0.004546181687800854
JVS_JVSMuSiC,wavlm_l12,12,13,jvs020,S->G,single_group_voicing,mean_preserving,5,5,0,0,1,0.003154704991426671
JVS_JVSMuSiC,wavlm_l12,12,13,jvs022,S->G,single_group_voicing,mean_preserving,6,6,0,0,0,0.0027952206940974333
JVS_JVSMuSiC,wavlm_l12,12,13,jvs027,S->G,single_group_voicing,mean_preserving,7,7,0,0,0,0.0023453143152613043
JVS_JVSMuSiC,wavlm_l12,12,13,jvs032,S->G,single_group_voicing,mean_preserving,4,4,0,0,1,0.0049489306781217435
JVS_JVSMuSiC,wavlm_l12,12,13,jvs041,S->G,single_group_voicing,mean_preserving,5,5,0,0,1,0.0032224573800003764
JVS_JVSMuSiC,wavlm_l12,12,13,jvs042,S->G,single_group_voicing,mean_preserving,19,19,0,0,0,-0.005934672828746823
JVS_JVSMuSiC,wavlm_l12,12,13,jvs044,S->G,single_group_voicing,mean_preserving,5,5,0,0,1,0.0032783349394857053
JVS_JVSMuSiC,wavlm_l12,12,13,jvs057,S->G,single_group_voicing,mean_preserving,11,11,0,0,0,-0.00014574296648672824
JVS_JVSMuSiC,wavlm_l12,12,13,jvs058,S->G,single_group_voicing,mean_preserving,5,5,0,0,1,0.002079532691035224
JVS_JVSMuSiC,wavlm_l12,12,13,jvs061,S->G,single_group_voicing,mean_preserving,17,17,0,0,0,-0.0032729769459912683
JVS_JVSMuSiC,wavlm_l12,12,13,jvs063,S->G,single_group_voicing,mean_preserving,1,1,0,1,1,0.009372184108025317
JVS_JVSMuSiC,wavlm_l12,12,13,jvs072,S->G,single_group_voicing,mean_preserving,5,5,0,0,1,0.0032458996311655053
JVS_JVSMuSiC,wavlm_l12,12,13,jvs076,S->G,single_group_voicing,mean_preserving,1,1,0,1,1,0.010586365970279066
JVS_JVSMuSiC,wavlm_l12,12,13,jvs086,S->G,single_group_voicing,mean_preserving,1,1,0,1,1,0.011166982970864603
JVS_JVSMuSiC,wavlm_l12,12,13,jvs095,S->G,single_group_voicing,mean_preserving,5,5,0,0,1,0.0029296419038918886
JVS_JVSMuSiC,wavlm_l12,12,13,jvs097,S->G,single_group_voicing,mean_preserving,4,4,0,0,1,0.004373253005135913
JVS_JVSMuSiC,wavlm_l12,12,13,jvs005,G->S,single_group_voicing,mean_preserving,5,5,0,0,1,0.0036829159136484435
JVS_JVSMuSiC,wavlm_l12,12,13,jvs006,G->S,single_group_voicing,mean_preserving,11,11,0,0,0,3.32943288454679e-05
JVS_JVSMuSiC,wavlm_l12,12,13,jvs010,G->S,single_group_voicing,mean_preserving,1,1,0,1,1,0.006099911996646945
JVS_JVSMuSiC,wavlm_l12,12,13,jvs019,G->S,single_group_voicing,mean_preserving,7,7,0,0,0,0.0028131402233125824
JVS_JVSMuSiC,wavlm_l12,12,13,jvs020,G->S,single_group_voicing,mean_preserving,11,11,0,0,0,0.0003813103494199055
JVS_JVSMuSiC,wavlm_l12,12,13,jvs022,G->S,single_group_voicing,mean_preserving,3,3,0,0,1,0.002933811412533349
JVS_JVSMuSiC,wavlm_l12,12,13,jvs027,G->S,single_group_voicing,mean_preserving,1,1,0,1,1,0.008351684330975107
JVS_JVSMuSiC,wavlm_l12,12,13,jvs032,G->S,single_group_voicing,mean_preserving,10,10,0,0,0,0.0002460645774549075
JVS_JVSMuSiC,wavlm_l12,12,13,jvs041,G->S,single_group_voicing,mean_preserving,1,1,0,1,1,0.006924026544315676
JVS_JVSMuSiC,wavlm_l12,12,13,jvs042,G->S,single_group_voicing,mean_preserving,4,4,0,0,1,0.0032236082030928648
JVS_JVSMuSiC,wavlm_l12,12,13,jvs044,G->S,single_group_voicing,mean_preserving,20,20,0,0,0,-0.005266059442915361
JVS_JVSMuSiC,wavlm_l12,12,13,jvs057,G->S,single_group_voicing,mean_preserving,3,3,0,0,1,0.005175916428860172
JVS_JVSMuSiC,wavlm_l12,12,13,jvs058,G->S,single_group_voicing,mean_preserving,3,3,0,0,1,0.0050235668267401
JVS_JVSMuSiC,wavlm_l12,12,13,jvs061,G->S,single_group_voicing,mean_preserving,4,4,0,0,1,0.005185786523895897
JVS_JVSMuSiC,wavlm_l12,12,13,jvs063,G->S,single_group_voicing,mean_preserving,12,12,0,0,0,-0.000454797618234859
JVS_JVSMuSiC,wavlm_l12,12,13,jvs072,G->S,single_group_voicing,mean_preserving,3,3,0,0,1,0.004565932097021386
JVS_JVSMuSiC,wavlm_l12,12,13,jvs076,G->S,single_group_voicing,mean_preserving,13,13,0,0,0,-0.0004678716708391706
JVS_JVSMuSiC,wavlm_l12,12,13,jvs086,G->S,single_group_voicing,mean_preserving,13,13,0,0,0,-0.0009147245789237202
JVS_JVSMuSiC,wavlm_l12,12,13,jvs095,G->S,single_group_voicing,mean_preserving,2,2,0,0,1,0.00642544756550667
JVS_JVSMuSiC,wavlm_l12,12,13,jvs097,G->S,single_group_voicing,mean_preserving,9,9,0,0,0,0.001112717982618694
JVS_JVSMuSiC,wavlm_l12,12,13,jvs005,S->G,full_minus_f0,mean_preserving,3,16,13,0,1,0.0023199677966823096
JVS_JVSMuSiC,wavlm_l12,12,13,jvs006,S->G,full_minus_f0,mean_preserving,1,16,15,1,1,0.004671124317548125
JVS_JVSMuSiC,wavlm_l12,12,13,jvs010,S->G,full_minus_f0,mean_preserving,18,5,-13,0,0,-0.002114857307864537
JVS_JVSMuSiC,wavlm_l12,12,13,jvs019,S->G,full_minus_f0,mean_preserving,12,4,-8,0,0,1.7049557714976515e-05
JVS_JVSMuSiC,wavlm_l12,12,13,jvs020,S->G,full_minus_f0,mean_preserving,1,5,4,1,1,0.0032391175325092725
JVS_JVSMuSiC,wavlm_l12,12,13,jvs022,S->G,full_minus_f0,mean_preserving,5,6,1,0,1,0.0016914134716622398
JVS_JVSMuSiC,wavlm_l12,12,13,jvs027,S->G,full_minus_f0,mean_preserving,1,7,6,1,1,0.004276086564539816
JVS_JVSMuSiC,wavlm_l12,12,13,jvs032,S->G,full_minus_f0,mean_preserving,1,4,3,1,1,0.003257599752071072
JVS_JVSMuSiC,wavlm_l12,12,13,jvs041,S->G,full_minus_f0,mean_preserving,9,5,-4,0,0,0.0008439425828642433
JVS_JVSMuSiC,wavlm_l12,12,13,jvs042,S->G,full_minus_f0,mean_preserving,6,19,13,0,0,0.0016061951546086917
JVS_JVSMuSiC,wavlm_l12,12,13,jvs044,S->G,full_minus_f0,mean_preserving,1,5,4,1,1,0.005280367795344021
JVS_JVSMuSiC,wavlm_l12,12,13,jvs057,S->G,full_minus_f0,mean_preserving,2,11,9,0,1,0.0034257083700054425
JVS_JVSMuSiC,wavlm_l12,12,13,jvs058,S->G,full_minus_f0,mean_preserving,1,5,4,1,1,0.0032045150247713705
JVS_JVSMuSiC,wavlm_l12,12,13,jvs061,S->G,full_minus_f0,mean_preserving,7,17,10,0,0,0.002009826984608165
JVS_JVSMuSiC,wavlm_l12,12,13,jvs063,S->G,full_minus_f0,mean_preserving,4,1,-3,0,1,0.002219381731671022
JVS_JVSMuSiC,wavlm_l12,12,13,jvs072,S->G,full_minus_f0,mean_preserving,1,5,4,1,1,0.00515492386152927
JVS_JVSMuSiC,wavlm_l12,12,13,jvs076,S->G,full_minus_f0,mean_preserving,2,1,-1,0,1,0.002677640014303595
JVS_JVSMuSiC,wavlm_l12,12,13,jvs086,S->G,full_minus_f0,mean_preserving,3,1,-2,0,1,0.002975999452412448
JVS_JVSMuSiC,wavlm_l12,12,13,jvs095,S->G,full_minus_f0,mean_preserving,3,5,2,0,1,0.0028573375414508995
JVS_JVSMuSiC,wavlm_l12,12,13,jvs097,S->G,full_minus_f0,mean_preserving,1,4,3,1,1,0.003391691162751731
JVS_JVSMuSiC,wavlm_l12,12,13,jvs005,G->S,full_minus_f0,mean_preserving,1,5,4,1,1,0.003321826047370302
JVS_JVSMuSiC,wavlm_l12,12,13,jvs006,G->S,full_minus_f0,mean_preserving,1,11,10,1,1,0.0032902071179773396
JVS_JVSMuSiC,wavlm_l12,12,13,jvs010,G->S,full_minus_f0,mean_preserving,1,1,0,1,1,0.004796926691488235
JVS_JVSMuSiC,wavlm_l12,12,13,jvs019,G->S,full_minus_f0,mean_preserving,2,7,5,0,1,0.001827298896858287
JVS_JVSMuSiC,wavlm_l12,12,13,jvs020,G->S,full_minus_f0,mean_preserving,2,11,9,0,1,0.0026107773687779057
JVS_JVSMuSiC,wavlm_l12,12,13,jvs022,G->S,full_minus_f0,mean_preserving,1,3,2,1,1,0.005136310940415112
JVS_JVSMuSiC,wavlm_l12,12,13,jvs027,G->S,full_minus_f0,mean_preserving,1,1,0,1,1,0.0027209284676766865
JVS_JVSMuSiC,wavlm_l12,12,13,jvs032,G->S,full_minus_f0,mean_preserving,1,10,9,1,1,0.002641441073900519
JVS_JVSMuSiC,wavlm_l12,12,13,jvs041,G->S,full_minus_f0,mean_preserving,1,1,0,1,1,0.0033828684968320033
JVS_JVSMuSiC,wavlm_l12,12,13,jvs042,G->S,full_minus_f0,mean_preserving,10,4,-6,0,0,0.0002725830198820889
JVS_JVSMuSiC,wavlm_l12,12,13,jvs044,G->S,full_minus_f0,mean_preserving,7,20,13,0,0,0.000909387391214711
JVS_JVSMuSiC,wavlm_l12,12,13,jvs057,G->S,full_minus_f0,mean_preserving,1,3,2,1,1,0.00308334353479478
JVS_JVSMuSiC,wavlm_l12,12,13,jvs058,G->S,full_minus_f0,mean_preserving,1,3,2,1,1,0.002743042289605646
JVS_JVSMuSiC,wavlm_l12,12,13,jvs061,G->S,full_minus_f0,mean_preserving,1,4,3,1,1,0.0035161851582468096
JVS_JVSMuSiC,wavlm_l12,12,13,jvs063,G->S,full_minus_f0,mean_preserving,5,12,7,0,1,0.0013812555340253496
JVS_JVSMuSiC,wavlm_l12,12,13,jvs072,G->S,full_minus_f0,mean_preserving,2,3,1,0,1,0.0012960628691844889
JVS_JVSMuSiC,wavlm_l12,12,13,jvs076,G->S,full_minus_f0,mean_preserving,3,13,10,0,1,0.001421872544468239
JVS_JVSMuSiC,wavlm_l12,12,13,jvs086,G->S,full_minus_f0,mean_preserving,2,13,11,0,1,0.0027490392597736557
JVS_JVSMuSiC,wavlm_l12,12,13,jvs095,G->S,full_minus_f0,mean_preserving,4,2,-2,0,1,0.0025476189784287007
JVS_JVSMuSiC,wavlm_l12,12,13,jvs097,G->S,full_minus_f0,mean_preserving,1,9,8,1,1,0.0033560556802628705
JVS_JVSMuSiC,wavlm_l12,12,13,jvs005,S->G,full_minus_energy,mean_preserving,3,16,13,0,1,0.001343286491769069
JVS_JVSMuSiC,wavlm_l12,12,13,jvs006,S->G,full_minus_energy,mean_preserving,16,16,0,0,0,-0.0005110342594046857
JVS_JVSMuSiC,wavlm_l12,12,13,jvs010,S->G,full_minus_energy,mean_preserving,20,5,-15,0,0,-0.003072951340602148
JVS_JVSMuSiC,wavlm_l12,12,13,jvs019,S->G,full_minus_energy,mean_preserving,16,4,-12,0,0,-0.0006616244829599216
JVS_JVSMuSiC,wavlm_l12,12,13,jvs020,S->G,full_minus_energy,mean_preserving,6,5,-1,0,0,0.0011596230913174521
JVS_JVSMuSiC,wavlm_l12,12,13,jvs022,S->G,full_minus_energy,mean_preserving,3,6,3,0,1,0.0019898037967233106
JVS_JVSMuSiC,wavlm_l12,12,13,jvs027,S->G,full_minus_energy,mean_preserving,1,7,6,1,1,0.003149188917394352
JVS_JVSMuSiC,wavlm_l12,12,13,jvs032,S->G,full_minus_energy,mean_preserving,2,4,2,0,1,0.002874494862519672
JVS_JVSMuSiC,wavlm_l12,12,13,jvs041,S->G,full_minus_energy,mean_preserving,2,5,3,0,1,0.002655337060399776
JVS_JVSMuSiC,wavlm_l12,12,13,jvs042,S->G,full_minus_energy,mean_preserving,8,19,11,0,0,0.0010078244170708128
JVS_JVSMuSiC,wavlm_l12,12,13,jvs044,S->G,full_minus_energy,mean_preserving,2,5,3,0,1,0.0036321708337706538
JVS_JVSMuSiC,wavlm_l12,12,13,jvs057,S->G,full_minus_energy,mean_preserving,1,11,10,1,1,0.0025503476102227696
JVS_JVSMuSiC,wavlm_l12,12,13,jvs058,S->G,full_minus_energy,mean_preserving,3,5,2,0,1,0.00209001688176913
JVS_JVSMuSiC,wavlm_l12,12,13,jvs061,S->G,full_minus_energy,mean_preserving,5,17,12,0,1,0.0016489583338085145
JVS_JVSMuSiC,wavlm_l12,12,13,jvs063,S->G,full_minus_energy,mean_preserving,4,1,-3,0,1,0.0013107257096632852
JVS_JVSMuSiC,wavlm_l12,12,13,jvs072,S->G,full_minus_energy,mean_preserving,1,5,4,1,1,0.004686751414374024
JVS_JVSMuSiC,wavlm_l12,12,13,jvs076,S->G,full_minus_energy,mean_preserving,4,1,-3,0,1,0.0022251994090060068
JVS_JVSMuSiC,wavlm_l12,12,13,jvs086,S->G,full_minus_energy,mean_preserving,1,1,0,1,1,0.005067262098040981
JVS_JVSMuSiC,wavlm_l12,12,13,jvs095,S->G,full_minus_energy,mean_preserving,5,5,0,0,1,0.0013129107320641875
JVS_JVSMuSiC,wavlm_l12,12,13,jvs097,S->G,full_minus_energy,mean_preserving,1,4,3,1,1,0.003977811740377812
JVS_JVSMuSiC,wavlm_l12,12,13,jvs005,G->S,full_minus_energy,mean_preserving,2,5,3,0,1,0.0019051367005515907
JVS_JVSMuSiC,wavlm_l12,12,13,jvs006,G->S,full_minus_energy,mean_preserving,8,11,3,0,0,0.0013976363175102202
JVS_JVSMuSiC,wavlm_l12,12,13,jvs010,G->S,full_minus_energy,mean_preserving,1,1,0,1,1,0.003188312283023187
JVS_JVSMuSiC,wavlm_l12,12,13,jvs019,G->S,full_minus_energy,mean_preserving,1,7,6,1,1,0.002021207535371383
JVS_JVSMuSiC,wavlm_l12,12,13,jvs020,G->S,full_minus_energy,mean_preserving,6,11,5,0,0,0.0016984056446881501
JVS_JVSMuSiC,wavlm_l12,12,13,jvs022,G->S,full_minus_energy,mean_preserving,3,3,0,0,1,0.001726673832165071
JVS_JVSMuSiC,wavlm_l12,12,13,jvs027,G->S,full_minus_energy,mean_preserving,2,1,-1,0,1,0.0036855879554741344
JVS_JVSMuSiC,wavlm_l12,12,13,jvs032,G->S,full_minus_energy,mean_preserving,1,10,9,1,1,0.0027471284844012844
JVS_JVSMuSiC,wavlm_l12,12,13,jvs041,G->S,full_minus_energy,mean_preserving,1,1,0,1,1,0.0028064963973828405
JVS_JVSMuSiC,wavlm_l12,12,13,jvs042,G->S,full_minus_energy,mean_preserving,7,4,-3,0,0,0.0009000925079184485
JVS_JVSMuSiC,wavlm_l12,12,13,jvs044,G->S,full_minus_energy,mean_preserving,19,20,1,0,0,-0.0022514535860310714
JVS_JVSMuSiC,wavlm_l12,12,13,jvs057,G->S,full_minus_energy,mean_preserving,1,3,2,1,1,0.002258119824642635
JVS_JVSMuSiC,wavlm_l12,12,13,jvs058,G->S,full_minus_energy,mean_preserving,1,3,2,1,1,0.002696374538207147
JVS_JVSMuSiC,wavlm_l12,12,13,jvs061,G->S,full_minus_energy,mean_preserving,1,4,3,1,1,0.0032021484250600585
JVS_JVSMuSiC,wavlm_l12,12,13,jvs063,G->S,full_minus_energy,mean_preserving,4,12,8,0,1,0.0015039181023236425
JVS_JVSMuSiC,wavlm_l12,12,13,jvs072,G->S,full_minus_energy,mean_preserving,2,3,1,0,1,0.0014260973182634862
JVS_JVSMuSiC,wavlm_l12,12,13,jvs076,G->S,full_minus_energy,mean_preserving,1,13,12,1,1,0.0015306541112961591
JVS_JVSMuSiC,wavlm_l12,12,13,jvs086,G->S,full_minus_energy,mean_preserving,9,13,4,0,0,0.0002458599504784331
JVS_JVSMuSiC,wavlm_l12,12,13,jvs095,G->S,full_minus_energy,mean_preserving,2,2,0,0,1,0.0030267069337365227
JVS_JVSMuSiC,wavlm_l12,12,13,jvs097,G->S,full_minus_energy,mean_preserving,1,9,8,1,1,0.002721000040861621
JVS_JVSMuSiC,wavlm_l12,12,13,jvs005,S->G,full_minus_duration,mean_preserving,13,16,3,0,0,-0.0018150493480705299
JVS_JVSMuSiC,wavlm_l12,12,13,jvs006,S->G,full_minus_duration,mean_preserving,1,16,15,1,1,0.0074717665908357045
JVS_JVSMuSiC,wavlm_l12,12,13,jvs010,S->G,full_minus_duration,mean_preserving,17,5,-12,0,0,-0.00424341009489837
JVS_JVSMuSiC,wavlm_l12,12,13,jvs019,S->G,full_minus_duration,mean_preserving,9,4,-5,0,0,0.0013306111051213376
JVS_JVSMuSiC,wavlm_l12,12,13,jvs020,S->G,full_minus_duration,mean_preserving,1,5,4,1,1,0.005159886373434119
JVS_JVSMuSiC,wavlm_l12,12,13,jvs022,S->G,full_minus_duration,mean_preserving,16,6,-10,0,0,-0.002142686474239208
JVS_JVSMuSiC,wavlm_l12,12,13,jvs027,S->G,full_minus_duration,mean_preserving,1,7,6,1,1,0.005892737293302863
JVS_JVSMuSiC,wavlm_l12,12,13,jvs032,S->G,full_minus_duration,mean_preserving,7,4,-3,0,0,0.0032984617393764237
JVS_JVSMuSiC,wavlm_l12,12,13,jvs041,S->G,full_minus_duration,mean_preserving,17,5,-12,0,0,-0.003019165233676624
JVS_JVSMuSiC,wavlm_l12,12,13,jvs042,S->G,full_minus_duration,mean_preserving,13,19,6,0,0,-0.001457882027056101
JVS_JVSMuSiC,wavlm_l12,12,13,jvs044,S->G,full_minus_duration,mean_preserving,1,5,4,1,1,0.006335370286590591
JVS_JVSMuSiC,wavlm_l12,12,13,jvs057,S->G,full_minus_duration,mean_preserving,10,11,1,0,0,0.0011067413746155275
JVS_JVSMuSiC,wavlm_l12,12,13,jvs058,S->G,full_minus_duration,mean_preserving,1,5,4,1,1,0.005664633735844582
JVS_JVSMuSiC,wavlm_l12,12,13,jvs061,S->G,full_minus_duration,mean_preserving,15,17,2,0,0,-0.0016777391214101156
JVS_JVSMuSiC,wavlm_l12,12,13,jvs063,S->G,full_minus_duration,mean_preserving,6,1,-5,0,0,0.0041459765752902555
JVS_JVSMuSiC,wavlm_l12,12,13,jvs072,S->G,full_minus_duration,mean_preserving,2,5,3,0,1,0.00449938299560082
JVS_JVSMuSiC,wavlm_l12,12,13,jvs076,S->G,full_minus_duration,mean_preserving,6,1,-5,0,0,0.0036000868759521465
JVS_JVSMuSiC,wavlm_l12,12,13,jvs086,S->G,full_minus_duration,mean_preserving,3,1,-2,0,1,0.0025378312182835483
JVS_JVSMuSiC,wavlm_l12,12,13,jvs095,S->G,full_minus_duration,mean_preserving,3,5,2,0,1,0.00556183612499439
JVS_JVSMuSiC,wavlm_l12,12,13,jvs097,S->G,full_minus_duration,mean_preserving,10,4,-6,0,0,0.0007955566200625874
JVS_JVSMuSiC,wavlm_l12,12,13,jvs005,G->S,full_minus_duration,mean_preserving,4,5,1,0,1,0.0030035263841040605
JVS_JVSMuSiC,wavlm_l12,12,13,jvs006,G->S,full_minus_duration,mean_preserving,4,11,7,0,1,0.0007898080007658903
JVS_JVSMuSiC,wavlm_l12,12,13,jvs010,G->S,full_minus_duration,mean_preserving,2,1,-1,0,1,0.0030859448386932886
JVS_JVSMuSiC,wavlm_l12,12,13,jvs019,G->S,full_minus_duration,mean_preserving,8,7,-1,0,0,0.000915236369364858
JVS_JVSMuSiC,wavlm_l12,12,13,jvs020,G->S,full_minus_duration,mean_preserving,11,11,0,0,0,0.00021046490949261365
JVS_JVSMuSiC,wavlm_l12,12,13,jvs022,G->S,full_minus_duration,mean_preserving,1,3,2,1,1,0.006307241052238899
JVS_JVSMuSiC,wavlm_l12,12,13,jvs027,G->S,full_minus_duration,mean_preserving,4,1,-3,0,1,0.0019991385590505395
JVS_JVSMuSiC,wavlm_l12,12,13,jvs032,G->S,full_minus_duration,mean_preserving,8,10,2,0,0,0.0010010704888490096
JVS_JVSMuSiC,wavlm_l12,12,13,jvs041,G->S,full_minus_duration,mean_preserving,2,1,-1,0,1,0.005568073844064436
JVS_JVSMuSiC,wavlm_l12,12,13,jvs042,G->S,full_minus_duration,mean_preserving,18,4,-14,0,0,-0.0025801285457573986
JVS_JVSMuSiC,wavlm_l12,12,13,jvs044,G->S,full_minus_duration,mean_preserving,8,20,12,0,0,0.0007670003067843378
JVS_JVSMuSiC,wavlm_l12,12,13,jvs057,G->S,full_minus_duration,mean_preserving,2,3,1,0,1,0.00296940932889711
JVS_JVSMuSiC,wavlm_l12,12,13,jvs058,G->S,full_minus_duration,mean_preserving,2,3,1,0,1,0.001526750513717423
JVS_JVSMuSiC,wavlm_l12,12,13,jvs061,G->S,full_minus_duration,mean_preserving,2,4,2,0,1,0.004999635743998865
JVS_JVSMuSiC,wavlm_l12,12,13,jvs063,G->S,full_minus_duration,mean_preserving,16,12,-4,0,0,-0.0016474858248448632
JVS_JVSMuSiC,wavlm_l12,12,13,jvs072,G->S,full_minus_duration,mean_preserving,7,3,-4,0,0,0.0014685178536344434
JVS_JVSMuSiC,wavlm_l12,12,13,jvs076,G->S,full_minus_duration,mean_preserving,4,13,9,0,1,0.0021461945590078857
JVS_JVSMuSiC,wavlm_l12,12,13,jvs086,G->S,full_minus_duration,mean_preserving,1,13,12,1,1,0.006160549760715894
JVS_JVSMuSiC,wavlm_l12,12,13,jvs095,G->S,full_minus_duration,mean_preserving,10,2,-8,0,0,2.631137825237495e-05
JVS_JVSMuSiC,wavlm_l12,12,13,jvs097,G->S,full_minus_duration,mean_preserving,2,9,7,0,1,0.004327687088924059
JVS_JVSMuSiC,wavlm_l12,12,13,jvs005,S->G,full_minus_voicing,mean_preserving,4,16,12,0,1,0.0012723109368061314
JVS_JVSMuSiC,wavlm_l12,12,13,jvs006,S->G,full_minus_voicing,mean_preserving,1,16,15,1,1,0.0030540342095474182
JVS_JVSMuSiC,wavlm_l12,12,13,jvs010,S->G,full_minus_voicing,mean_preserving,20,5,-15,0,0,-0.00395489840056773
JVS_JVSMuSiC,wavlm_l12,12,13,jvs019,S->G,full_minus_voicing,mean_preserving,13,4,-9,0,0,-0.000632352095051969
JVS_JVSMuSiC,wavlm_l12,12,13,jvs020,S->G,full_minus_voicing,mean_preserving,2,5,3,0,1,0.0023160269286621737
JVS_JVSMuSiC,wavlm_l12,12,13,jvs022,S->G,full_minus_voicing,mean_preserving,8,6,-2,0,0,0.00048817793242217355
JVS_JVSMuSiC,wavlm_l12,12,13,jvs027,S->G,full_minus_voicing,mean_preserving,1,7,6,1,1,0.0036015011932287733
JVS_JVSMuSiC,wavlm_l12,12,13,jvs032,S->G,full_minus_voicing,mean_preserving,2,4,2,0,1,0.003104117814313856
JVS_JVSMuSiC,wavlm_l12,12,13,jvs041,S->G,full_minus_voicing,mean_preserving,10,5,-5,0,0,0.0007183864406991036
JVS_JVSMuSiC,wavlm_l12,12,13,jvs042,S->G,full_minus_voicing,mean_preserving,7,19,12,0,0,0.0014838528309468746
JVS_JVSMuSiC,wavlm_l12,12,13,jvs044,S->G,full_minus_voicing,mean_preserving,1,5,4,1,1,0.005368805770336271
JVS_JVSMuSiC,wavlm_l12,12,13,jvs057,S->G,full_minus_voicing,mean_preserving,2,11,9,0,1,0.0024473751686449052
JVS_JVSMuSiC,wavlm_l12,12,13,jvs058,S->G,full_minus_voicing,mean_preserving,2,5,3,0,1,0.0021684725083432888
JVS_JVSMuSiC,wavlm_l12,12,13,jvs061,S->G,full_minus_voicing,mean_preserving,7,17,10,0,0,0.001109622814157829
JVS_JVSMuSiC,wavlm_l12,12,13,jvs063,S->G,full_minus_voicing,mean_preserving,6,1,-5,0,0,0.0012858661601929944
JVS_JVSMuSiC,wavlm_l12,12,13,jvs072,S->G,full_minus_voicing,mean_preserving,1,5,4,1,1,0.004485600006923662
JVS_JVSMuSiC,wavlm_l12,12,13,jvs076,S->G,full_minus_voicing,mean_preserving,3,1,-2,0,1,0.002147215120401502
JVS_JVSMuSiC,wavlm_l12,12,13,jvs086,S->G,full_minus_voicing,mean_preserving,1,1,0,1,1,0.0027829866416750892
JVS_JVSMuSiC,wavlm_l12,12,13,jvs095,S->G,full_minus_voicing,mean_preserving,5,5,0,0,1,0.0018082502546747925
JVS_JVSMuSiC,wavlm_l12,12,13,jvs097,S->G,full_minus_voicing,mean_preserving,1,4,3,1,1,0.0030689197237193655
JVS_JVSMuSiC,wavlm_l12,12,13,jvs005,G->S,full_minus_voicing,mean_preserving,2,5,3,0,1,0.002018165134284766
JVS_JVSMuSiC,wavlm_l12,12,13,jvs006,G->S,full_minus_voicing,mean_preserving,3,11,8,0,1,0.0011917106165195701
JVS_JVSMuSiC,wavlm_l12,12,13,jvs010,G->S,full_minus_voicing,mean_preserving,1,1,0,1,1,0.0031157296650502486
JVS_JVSMuSiC,wavlm_l12,12,13,jvs019,G->S,full_minus_voicing,mean_preserving,1,7,6,1,1,0.001616099570031837
JVS_JVSMuSiC,wavlm_l12,12,13,jvs020,G->S,full_minus_voicing,mean_preserving,6,11,5,0,0,0.0008253861212055291
JVS_JVSMuSiC,wavlm_l12,12,13,jvs022,G->S,full_minus_voicing,mean_preserving,1,3,2,1,1,0.003172510484210078
JVS_JVSMuSiC,wavlm_l12,12,13,jvs027,G->S,full_minus_voicing,mean_preserving,1,1,0,1,1,0.002259474557772978
JVS_JVSMuSiC,wavlm_l12,12,13,jvs032,G->S,full_minus_voicing,mean_preserving,1,10,9,1,1,0.002495806580849358
JVS_JVSMuSiC,wavlm_l12,12,13,jvs041,G->S,full_minus_voicing,mean_preserving,1,1,0,1,1,0.0026022307579950388
JVS_JVSMuSiC,wavlm_l12,12,13,jvs042,G->S,full_minus_voicing,mean_preserving,5,4,-1,0,1,0.000794457810919913
JVS_JVSMuSiC,wavlm_l12,12,13,jvs044,G->S,full_minus_voicing,mean_preserving,10,20,10,0,0,0.00015732678392776922
JVS_JVSMuSiC,wavlm_l12,12,13,jvs057,G->S,full_minus_voicing,mean_preserving,1,3,2,1,1,0.0022223128052443197
JVS_JVSMuSiC,wavlm_l12,12,13,jvs058,G->S,full_minus_voicing,mean_preserving,1,3,2,1,1,0.001543950224784485
JVS_JVSMuSiC,wavlm_l12,12,13,jvs061,G->S,full_minus_voicing,mean_preserving,1,4,3,1,1,0.003974093355584962
JVS_JVSMuSiC,wavlm_l12,12,13,jvs063,G->S,full_minus_voicing,mean_preserving,7,12,5,0,0,0.0008501434832318688
JVS_JVSMuSiC,wavlm_l12,12,13,jvs072,G->S,full_minus_voicing,mean_preserving,1,3,2,1,1,0.001257940338222241
JVS_JVSMuSiC,wavlm_l12,12,13,jvs076,G->S,full_minus_voicing,mean_preserving,2,13,11,0,1,0.0015045738584021917
JVS_JVSMuSiC,wavlm_l12,12,13,jvs086,G->S,full_minus_voicing,mean_preserving,3,13,10,0,1,0.0016183334199919575
JVS_JVSMuSiC,wavlm_l12,12,13,jvs095,G->S,full_minus_voicing,mean_preserving,2,2,0,0,1,0.0019012171204989547
JVS_JVSMuSiC,wavlm_l12,12,13,jvs097,G->S,full_minus_voicing,mean_preserving,1,9,8,1,1,0.003002809271348661
JVS_JVSMuSiC,wavlm_l12,12,13,jvs005,S->G,row_shuffled_nuisance,mean_preserving,16,16,0,0,0,-0.0038343381609844407
JVS_JVSMuSiC,wavlm_l12,12,13,jvs006,S->G,row_shuffled_nuisance,mean_preserving,16,16,0,0,0,-0.004006170490843286
JVS_JVSMuSiC,wavlm_l12,12,13,jvs010,S->G,row_shuffled_nuisance,mean_preserving,4,5,1,0,1,0.0056860829665909
JVS_JVSMuSiC,wavlm_l12,12,13,jvs019,S->G,row_shuffled_nuisance,mean_preserving,3,4,1,0,1,0.0071046018710817505
JVS_JVSMuSiC,wavlm_l12,12,13,jvs020,S->G,row_shuffled_nuisance,mean_preserving,5,5,0,0,1,0.0029891892223556926
JVS_JVSMuSiC,wavlm_l12,12,13,jvs022,S->G,row_shuffled_nuisance,mean_preserving,9,6,-3,0,0,0.001200497404800105
JVS_JVSMuSiC,wavlm_l12,12,13,jvs027,S->G,row_shuffled_nuisance,mean_preserving,5,7,2,0,1,0.0038414265361692568
JVS_JVSMuSiC,wavlm_l12,12,13,jvs032,S->G,row_shuffled_nuisance,mean_preserving,6,4,-2,0,0,0.004120619497273048
JVS_JVSMuSiC,wavlm_l12,12,13,jvs041,S->G,row_shuffled_nuisance,mean_preserving,5,5,0,0,1,0.0028751803307065504
JVS_JVSMuSiC,wavlm_l12,12,13,jvs042,S->G,row_shuffled_nuisance,mean_preserving,19,19,0,0,0,-0.007425601988810815
JVS_JVSMuSiC,wavlm_l12,12,13,jvs044,S->G,row_shuffled_nuisance,mean_preserving,5,5,0,0,1,0.0029490707605397404
JVS_JVSMuSiC,wavlm_l12,12,13,jvs057,S->G,row_shuffled_nuisance,mean_preserving,10,11,1,0,0,0.0003299846321030975
JVS_JVSMuSiC,wavlm_l12,12,13,jvs058,S->G,row_shuffled_nuisance,mean_preserving,6,5,-1,0,0,0.0025653869690266395
JVS_JVSMuSiC,wavlm_l12,12,13,jvs061,S->G,row_shuffled_nuisance,mean_preserving,16,17,1,0,0,-0.003466019241998519
JVS_JVSMuSiC,wavlm_l12,12,13,jvs063,S->G,row_shuffled_nuisance,mean_preserving,1,1,0,1,1,0.013362276429902953
JVS_JVSMuSiC,wavlm_l12,12,13,jvs072,S->G,row_shuffled_nuisance,mean_preserving,5,5,0,0,1,0.00385600806133668
JVS_JVSMuSiC,wavlm_l12,12,13,jvs076,S->G,row_shuffled_nuisance,mean_preserving,1,1,0,1,1,0.011475096564602771
JVS_JVSMuSiC,wavlm_l12,12,13,jvs086,S->G,row_shuffled_nuisance,mean_preserving,2,1,-1,0,1,0.010459084295322052
JVS_JVSMuSiC,wavlm_l12,12,13,jvs095,S->G,row_shuffled_nuisance,mean_preserving,3,5,2,0,1,0.00607670283542916
JVS_JVSMuSiC,wavlm_l12,12,13,jvs097,S->G,row_shuffled_nuisance,mean_preserving,7,4,-3,0,0,0.0021297140931006986
JVS_JVSMuSiC,wavlm_l12,12,13,jvs005,G->S,row_shuffled_nuisance,mean_preserving,3,5,2,0,1,0.00476223656062813
JVS_JVSMuSiC,wavlm_l12,12,13,jvs006,G->S,row_shuffled_nuisance,mean_preserving,12,11,-1,0,0,-0.0007057904966142337
JVS_JVSMuSiC,wavlm_l12,12,13,jvs010,G->S,row_shuffled_nuisance,mean_preserving,1,1,0,1,1,0.005467091751706121
JVS_JVSMuSiC,wavlm_l12,12,13,jvs019,G->S,row_shuffled_nuisance,mean_preserving,10,7,-3,0,0,0.0015244697499312565
JVS_JVSMuSiC,wavlm_l12,12,13,jvs020,G->S,row_shuffled_nuisance,mean_preserving,7,11,4,0,0,0.0013378335830976917
JVS_JVSMuSiC,wavlm_l12,12,13,jvs022,G->S,row_shuffled_nuisance,mean_preserving,3,3,0,0,1,0.003526269021406181
JVS_JVSMuSiC,wavlm_l12,12,13,jvs027,G->S,row_shuffled_nuisance,mean_preserving,1,1,0,1,1,0.0073090407051062956
JVS_JVSMuSiC,wavlm_l12,12,13,jvs032,G->S,row_shuffled_nuisance,mean_preserving,8,10,2,0,0,0.0016808321172492313
JVS_JVSMuSiC,wavlm_l12,12,13,jvs041,G->S,row_shuffled_nuisance,mean_preserving,1,1,0,1,1,0.009117852188008424
JVS_JVSMuSiC,wavlm_l12,12,13,jvs042,G->S,row_shuffled_nuisance,mean_preserving,4,4,0,0,1,0.0032281851677201656
JVS_JVSMuSiC,wavlm_l12,12,13,jvs044,G->S,row_shuffled_nuisance,mean_preserving,18,20,2,0,0,-0.0035048301154707584
JVS_JVSMuSiC,wavlm_l12,12,13,jvs057,G->S,row_shuffled_nuisance,mean_preserving,5,3,-2,0,1,0.003683589915315477
JVS_JVSMuSiC,wavlm_l12,12,13,jvs058,G->S,row_shuffled_nuisance,mean_preserving,3,3,0,0,1,0.005248548289379151
JVS_JVSMuSiC,wavlm_l12,12,13,jvs061,G->S,row_shuffled_nuisance,mean_preserving,2,4,2,0,1,0.007823902129576399
JVS_JVSMuSiC,wavlm_l12,12,13,jvs063,G->S,row_shuffled_nuisance,mean_preserving,14,12,-2,0,0,-0.001369292905215258
JVS_JVSMuSiC,wavlm_l12,12,13,jvs072,G->S,row_shuffled_nuisance,mean_preserving,2,3,1,0,1,0.005231136932671299
JVS_JVSMuSiC,wavlm_l12,12,13,jvs076,G->S,row_shuffled_nuisance,mean_preserving,12,13,1,0,0,-0.0003875224985312453
JVS_JVSMuSiC,wavlm_l12,12,13,jvs086,G->S,row_shuffled_nuisance,mean_preserving,10,13,3,0,0,-0.0005980540149884694
JVS_JVSMuSiC,wavlm_l12,12,13,jvs095,G->S,row_shuffled_nuisance,mean_preserving,3,2,-1,0,1,0.005363415159506557
JVS_JVSMuSiC,wavlm_l12,12,13,jvs097,G->S,row_shuffled_nuisance,mean_preserving,4,9,5,0,1,0.0035498793472218404
JVS_JVSMuSiC,wavlm_l12,12,13,jvs005,S->G,random_gaussian_nuisance,mean_preserving,17,16,-1,0,0,-0.005580247311671616
JVS_JVSMuSiC,wavlm_l12,12,13,jvs006,S->G,random_gaussian_nuisance,mean_preserving,12,16,4,0,0,-0.0019300483446472727
JVS_JVSMuSiC,wavlm_l12,12,13,jvs010,S->G,random_gaussian_nuisance,mean_preserving,8,5,-3,0,0,0.0031544086236239277
JVS_JVSMuSiC,wavlm_l12,12,13,jvs019,S->G,random_gaussian_nuisance,mean_preserving,6,4,-2,0,0,0.005327405730844337
JVS_JVSMuSiC,wavlm_l12,12,13,jvs020,S->G,random_gaussian_nuisance,mean_preserving,12,5,-7,0,0,-0.0017690614327753318
JVS_JVSMuSiC,wavlm_l12,12,13,jvs022,S->G,random_gaussian_nuisance,mean_preserving,7,6,-1,0,0,0.0014916159648814542
JVS_JVSMuSiC,wavlm_l12,12,13,jvs027,S->G,random_gaussian_nuisance,mean_preserving,10,7,-3,0,0,0.0002675048820600656
JVS_JVSMuSiC,wavlm_l12,12,13,jvs032,S->G,random_gaussian_nuisance,mean_preserving,6,4,-2,0,0,0.004621780162354483
JVS_JVSMuSiC,wavlm_l12,12,13,jvs041,S->G,random_gaussian_nuisance,mean_preserving,9,5,-4,0,0,0.0004407380615853995
JVS_JVSMuSiC,wavlm_l12,12,13,jvs042,S->G,random_gaussian_nuisance,mean_preserving,19,19,0,0,0,-0.007645183055020377
JVS_JVSMuSiC,wavlm_l12,12,13,jvs044,S->G,random_gaussian_nuisance,mean_preserving,2,5,3,0,1,0.012048051893536194
JVS_JVSMuSiC,wavlm_l12,12,13,jvs057,S->G,random_gaussian_nuisance,mean_preserving,16,11,-5,0,0,-0.005864128013972181
JVS_JVSMuSiC,wavlm_l12,12,13,jvs058,S->G,random_gaussian_nuisance,mean_preserving,4,5,1,0,1,0.006428631136939589
JVS_JVSMuSiC,wavlm_l12,12,13,jvs061,S->G,random_gaussian_nuisance,mean_preserving,16,17,1,0,0,-0.004820880636300373
JVS_JVSMuSiC,wavlm_l12,12,13,jvs063,S->G,random_gaussian_nuisance,mean_preserving,2,1,-1,0,1,0.008919148886042949
JVS_JVSMuSiC,wavlm_l12,12,13,jvs072,S->G,random_gaussian_nuisance,mean_preserving,10,5,-5,0,0,-8.796117305320816e-05
JVS_JVSMuSiC,wavlm_l12,12,13,jvs076,S->G,random_gaussian_nuisance,mean_preserving,1,1,0,1,1,0.012041289283109657
JVS_JVSMuSiC,wavlm_l12,12,13,jvs086,S->G,random_gaussian_nuisance,mean_preserving,1,1,0,1,1,0.015751781206071236
JVS_JVSMuSiC,wavlm_l12,12,13,jvs095,S->G,random_gaussian_nuisance,mean_preserving,8,5,-3,0,0,0.0025419656264739077
JVS_JVSMuSiC,wavlm_l12,12,13,jvs097,S->G,random_gaussian_nuisance,mean_preserving,3,4,1,0,1,0.01006311562612483
JVS_JVSMuSiC,wavlm_l12,12,13,jvs005,G->S,random_gaussian_nuisance,mean_preserving,3,5,2,0,1,0.005997642891077182
JVS_JVSMuSiC,wavlm_l12,12,13,jvs006,G->S,random_gaussian_nuisance,mean_preserving,9,11,2,0,0,-0.00010217693480674139
JVS_JVSMuSiC,wavlm_l12,12,13,jvs010,G->S,random_gaussian_nuisance,mean_preserving,4,1,-3,0,1,0.0036477164848768284
JVS_JVSMuSiC,wavlm_l12,12,13,jvs019,G->S,random_gaussian_nuisance,mean_preserving,15,7,-8,0,0,-0.0025565233040929503
JVS_JVSMuSiC,wavlm_l12,12,13,jvs020,G->S,random_gaussian_nuisance,mean_preserving,11,11,0,0,0,1.9512605481719625e-05
JVS_JVSMuSiC,wavlm_l12,12,13,jvs022,G->S,random_gaussian_nuisance,mean_preserving,5,3,-2,0,1,0.0021661291525872928
JVS_JVSMuSiC,wavlm_l12,12,13,jvs027,G->S,random_gaussian_nuisance,mean_preserving,2,1,-1,0,1,0.0064224397809329314
JVS_JVSMuSiC,wavlm_l12,12,13,jvs032,G->S,random_gaussian_nuisance,mean_preserving,7,10,3,0,0,0.0029174613582362285
JVS_JVSMuSiC,wavlm_l12,12,13,jvs041,G->S,random_gaussian_nuisance,mean_preserving,1,1,0,1,1,0.007792347964327484
JVS_JVSMuSiC,wavlm_l12,12,13,jvs042,G->S,random_gaussian_nuisance,mean_preserving,4,4,0,0,1,0.0033452114316078196
JVS_JVSMuSiC,wavlm_l12,12,13,jvs044,G->S,random_gaussian_nuisance,mean_preserving,17,20,3,0,0,-0.003072748850959761
JVS_JVSMuSiC,wavlm_l12,12,13,jvs057,G->S,random_gaussian_nuisance,mean_preserving,5,3,-2,0,1,0.004176557765760647
JVS_JVSMuSiC,wavlm_l12,12,13,jvs058,G->S,random_gaussian_nuisance,mean_preserving,6,3,-3,0,0,0.0024602501929777976
JVS_JVSMuSiC,wavlm_l12,12,13,jvs061,G->S,random_gaussian_nuisance,mean_preserving,3,4,1,0,1,0.005645904499477661
JVS_JVSMuSiC,wavlm_l12,12,13,jvs063,G->S,random_gaussian_nuisance,mean_preserving,12,12,0,0,0,-0.0005744812922634512
JVS_JVSMuSiC,wavlm_l12,12,13,jvs072,G->S,random_gaussian_nuisance,mean_preserving,5,3,-2,0,1,0.003812083991262094
JVS_JVSMuSiC,wavlm_l12,12,13,jvs076,G->S,random_gaussian_nuisance,mean_preserving,8,13,5,0,0,0.0018441856034053794
JVS_JVSMuSiC,wavlm_l12,12,13,jvs086,G->S,random_gaussian_nuisance,mean_preserving,6,13,7,0,0,0.002003677702519635
JVS_JVSMuSiC,wavlm_l12,12,13,jvs095,G->S,random_gaussian_nuisance,mean_preserving,1,2,1,1,1,0.009472332529059102
JVS_JVSMuSiC,wavlm_l12,12,13,jvs097,G->S,random_gaussian_nuisance,mean_preserving,10,9,-1,0,0,-1.7596455259227817e-05
JVS_JVSMuSiC,wavlm_l12,12,13,jvs005,S->G,random_low_rank_projection,mean_preserving,16,16,0,0,0,-0.002923092977334507
JVS_JVSMuSiC,wavlm_l12,12,13,jvs006,S->G,random_low_rank_projection,mean_preserving,16,16,0,0,0,-0.003903013988799109
JVS_JVSMuSiC,wavlm_l12,12,13,jvs010,S->G,random_low_rank_projection,mean_preserving,5,5,0,0,1,0.00322080361481647
JVS_JVSMuSiC,wavlm_l12,12,13,jvs019,S->G,random_low_rank_projection,mean_preserving,4,4,0,0,1,0.004498133009012029
JVS_JVSMuSiC,wavlm_l12,12,13,jvs020,S->G,random_low_rank_projection,mean_preserving,5,5,0,0,1,0.003099964393535215
JVS_JVSMuSiC,wavlm_l12,12,13,jvs022,S->G,random_low_rank_projection,mean_preserving,6,6,0,0,0,0.002781723362799249
JVS_JVSMuSiC,wavlm_l12,12,13,jvs027,S->G,random_low_rank_projection,mean_preserving,7,7,0,0,0,0.002328822908521433
JVS_JVSMuSiC,wavlm_l12,12,13,jvs032,S->G,random_low_rank_projection,mean_preserving,4,4,0,0,1,0.004874246031525642
JVS_JVSMuSiC,wavlm_l12,12,13,jvs041,S->G,random_low_rank_projection,mean_preserving,5,5,0,0,1,0.003192452686102576
JVS_JVSMuSiC,wavlm_l12,12,13,jvs042,S->G,random_low_rank_projection,mean_preserving,19,19,0,0,0,-0.005835582362509473
JVS_JVSMuSiC,wavlm_l12,12,13,jvs044,S->G,random_low_rank_projection,mean_preserving,5,5,0,0,1,0.00323174802654147
JVS_JVSMuSiC,wavlm_l12,12,13,jvs057,S->G,random_low_rank_projection,mean_preserving,11,11,0,0,0,-0.00010101943001250557
JVS_JVSMuSiC,wavlm_l12,12,13,jvs058,S->G,random_low_rank_projection,mean_preserving,5,5,0,0,1,0.0021582799765370586
JVS_JVSMuSiC,wavlm_l12,12,13,jvs061,S->G,random_low_rank_projection,mean_preserving,16,17,1,0,0,-0.0032525564883030267
JVS_JVSMuSiC,wavlm_l12,12,13,jvs063,S->G,random_low_rank_projection,mean_preserving,1,1,0,1,1,0.009290504795728682
JVS_JVSMuSiC,wavlm_l12,12,13,jvs072,S->G,random_low_rank_projection,mean_preserving,5,5,0,0,1,0.0031864057799225742
JVS_JVSMuSiC,wavlm_l12,12,13,jvs076,S->G,random_low_rank_projection,mean_preserving,1,1,0,1,1,0.010526524955835503
JVS_JVSMuSiC,wavlm_l12,12,13,jvs086,S->G,random_low_rank_projection,mean_preserving,1,1,0,1,1,0.011065047398174377
JVS_JVSMuSiC,wavlm_l12,12,13,jvs095,S->G,random_low_rank_projection,mean_preserving,5,5,0,0,1,0.0028806437240774807
JVS_JVSMuSiC,wavlm_l12,12,13,jvs097,S->G,random_low_rank_projection,mean_preserving,4,4,0,0,1,0.004299902288783519
JVS_JVSMuSiC,wavlm_l12,12,13,jvs005,G->S,random_low_rank_projection,mean_preserving,5,5,0,0,1,0.0036609299735507195
JVS_JVSMuSiC,wavlm_l12,12,13,jvs006,G->S,random_low_rank_projection,mean_preserving,12,11,-1,0,0,-8.348397766533289e-05
JVS_JVSMuSiC,wavlm_l12,12,13,jvs010,G->S,random_low_rank_projection,mean_preserving,1,1,0,1,1,0.006080544260452014
JVS_JVSMuSiC,wavlm_l12,12,13,jvs019,G->S,random_low_rank_projection,mean_preserving,7,7,0,0,0,0.002788431412575676
JVS_JVSMuSiC,wavlm_l12,12,13,jvs020,G->S,random_low_rank_projection,mean_preserving,11,11,0,0,0,0.0004045349639762996
JVS_JVSMuSiC,wavlm_l12,12,13,jvs022,G->S,random_low_rank_projection,mean_preserving,3,3,0,0,1,0.0029632755955432133
JVS_JVSMuSiC,wavlm_l12,12,13,jvs027,G->S,random_low_rank_projection,mean_preserving,1,1,0,1,1,0.008321940243065762
JVS_JVSMuSiC,wavlm_l12,12,13,jvs032,G->S,random_low_rank_projection,mean_preserving,10,10,0,0,0,0.00023871318616852655
JVS_JVSMuSiC,wavlm_l12,12,13,jvs041,G->S,random_low_rank_projection,mean_preserving,1,1,0,1,1,0.006855594479612481
JVS_JVSMuSiC,wavlm_l12,12,13,jvs042,G->S,random_low_rank_projection,mean_preserving,4,4,0,0,1,0.0031881143818902613
JVS_JVSMuSiC,wavlm_l12,12,13,jvs044,G->S,random_low_rank_projection,mean_preserving,20,20,0,0,0,-0.00534763719563458
JVS_JVSMuSiC,wavlm_l12,12,13,jvs057,G->S,random_low_rank_projection,mean_preserving,3,3,0,0,1,0.00514528380300161
JVS_JVSMuSiC,wavlm_l12,12,13,jvs058,G->S,random_low_rank_projection,mean_preserving,3,3,0,0,1,0.004966796325739931
JVS_JVSMuSiC,wavlm_l12,12,13,jvs061,G->S,random_low_rank_projection,mean_preserving,4,4,0,0,1,0.005153371758856662
JVS_JVSMuSiC,wavlm_l12,12,13,jvs063,G->S,random_low_rank_projection,mean_preserving,12,12,0,0,0,-0.00041860324969633655
JVS_JVSMuSiC,wavlm_l12,12,13,jvs072,G->S,random_low_rank_projection,mean_preserving,3,3,0,0,1,0.004589501654386208
JVS_JVSMuSiC,wavlm_l12,12,13,jvs076,G->S,random_low_rank_projection,mean_preserving,13,13,0,0,0,-0.000450179194596001
JVS_JVSMuSiC,wavlm_l12,12,13,jvs086,G->S,random_low_rank_projection,mean_preserving,13,13,0,0,0,-0.0009559329706750885
JVS_JVSMuSiC,wavlm_l12,12,13,jvs095,G->S,random_low_rank_projection,mean_preserving,2,2,0,0,1,0.006412332733593318
JVS_JVSMuSiC,wavlm_l12,12,13,jvs097,G->S,random_low_rank_projection,mean_preserving,9,9,0,0,0,0.0011064095208084268
