dataset,model,layer,split_seed,gallery_draw,gallery_size,variant,test_speakers,chance_R1,normalized_R1_above_chance,gallery_policy,R1,R5,mean_rank,MRR,EER_test_descriptive,genuine_score_mean,impostor_score_mean,genuine_minus_impostor,test_genuine_trials,test_impostor_trials,train_genuine_trials,train_impostor_trials,TMR_at_FMR_1pct,TMR_at_FMR_1pct_status,TMR_at_FMR_1pct_train_threshold,TMR_at_FMR_1pct_train_FMR,TMR_at_FMR_0_1pct,TMR_at_FMR_0_1pct_status
GTSinger_same_text_control,wavlm_l12,12,13,0,5,raw,IT-Bass-1;KO-Soprano-1;KO-Tenor-1;ZH-Alto-1;ZH-Tenor-1,0.2,0.49999999999999994,sampled_from_held_out_test_speakers_only; target_included_once; identical_gallery_for_raw_and_corrected,0.6,1.0,1.4,0.8,0.2,0.9729020988056025,0.9665110047335832,0.006391094072019321,5,20,10,90,0.0,train_calibrated,0.9823249593677938,0.0,nan,insufficient_train_impostor_trials_lt_1000
GTSinger_same_text_control,wavlm_l12,12,13,0,5,correct_sign_global,IT-Bass-1;KO-Soprano-1;KO-Tenor-1;ZH-Alto-1;ZH-Tenor-1,0.2,0.49999999999999994,sampled_from_held_out_test_speakers_only; target_included_once; identical_gallery_for_raw_and_corrected,0.6,1.0,1.4,0.8,0.175,0.9942947313799539,0.9880142866590178,0.00628044472093614,5,20,10,90,0.2,train_calibrated,0.9953196508461083,0.0,nan,insufficient_train_impostor_trials_lt_1000
GTSinger_same_text_control,wavlm_l12,12,13,0,10,raw,EN-Alto-1;FR-Soprano-1;FR-Tenor-1;IT-Bass-1;IT-Soprano-1;JA-Soprano-1;KO-Soprano-1;KO-Tenor-1;ZH-Alto-1;ZH-Tenor-1,0.1,0.0,sampled_from_held_out_test_speakers_only; target_included_once; identical_gallery_for_raw_and_corrected,0.1,0.8,3.6,0.4216666666666667,0.3,0.9703649913130018,0.9635606001996575,0.006804391113344299,10,90,10,90,0.1,train_calibrated,0.9823249593677938,0.0,nan,insufficient_train_impostor_trials_lt_1000
GTSinger_same_text_control,wavlm_l12,12,13,0,10,correct_sign_global,EN-Alto-1;FR-Soprano-1;FR-Tenor-1;IT-Bass-1;IT-Soprano-1;JA-Soprano-1;KO-Soprano-1;KO-Tenor-1;ZH-Alto-1;ZH-Tenor-1,0.1,0.6666666666666666,sampled_from_held_out_test_speakers_only; target_included_once; identical_gallery_for_raw_and_corrected,0.7,1.0,1.7,0.8,0.2,0.9935494572857525,0.9868885020715003,0.006660955214252251,10,90,10,90,0.3,train_calibrated,0.9953196508461083,0.0,nan,insufficient_train_impostor_trials_lt_1000
GTSinger_same_text_control,wavlm_l12,12,17,0,5,raw,DE-Soprano-1;FR-Soprano-1;IT-Bass-2;IT-Soprano-1;KO-Soprano-2,0.2,0.25,sampled_from_held_out_test_speakers_only; target_included_once; identical_gallery_for_raw_and_corrected,0.4,1.0,2.6,0.5733333333333333,0.225,0.9704882228416022,0.9642819838316461,0.006206239009956094,5,20,10,90,0.0,train_calibrated,0.9923185442948536,0.0,nan,insufficient_train_impostor_trials_lt_1000
GTSinger_same_text_control,wavlm_l12,12,17,0,5,correct_sign_global,DE-Soprano-1;FR-Soprano-1;IT-Bass-2;IT-Soprano-1;KO-Soprano-2,0.2,0.7500000000000001,sampled_from_held_out_test_speakers_only; target_included_once; identical_gallery_for_raw_and_corrected,0.8,1.0,1.4,0.8666666666666668,0.2,0.9942235667831693,0.9880358281593706,0.006187738623798622,5,20,10,90,0.8,train_calibrated,0.9954854796405609,0.0,nan,insufficient_train_impostor_trials_lt_1000
GTSinger_same_text_control,wavlm_l12,12,17,0,10,raw,DE-Soprano-1;DE-Tenor-1;EN-Alto-1;FR-Soprano-1;IT-Bass-2;IT-Soprano-1;JA-Tenor-1;KO-Soprano-2;ZH-Alto-1;ZH-Tenor-1,0.1,0.11111111111111112,sampled_from_held_out_test_speakers_only; target_included_once; identical_gallery_for_raw_and_corrected,0.2,0.7,4.6,0.3827777777777778,0.3,0.9664900444767941,0.9601166209023493,0.006373423574444814,10,90,10,90,0.0,train_calibrated,0.9923185442948536,0.0,nan,insufficient_train_impostor_trials_lt_1000
GTSinger_same_text_control,wavlm_l12,12,17,0,10,correct_sign_global,DE-Soprano-1;DE-Tenor-1;EN-Alto-1;FR-Soprano-1;IT-Bass-2;IT-Soprano-1;JA-Tenor-1;KO-Soprano-2;ZH-Alto-1;ZH-Tenor-1,0.1,0.7777777777777778,sampled_from_held_out_test_speakers_only; target_included_once; identical_gallery_for_raw_and_corrected,0.8,0.9,2.1,0.836111111111111,0.2,0.9928566646545148,0.9865976664219722,0.006258998232542612,10,90,10,90,0.4,train_calibrated,0.9954854796405609,0.0,nan,insufficient_train_impostor_trials_lt_1000
GTSinger_same_text_control,wavlm_l12,12,19,0,5,raw,EN-Alto-2;FR-Soprano-1;IT-Bass-2;KO-Soprano-2;ZH-Tenor-1,0.2,0.25,sampled_from_held_out_test_speakers_only; target_included_once; identical_gallery_for_raw_and_corrected,0.4,1.0,2.6,0.5733333333333334,0.225,0.9693178013366393,0.9607247655578479,0.008593035778791336,5,20,10,90,0.0,train_calibrated,0.9923185442948536,0.0,nan,insufficient_train_impostor_trials_lt_1000
GTSinger_same_text_control,wavlm_l12,12,19,0,5,correct_sign_global,EN-Alto-2;FR-Soprano-1;IT-Bass-2;KO-Soprano-2;ZH-Tenor-1,0.2,1.0,sampled_from_held_out_test_speakers_only; target_included_once; identical_gallery_for_raw_and_corrected,1.0,1.0,1.0,1.0,0.2,0.9930852320458687,0.9846002235369236,0.00848500850894518,5,20,10,90,0.6,train_calibrated,0.9945749186343834,0.0,nan,insufficient_train_impostor_trials_lt_1000
GTSinger_same_text_control,wavlm_l12,12,19,0,10,raw,DE-Soprano-1;EN-Alto-2;ES-Soprano-1;FR-Soprano-1;IT-Bass-2;IT-Soprano-1;JA-Tenor-1;KO-Soprano-2;RU-Alto-1;ZH-Tenor-1,0.1,0.11111111111111112,sampled_from_held_out_test_speakers_only; target_included_once; identical_gallery_for_raw_and_corrected,0.2,0.5,4.5,0.4211111111111111,0.3944444444444445,0.9688587899584181,0.9624858574064632,0.006372932551954924,10,90,10,90,0.0,train_calibrated,0.9923185442948536,0.0,nan,insufficient_train_impostor_trials_lt_1000
GTSinger_same_text_control,wavlm_l12,12,19,0,10,correct_sign_global,DE-Soprano-1;EN-Alto-2;ES-Soprano-1;FR-Soprano-1;IT-Bass-2;IT-Soprano-1;JA-Tenor-1;KO-Soprano-2;RU-Alto-1;ZH-Tenor-1,0.1,0.7777777777777778,sampled_from_held_out_test_speakers_only; target_included_once; identical_gallery_for_raw_and_corrected,0.8,0.9,1.8,0.8625,0.2,0.9934793523264259,0.9871548083437724,0.006324543982653474,10,90,10,90,0.6,train_calibrated,0.9945749186343834,0.0,nan,insufficient_train_impostor_trials_lt_1000
GTSinger_same_text_control,wavlm_l12,12,23,0,5,raw,DE-Soprano-1;ES-Soprano-1;IT-Bass-1;IT-Bass-2;KO-Tenor-1,0.2,0.25,sampled_from_held_out_test_speakers_only; target_included_once; identical_gallery_for_raw_and_corrected,0.4,1.0,2.6,0.5733333333333335,0.375,0.970690040640054,0.9642506541641789,0.006439386475875164,5,20,10,90,0.0,train_calibrated,0.9845956535131999,0.0,nan,insufficient_train_impostor_trials_lt_1000
GTSinger_same_text_control,wavlm_l12,12,23,0,5,correct_sign_global,DE-Soprano-1;ES-Soprano-1;IT-Bass-1;IT-Bass-2;KO-Tenor-1,0.2,0.49999999999999994,sampled_from_held_out_test_speakers_only; target_included_once; identical_gallery_for_raw_and_corrected,0.6,1.0,1.6,0.7666666666666667,0.2,0.9932901479223102,0.9869241964022164,0.006365951520093782,5,20,10,90,0.6,train_calibrated,0.9946642430894538,0.0,nan,insufficient_train_impostor_trials_lt_1000
GTSinger_same_text_control,wavlm_l12,12,23,0,10,raw,DE-Soprano-1;EN-Alto-1;EN-Tenor-1;ES-Soprano-1;FR-Tenor-1;IT-Bass-1;IT-Bass-2;KO-Soprano-2;KO-Tenor-1;RU-Alto-1,0.1,0.11111111111111112,sampled_from_held_out_test_speakers_only; target_included_once; identical_gallery_for_raw_and_corrected,0.2,0.5,4.6,0.403452380952381,0.4,0.971611376586166,0.9650465790478062,0.006564797538359812,10,90,10,90,0.1,train_calibrated,0.9845956535131999,0.0,nan,insufficient_train_impostor_trials_lt_1000
GTSinger_same_text_control,wavlm_l12,12,23,0,10,correct_sign_global,DE-Soprano-1;EN-Alto-1;EN-Tenor-1;ES-Soprano-1;FR-Tenor-1;IT-Bass-1;IT-Bass-2;KO-Soprano-2;KO-Tenor-1;RU-Alto-1,0.1,0.6666666666666666,sampled_from_held_out_test_speakers_only; target_included_once; identical_gallery_for_raw_and_corrected,0.7,1.0,1.7,0.8,0.2,0.9933561246552243,0.9868620512513634,0.006494073403860878,10,90,10,90,0.4,train_calibrated,0.9946642430894538,0.0,nan,insufficient_train_impostor_trials_lt_1000
GTSinger_same_text_control,wavlm_l12,12,29,0,5,raw,EN-Alto-1;ES-Soprano-1;JA-Soprano-1;RU-Alto-1;ZH-Tenor-1,0.2,0.25,sampled_from_held_out_test_speakers_only; target_included_once; identical_gallery_for_raw_and_corrected,0.4,1.0,2.4,0.6,0.4,0.9747037446356004,0.9694839824466456,0.005219762188954813,5,20,10,90,0.0,train_calibrated,0.9895896660160322,0.0,nan,insufficient_train_impostor_trials_lt_1000
GTSinger_same_text_control,wavlm_l12,12,29,0,5,correct_sign_global,EN-Alto-1;ES-Soprano-1;JA-Soprano-1;RU-Alto-1;ZH-Tenor-1,0.2,1.0,sampled_from_held_out_test_speakers_only; target_included_once; identical_gallery_for_raw_and_corrected,1.0,1.0,1.0,1.0,0.2,0.9929131702980282,0.9877603992687201,0.005152771029308112,5,20,10,90,0.2,train_calibrated,0.9949082526920671,0.0,nan,insufficient_train_impostor_trials_lt_1000
GTSinger_same_text_control,wavlm_l12,12,29,0,10,raw,EN-Alto-1;ES-Soprano-1;IT-Bass-1;IT-Bass-2;JA-Soprano-1;JA-Tenor-1;KO-Soprano-2;RU-Alto-1;ZH-Alto-1;ZH-Tenor-1,0.1,0.11111111111111112,sampled_from_held_out_test_speakers_only; target_included_once; identical_gallery_for_raw_and_corrected,0.2,0.6,4.9,0.3896825396825397,0.3888888888888889,0.9676245609838642,0.9614153943372571,0.006209166646607089,10,90,10,90,0.0,train_calibrated,0.9895896660160322,0.0,nan,insufficient_train_impostor_trials_lt_1000
GTSinger_same_text_control,wavlm_l12,12,29,0,10,correct_sign_global,EN-Alto-1;ES-Soprano-1;IT-Bass-1;IT-Bass-2;JA-Soprano-1;JA-Tenor-1;KO-Soprano-2;RU-Alto-1;ZH-Alto-1;ZH-Tenor-1,0.1,0.7777777777777778,sampled_from_held_out_test_speakers_only; target_included_once; identical_gallery_for_raw_and_corrected,0.8,0.9,1.9,0.8458333333333332,0.3,0.9915540237690823,0.9854524216594827,0.0061016021095996464,10,90,10,90,0.2,train_calibrated,0.9949082526920671,0.0,nan,insufficient_train_impostor_trials_lt_1000
GTSinger_same_text_control,wavlm_l12,12,31,0,5,raw,ES-Bass-1;FR-Tenor-1;JA-Tenor-1;KO-Soprano-1;ZH-Alto-1,0.2,0.0,sampled_from_held_out_test_speakers_only; target_included_once; identical_gallery_for_raw_and_corrected,0.2,1.0,2.8,0.49000000000000005,0.4,0.9616442800736726,0.9543544188319004,0.007289861241772222,5,20,10,90,0.0,train_calibrated,0.9867373424356833,0.0,nan,insufficient_train_impostor_trials_lt_1000
GTSinger_same_text_control,wavlm_l12,12,31,0,5,correct_sign_global,ES-Bass-1;FR-Tenor-1;JA-Tenor-1;KO-Soprano-1;ZH-Alto-1,0.2,0.49999999999999994,sampled_from_held_out_test_speakers_only; target_included_once; identical_gallery_for_raw_and_corrected,0.6,1.0,1.8,0.75,0.2,0.9906674791662008,0.9834708784386779,0.007196600727522928,5,20,10,90,0.0,train_calibrated,0.9959924525600042,0.0,nan,insufficient_train_impostor_trials_lt_1000
GTSinger_same_text_control,wavlm_l12,12,31,0,10,raw,DE-Tenor-1;EN-Alto-2;ES-Bass-1;FR-Tenor-1;IT-Bass-1;IT-Bass-2;JA-Soprano-1;JA-Tenor-1;KO-Soprano-1;ZH-Alto-1,0.1,0.0,sampled_from_held_out_test_speakers_only; target_included_once; identical_gallery_for_raw_and_corrected,0.1,0.7,5.0,0.3152777777777778,0.49444444444444446,0.9614376201006559,0.953891986386808,0.007545633713847866,10,90,10,90,0.0,train_calibrated,0.9867373424356833,0.0,nan,insufficient_train_impostor_trials_lt_1000
GTSinger_same_text_control,wavlm_l12,12,31,0,10,correct_sign_global,DE-Tenor-1;EN-Alto-2;ES-Bass-1;FR-Tenor-1;IT-Bass-1;IT-Bass-2;JA-Soprano-1;JA-Tenor-1;KO-Soprano-1;ZH-Alto-1,0.1,0.5555555555555556,sampled_from_held_out_test_speakers_only; target_included_once; identical_gallery_for_raw_and_corrected,0.6,0.8,2.8,0.6967857142857143,0.3,0.98969609090106,0.9822807847525244,0.007415306148535583,10,90,10,90,0.0,train_calibrated,0.9959924525600042,0.0,nan,insufficient_train_impostor_trials_lt_1000
GTSinger_same_text_control,wavlm_l12,12,37,0,5,raw,EN-Tenor-1;ES-Bass-1;JA-Tenor-1;KO-Soprano-2;ZH-Tenor-1,0.2,0.0,sampled_from_held_out_test_speakers_only; target_included_once; identical_gallery_for_raw_and_corrected,0.2,1.0,3.0,0.45666666666666667,0.4,0.9630298988982702,0.9570965944916979,0.0059333044065722484,5,20,10,90,0.0,train_calibrated,0.9867373424356833,0.0,nan,insufficient_train_impostor_trials_lt_1000
GTSinger_same_text_control,wavlm_l12,12,37,0,5,correct_sign_global,EN-Tenor-1;ES-Bass-1;JA-Tenor-1;KO-Soprano-2;ZH-Tenor-1,0.2,0.7500000000000001,sampled_from_held_out_test_speakers_only; target_included_once; identical_gallery_for_raw_and_corrected,0.8,1.0,1.8,0.8400000000000001,0.2,0.9924444319333791,0.9864721596049492,0.005972272328429895,5,20,10,90,0.6,train_calibrated,0.9939627199780904,0.0,nan,insufficient_train_impostor_trials_lt_1000
GTSinger_same_text_control,wavlm_l12,12,37,0,10,raw,EN-Alto-1;EN-Tenor-1;ES-Bass-1;ES-Soprano-1;IT-Bass-1;IT-Soprano-1;JA-Soprano-1;JA-Tenor-1;KO-Soprano-2;ZH-Tenor-1,0.1,0.11111111111111112,sampled_from_held_out_test_speakers_only; target_included_once; identical_gallery_for_raw_and_corrected,0.2,0.7,4.7,0.395,0.3222222222222222,0.9677900929422737,0.9616740854403555,0.006116007501918208,10,90,10,90,0.0,train_calibrated,0.9867373424356833,0.0,nan,insufficient_train_impostor_trials_lt_1000
GTSinger_same_text_control,wavlm_l12,12,37,0,10,correct_sign_global,EN-Alto-1;EN-Tenor-1;ES-Bass-1;ES-Soprano-1;IT-Bass-1;IT-Soprano-1;JA-Soprano-1;JA-Tenor-1;KO-Soprano-2;ZH-Tenor-1,0.1,0.888888888888889,sampled_from_held_out_test_speakers_only; target_included_once; identical_gallery_for_raw_and_corrected,0.9,0.9,1.9,0.9099999999999999,0.2,0.9930202691270471,0.9869473201789235,0.006072948948123602,10,90,10,90,0.7,train_calibrated,0.9939627199780904,0.0,nan,insufficient_train_impostor_trials_lt_1000
GTSinger_same_text_control,wavlm_l12,12,41,0,5,raw,ES-Soprano-1;FR-Soprano-1;JA-Tenor-1;KO-Soprano-1;RU-Alto-1,0.2,0.0,sampled_from_held_out_test_speakers_only; target_included_once; identical_gallery_for_raw_and_corrected,0.2,1.0,2.8,0.4733333333333333,0.4,0.9679682928917872,0.9633421386368513,0.004626154254935955,5,20,10,90,0.0,train_calibrated,0.9923185442948536,0.0,nan,insufficient_train_impostor_trials_lt_1000
GTSinger_same_text_control,wavlm_l12,12,41,0,5,correct_sign_global,ES-Soprano-1;FR-Soprano-1;JA-Tenor-1;KO-Soprano-1;RU-Alto-1,0.2,0.49999999999999994,sampled_from_held_out_test_speakers_only; target_included_once; identical_gallery_for_raw_and_corrected,0.6,1.0,2.0,0.74,0.2,0.9925607701246447,0.9879721566066326,0.004588613518012097,5,20,10,90,0.4,train_calibrated,0.9955257481290326,0.0,nan,insufficient_train_impostor_trials_lt_1000
GTSinger_same_text_control,wavlm_l12,12,41,0,10,raw,EN-Alto-2;EN-Tenor-1;ES-Soprano-1;FR-Soprano-1;IT-Bass-2;JA-Tenor-1;KO-Soprano-1;KO-Tenor-1;RU-Alto-1;ZH-Alto-1,0.1,0.11111111111111112,sampled_from_held_out_test_speakers_only; target_included_once; identical_gallery_for_raw_and_corrected,0.2,0.7,4.7,0.38,0.3,0.9661910817254171,0.959694020526006,0.006497061199411069,10,90,10,90,0.0,train_calibrated,0.9923185442948536,0.0,nan,insufficient_train_impostor_trials_lt_1000
GTSinger_same_text_control,wavlm_l12,12,41,0,10,correct_sign_global,EN-Alto-2;EN-Tenor-1;ES-Soprano-1;FR-Soprano-1;IT-Bass-2;JA-Tenor-1;KO-Soprano-1;KO-Tenor-1;RU-Alto-1;ZH-Alto-1,0.1,0.6666666666666666,sampled_from_held_out_test_speakers_only; target_included_once; identical_gallery_for_raw_and_corrected,0.7,0.9,2.1,0.7944444444444445,0.2,0.9926257774710896,0.9862428730652031,0.006382904405886514,10,90,10,90,0.3,train_calibrated,0.9955257481290326,0.0,nan,insufficient_train_impostor_trials_lt_1000
GTSinger_same_text_control,wavlm_l12,12,43,0,5,raw,DE-Tenor-1;IT-Bass-1;KO-Soprano-1;KO-Soprano-2;KO-Tenor-1,0.2,0.0,sampled_from_held_out_test_speakers_only; target_included_once; identical_gallery_for_raw_and_corrected,0.2,1.0,2.2,0.5333333333333333,0.25,0.9713689926477427,0.9654878006588776,0.005881191988865053,5,20,10,90,0.0,train_calibrated,0.9849742187636114,0.0,nan,insufficient_train_impostor_trials_lt_1000
GTSinger_same_text_control,wavlm_l12,12,43,0,5,correct_sign_global,DE-Tenor-1;IT-Bass-1;KO-Soprano-1;KO-Soprano-2;KO-Tenor-1,0.2,0.7500000000000001,sampled_from_held_out_test_speakers_only; target_included_once; identical_gallery_for_raw_and_corrected,0.8,1.0,1.2,0.9,0.175,0.9944886011598191,0.988679863631876,0.005808737527943086,5,20,10,90,0.4,train_calibrated,0.9956971145450779,0.0,nan,insufficient_train_impostor_trials_lt_1000
GTSinger_same_text_control,wavlm_l12,12,43,0,10,raw,DE-Soprano-1;DE-Tenor-1;EN-Alto-2;EN-Tenor-1;ES-Bass-1;IT-Bass-1;IT-Soprano-1;KO-Soprano-1;KO-Soprano-2;KO-Tenor-1,0.1,0.0,sampled_from_held_out_test_speakers_only; target_included_once; identical_gallery_for_raw_and_corrected,0.1,0.6,4.6,0.3463492063492063,0.3222222222222222,0.9714845956580451,0.9648476304816447,0.0066369651764004445,10,90,10,90,0.0,train_calibrated,0.9849742187636114,0.0,nan,insufficient_train_impostor_trials_lt_1000
GTSinger_same_text_control,wavlm_l12,12,43,0,10,correct_sign_global,DE-Soprano-1;DE-Tenor-1;EN-Alto-2;EN-Tenor-1;ES-Bass-1;IT-Bass-1;IT-Soprano-1;KO-Soprano-1;KO-Soprano-2;KO-Tenor-1,0.1,0.888888888888889,sampled_from_held_out_test_speakers_only; target_included_once; identical_gallery_for_raw_and_corrected,0.9,1.0,1.1,0.95,0.022222222222222223,0.9948056357496322,0.988251986161073,0.006553649588559196,10,90,10,90,0.4,train_calibrated,0.9956971145450779,0.0,nan,insufficient_train_impostor_trials_lt_1000
GTSinger_same_text_control,wavlm_l12,12,47,0,5,raw,DE-Tenor-1;FR-Soprano-1;IT-Bass-2;IT-Soprano-1;JA-Tenor-1,0.2,0.25,sampled_from_held_out_test_speakers_only; target_included_once; identical_gallery_for_raw_and_corrected,0.4,1.0,2.6,0.5900000000000001,0.42500000000000004,0.9564028933985146,0.9506263841272432,0.0057765092712713795,5,20,10,90,0.0,train_calibrated,0.9895896660160322,0.0,nan,insufficient_train_impostor_trials_lt_1000
GTSinger_same_text_control,wavlm_l12,12,47,0,5,correct_sign_global,DE-Tenor-1;FR-Soprano-1;IT-Bass-2;IT-Soprano-1;JA-Tenor-1,0.2,0.49999999999999994,sampled_from_held_out_test_speakers_only; target_included_once; identical_gallery_for_raw_and_corrected,0.6,1.0,2.0,0.7166666666666667,0.4,0.9890739095346344,0.9833893350851193,0.00568457444951509,5,20,10,90,0.4,train_calibrated,0.9956690262439577,0.0,nan,insufficient_train_impostor_trials_lt_1000
GTSinger_same_text_control,wavlm_l12,12,47,0,10,raw,DE-Tenor-1;EN-Tenor-1;FR-Soprano-1;IT-Bass-1;IT-Bass-2;IT-Soprano-1;JA-Tenor-1;KO-Soprano-1;KO-Soprano-2;KO-Tenor-1,0.1,0.0,sampled_from_held_out_test_speakers_only; target_included_once; identical_gallery_for_raw_and_corrected,0.1,0.7,4.5,0.3567857142857143,0.4,0.9638212481337263,0.9581847495776435,0.005636498556082725,10,90,10,90,0.0,train_calibrated,0.9895896660160322,0.0,nan,insufficient_train_impostor_trials_lt_1000
GTSinger_same_text_control,wavlm_l12,12,47,0,10,correct_sign_global,DE-Tenor-1;EN-Tenor-1;FR-Soprano-1;IT-Bass-1;IT-Bass-2;IT-Soprano-1;JA-Tenor-1;KO-Soprano-1;KO-Soprano-2;KO-Tenor-1,0.1,0.5555555555555556,sampled_from_held_out_test_speakers_only; target_included_once; identical_gallery_for_raw_and_corrected,0.6,0.8,2.7,0.6944444444444444,0.2,0.9917755954290447,0.9861986853513669,0.005576910077677799,10,90,10,90,0.4,train_calibrated,0.9956690262439577,0.0,nan,insufficient_train_impostor_trials_lt_1000
GTSinger_same_text_control,wavlm_l12,12,53,0,5,raw,DE-Tenor-1;FR-Tenor-1;JA-Tenor-1;RU-Alto-1;ZH-Alto-1,0.2,0.0,sampled_from_held_out_test_speakers_only; target_included_once; identical_gallery_for_raw_and_corrected,0.2,1.0,2.8,0.49000000000000005,0.45,0.9597964111016999,0.9538030659279801,0.005993345173719744,5,20,10,90,0.2,train_calibrated,0.9837037266664127,0.0,nan,insufficient_train_impostor_trials_lt_1000
GTSinger_same_text_control,wavlm_l12,12,53,0,5,correct_sign_global,DE-Tenor-1;FR-Tenor-1;JA-Tenor-1;RU-Alto-1;ZH-Alto-1,0.2,0.49999999999999994,sampled_from_held_out_test_speakers_only; target_included_once; identical_gallery_for_raw_and_corrected,0.6,1.0,2.0,0.7166666666666666,0.25,0.9908900678841126,0.9849089998697809,0.005981068014331736,5,20,10,90,0.0,train_calibrated,0.9959521578607646,0.0,nan,insufficient_train_impostor_trials_lt_1000
GTSinger_same_text_control,wavlm_l12,12,53,0,10,raw,DE-Tenor-1;EN-Alto-1;ES-Bass-1;ES-Soprano-1;FR-Tenor-1;IT-Soprano-1;JA-Tenor-1;KO-Soprano-1;RU-Alto-1;ZH-Alto-1,0.1,0.2222222222222222,sampled_from_held_out_test_speakers_only; target_included_once; identical_gallery_for_raw_and_corrected,0.3,0.7,4.7,0.42873015873015874,0.3944444444444445,0.9688221511586343,0.9623937405762757,0.006428410582358657,10,90,10,90,0.2,train_calibrated,0.9837037266664127,0.0,nan,insufficient_train_impostor_trials_lt_1000
GTSinger_same_text_control,wavlm_l12,12,53,0,10,correct_sign_global,DE-Tenor-1;EN-Alto-1;ES-Bass-1;ES-Soprano-1;FR-Tenor-1;IT-Soprano-1;JA-Tenor-1;KO-Soprano-1;RU-Alto-1;ZH-Alto-1,0.1,0.7777777777777778,sampled_from_held_out_test_speakers_only; target_included_once; identical_gallery_for_raw_and_corrected,0.8,0.9,2.1,0.836111111111111,0.2,0.9929760591797162,0.9866794065962962,0.006296652583420048,10,90,10,90,0.2,train_calibrated,0.9959521578607646,0.0,nan,insufficient_train_impostor_trials_lt_1000
GTSinger_same_text_control,wavlm_l12,12,59,0,5,raw,DE-Tenor-1;EN-Alto-2;FR-Tenor-1;KO-Soprano-2;RU-Alto-1,0.2,0.25,sampled_from_held_out_test_speakers_only; target_included_once; identical_gallery_for_raw_and_corrected,0.4,1.0,2.6,0.5900000000000001,0.42500000000000004,0.9700588045023049,0.9618925783913378,0.008166226110967068,5,20,10,90,0.0,train_calibrated,0.9923185442948536,0.0,nan,insufficient_train_impostor_trials_lt_1000
GTSinger_same_text_control,wavlm_l12,12,59,0,5,correct_sign_global,DE-Tenor-1;EN-Alto-2;FR-Tenor-1;KO-Soprano-2;RU-Alto-1,0.2,0.7500000000000001,sampled_from_held_out_test_speakers_only; target_included_once; identical_gallery_for_raw_and_corrected,0.8,1.0,1.2,0.9,0.2,0.9939049867590126,0.9858615774041649,0.008043409354847708,5,20,10,90,0.4,train_calibrated,0.9956135172091447,0.0,nan,insufficient_train_impostor_trials_lt_1000
GTSinger_same_text_control,wavlm_l12,12,59,0,10,raw,DE-Soprano-1;DE-Tenor-1;EN-Alto-2;FR-Soprano-1;FR-Tenor-1;JA-Tenor-1;KO-Soprano-1;KO-Soprano-2;RU-Alto-1;ZH-Alto-1,0.1,0.11111111111111112,sampled_from_held_out_test_speakers_only; target_included_once; identical_gallery_for_raw_and_corrected,0.2,0.7,4.6,0.3977777777777778,0.37777777777777777,0.9672583736441933,0.9603594767314704,0.0068988969127229405,10,90,10,90,0.0,train_calibrated,0.9923185442948536,0.0,nan,insufficient_train_impostor_trials_lt_1000
GTSinger_same_text_control,wavlm_l12,12,59,0,10,correct_sign_global,DE-Soprano-1;DE-Tenor-1;EN-Alto-2;FR-Soprano-1;FR-Tenor-1;JA-Tenor-1;KO-Soprano-1;KO-Soprano-2;RU-Alto-1;ZH-Alto-1,0.1,0.6666666666666666,sampled_from_held_out_test_speakers_only; target_included_once; identical_gallery_for_raw_and_corrected,0.7,0.9,2.2,0.7777777777777778,0.2,0.9932264487004906,0.9864343098985627,0.006792138801927861,10,90,10,90,0.4,train_calibrated,0.9956135172091447,0.0,nan,insufficient_train_impostor_trials_lt_1000
GTSinger_same_text_control,wavlm_l12,12,61,0,5,raw,ES-Soprano-1;JA-Tenor-1;KO-Soprano-1;KO-Soprano-2;KO-Tenor-1,0.2,0.25,sampled_from_held_out_test_speakers_only; target_included_once; identical_gallery_for_raw_and_corrected,0.4,1.0,2.6,0.5733333333333334,0.4,0.9659149260449812,0.9611313158545401,0.0047836101904410455,5,20,10,90,0.0,train_calibrated,0.9892896386292315,0.0,nan,insufficient_train_impostor_trials_lt_1000
GTSinger_same_text_control,wavlm_l12,12,61,0,5,correct_sign_global,ES-Soprano-1;JA-Tenor-1;KO-Soprano-1;KO-Soprano-2;KO-Tenor-1,0.2,0.49999999999999994,sampled_from_held_out_test_speakers_only; target_included_once; identical_gallery_for_raw_and_corrected,0.6,1.0,2.2,0.7066666666666667,0.225,0.9926081840243846,0.9878789991267707,0.0047291848976138695,5,20,10,90,0.6,train_calibrated,0.9943022002515814,0.0,nan,insufficient_train_impostor_trials_lt_1000
GTSinger_same_text_control,wavlm_l12,12,61,0,10,raw,DE-Soprano-1;DE-Tenor-1;EN-Tenor-1;ES-Bass-1;ES-Soprano-1;FR-Tenor-1;JA-Tenor-1;KO-Soprano-1;KO-Soprano-2;KO-Tenor-1,0.1,0.0,sampled_from_held_out_test_speakers_only; target_included_once; identical_gallery_for_raw_and_corrected,0.1,0.6,5.0,0.3402777777777778,0.4,0.9657212610019853,0.959582188495191,0.006139072506794352,10,90,10,90,0.0,train_calibrated,0.9892896386292315,0.0,nan,insufficient_train_impostor_trials_lt_1000
GTSinger_same_text_control,wavlm_l12,12,61,0,10,correct_sign_global,DE-Soprano-1;DE-Tenor-1;EN-Tenor-1;ES-Bass-1;ES-Soprano-1;FR-Tenor-1;JA-Tenor-1;KO-Soprano-1;KO-Soprano-2;KO-Tenor-1,0.1,0.6666666666666666,sampled_from_held_out_test_speakers_only; target_included_once; identical_gallery_for_raw_and_corrected,0.7,0.9,2.3,0.7694444444444445,0.2,0.992946756422777,0.9868372195325968,0.006109536890180123,10,90,10,90,0.5,train_calibrated,0.9943022002515814,0.0,nan,insufficient_train_impostor_trials_lt_1000
GTSinger_same_text_control,wavlm_l12,12,67,0,5,raw,DE-Soprano-1;FR-Tenor-1;KO-Soprano-1;KO-Tenor-1;RU-Alto-1,0.2,0.0,sampled_from_held_out_test_speakers_only; target_included_once; identical_gallery_for_raw_and_corrected,0.2,1.0,2.8,0.4733333333333333,0.4,0.9730318673611855,0.9661724190984498,0.006859448262735768,5,20,10,90,0.2,train_calibrated,0.9834745880434813,0.0,nan,insufficient_train_impostor_trials_lt_1000
GTSinger_same_text_control,wavlm_l12,12,67,0,5,correct_sign_global,DE-Soprano-1;FR-Tenor-1;KO-Soprano-1;KO-Tenor-1;RU-Alto-1,0.2,0.49999999999999994,sampled_from_held_out_test_speakers_only; target_included_once; identical_gallery_for_raw_and_corrected,0.6,1.0,1.4,0.8,0.2,0.9935460764899313,0.9867264601736319,0.006819616316299459,5,20,10,90,0.4,train_calibrated,0.9957160802282548,0.0,nan,insufficient_train_impostor_trials_lt_1000
GTSinger_same_text_control,wavlm_l12,12,67,0,10,raw,DE-Soprano-1;DE-Tenor-1;EN-Tenor-1;FR-Tenor-1;IT-Bass-1;IT-Soprano-1;KO-Soprano-1;KO-Soprano-2;KO-Tenor-1;RU-Alto-1,0.1,0.0,sampled_from_held_out_test_speakers_only; target_included_once; identical_gallery_for_raw_and_corrected,0.1,0.6,4.8,0.3258333333333333,0.31666666666666665,0.9706219671669076,0.9645131401537939,0.006108827013113771,10,90,10,90,0.1,train_calibrated,0.9834745880434813,0.0,nan,insufficient_train_impostor_trials_lt_1000
GTSinger_same_text_control,wavlm_l12,12,67,0,10,correct_sign_global,DE-Soprano-1;DE-Tenor-1;EN-Tenor-1;FR-Tenor-1;IT-Bass-1;IT-Soprano-1;KO-Soprano-1;KO-Soprano-2;KO-Tenor-1;RU-Alto-1,0.1,0.6666666666666666,sampled_from_held_out_test_speakers_only; target_included_once; identical_gallery_for_raw_and_corrected,0.7,0.9,1.8,0.8,0.1111111111111111,0.993780251977196,0.9877073775991317,0.0060728743780642525,10,90,10,90,0.3,train_calibrated,0.9957160802282548,0.0,nan,insufficient_train_impostor_trials_lt_1000
GTSinger_same_text_control,wavlm_l12,12,71,0,5,raw,DE-Soprano-1;EN-Tenor-1;KO-Soprano-1;RU-Alto-1;ZH-Alto-1,0.2,0.0,sampled_from_held_out_test_speakers_only; target_included_once; identical_gallery_for_raw_and_corrected,0.2,1.0,2.8,0.47333333333333333,0.4,0.9729144528698879,0.968174958613582,0.004739494256305821,5,20,10,90,0.0,train_calibrated,0.9923185442948536,0.0,nan,insufficient_train_impostor_trials_lt_1000
GTSinger_same_text_control,wavlm_l12,12,71,0,5,correct_sign_global,DE-Soprano-1;EN-Tenor-1;KO-Soprano-1;RU-Alto-1;ZH-Alto-1,0.2,1.0,sampled_from_held_out_test_speakers_only; target_included_once; identical_gallery_for_raw_and_corrected,1.0,1.0,1.0,1.0,0.025,0.9940170733042579,0.9892539062624357,0.004763167041822225,5,20,10,90,0.2,train_calibrated,0.9956018915463928,0.0,nan,insufficient_train_impostor_trials_lt_1000
GTSinger_same_text_control,wavlm_l12,12,71,0,10,raw,DE-Soprano-1;EN-Alto-2;EN-Tenor-1;ES-Soprano-1;IT-Soprano-1;JA-Tenor-1;KO-Soprano-1;KO-Tenor-1;RU-Alto-1;ZH-Alto-1,0.1,0.11111111111111112,sampled_from_held_out_test_speakers_only; target_included_once; identical_gallery_for_raw_and_corrected,0.2,0.7,4.6,0.3977777777777778,0.3833333333333333,0.9686769301802475,0.9626702502405833,0.0060066799396641946,10,90,10,90,0.0,train_calibrated,0.9923185442948536,0.0,nan,insufficient_train_impostor_trials_lt_1000
GTSinger_same_text_control,wavlm_l12,12,71,0,10,correct_sign_global,DE-Soprano-1;EN-Alto-2;EN-Tenor-1;ES-Soprano-1;IT-Soprano-1;JA-Tenor-1;KO-Soprano-1;KO-Tenor-1;RU-Alto-1;ZH-Alto-1,0.1,0.7777777777777778,sampled_from_held_out_test_speakers_only; target_included_once; identical_gallery_for_raw_and_corrected,0.8,0.9,2.0,0.86,0.1,0.9937761918024786,0.9878529262532786,0.005923265549199974,10,90,10,90,0.4,train_calibrated,0.9956018915463928,0.0,nan,insufficient_train_impostor_trials_lt_1000
GTSinger_same_text_control,wavlm_l12,12,73,0,5,raw,EN-Alto-2;IT-Bass-1;IT-Bass-2;IT-Soprano-1;JA-Tenor-1,0.2,0.0,sampled_from_held_out_test_speakers_only; target_included_once; identical_gallery_for_raw_and_corrected,0.2,1.0,3.0,0.45666666666666667,0.4,0.959433471576304,0.95148564970559,0.007947821870713967,5,20,10,90,0.0,train_calibrated,0.9893871945915839,0.0,nan,insufficient_train_impostor_trials_lt_1000
GTSinger_same_text_control,wavlm_l12,12,73,0,5,correct_sign_global,EN-Alto-2;IT-Bass-1;IT-Bass-2;IT-Soprano-1;JA-Tenor-1,0.2,0.49999999999999994,sampled_from_held_out_test_speakers_only; target_included_once; identical_gallery_for_raw_and_corrected,0.6,1.0,2.0,0.7166666666666667,0.4,0.9884952744466894,0.9807605360045033,0.007734738442186084,5,20,10,90,0.2,train_calibrated,0.9954218011832526,0.0,nan,insufficient_train_impostor_trials_lt_1000
GTSinger_same_text_control,wavlm_l12,12,73,0,10,raw,DE-Tenor-1;EN-Alto-2;ES-Soprano-1;FR-Tenor-1;IT-Bass-1;IT-Bass-2;IT-Soprano-1;JA-Soprano-1;JA-Tenor-1;ZH-Tenor-1,0.1,0.11111111111111112,sampled_from_held_out_test_speakers_only; target_included_once; identical_gallery_for_raw_and_corrected,0.2,0.5,5.1,0.36456349206349203,0.5,0.961329978774452,0.9540318589833229,0.007298119791129154,10,90,10,90,0.0,train_calibrated,0.9893871945915839,0.0,nan,insufficient_train_impostor_trials_lt_1000
GTSinger_same_text_control,wavlm_l12,12,73,0,10,correct_sign_global,DE-Tenor-1;EN-Alto-2;ES-Soprano-1;FR-Tenor-1;IT-Bass-1;IT-Bass-2;IT-Soprano-1;JA-Soprano-1;JA-Tenor-1;ZH-Tenor-1,0.1,0.5555555555555556,sampled_from_held_out_test_speakers_only; target_included_once; identical_gallery_for_raw_and_corrected,0.6,0.8,2.8,0.6967857142857143,0.3,0.9898655175640936,0.9826414820438845,0.0072240355202091155,10,90,10,90,0.2,train_calibrated,0.9954218011832526,0.0,nan,insufficient_train_impostor_trials_lt_1000
GTSinger_same_text_control,wavlm_l12,12,79,0,5,raw,EN-Alto-1;ES-Bass-1;ES-Soprano-1;KO-Tenor-1;ZH-Alto-1,0.2,0.25,sampled_from_held_out_test_speakers_only; target_included_once; identical_gallery_for_raw_and_corrected,0.4,1.0,2.4,0.6,0.4,0.9773902008145244,0.9703014784608,0.007088722353724486,5,20,10,90,0.2,train_calibrated,0.9810823562445224,0.0,nan,insufficient_train_impostor_trials_lt_1000
GTSinger_same_text_control,wavlm_l12,12,79,0,5,correct_sign_global,EN-Alto-1;ES-Bass-1;ES-Soprano-1;KO-Tenor-1;ZH-Alto-1,0.2,1.0,sampled_from_held_out_test_speakers_only; target_included_once; identical_gallery_for_raw_and_corrected,1.0,1.0,1.0,1.0,0.175,0.9944539935969073,0.9876226173266088,0.006831376270298506,5,20,10,90,0.6,train_calibrated,0.9947150230130613,0.0,nan,insufficient_train_impostor_trials_lt_1000
GTSinger_same_text_control,wavlm_l12,12,79,0,10,raw,EN-Alto-1;EN-Alto-2;ES-Bass-1;ES-Soprano-1;IT-Bass-1;IT-Bass-2;JA-Soprano-1;KO-Tenor-1;RU-Alto-1;ZH-Alto-1,0.1,0.2222222222222222,sampled_from_held_out_test_speakers_only; target_included_once; identical_gallery_for_raw_and_corrected,0.3,0.5,4.5,0.45285714285714285,0.4,0.9722480601436413,0.9650648923160196,0.007183167827621739,10,90,10,90,0.2,train_calibrated,0.9810823562445224,0.0,nan,insufficient_train_impostor_trials_lt_1000
GTSinger_same_text_control,wavlm_l12,12,79,0,10,correct_sign_global,EN-Alto-1;EN-Alto-2;ES-Bass-1;ES-Soprano-1;IT-Bass-1;IT-Bass-2;JA-Soprano-1;KO-Tenor-1;RU-Alto-1;ZH-Alto-1,0.1,0.5555555555555556,sampled_from_held_out_test_speakers_only; target_included_once; identical_gallery_for_raw_and_corrected,0.6,1.0,1.6,0.7666666666666666,0.2,0.9917285027783616,0.9847150421083013,0.007013460670060256,10,90,10,90,0.3,train_calibrated,0.9947150230130613,0.0,nan,insufficient_train_impostor_trials_lt_1000
GTSinger_same_text_control,wavlm_l12,12,83,0,5,raw,EN-Alto-2;JA-Soprano-1;KO-Soprano-2;KO-Tenor-1;ZH-Alto-1,0.2,0.25,sampled_from_held_out_test_speakers_only; target_included_once; identical_gallery_for_raw_and_corrected,0.4,1.0,2.6,0.5666666666666667,0.375,0.9689640761949498,0.9619190887255051,0.007044987469444708,5,20,10,90,0.0,train_calibrated,0.9842778304458347,0.0,nan,insufficient_train_impostor_trials_lt_1000
GTSinger_same_text_control,wavlm_l12,12,83,0,5,correct_sign_global,EN-Alto-2;JA-Soprano-1;KO-Soprano-2;KO-Tenor-1;ZH-Alto-1,0.2,1.0,sampled_from_held_out_test_speakers_only; target_included_once; identical_gallery_for_raw_and_corrected,1.0,1.0,1.0,1.0,0.2,0.992955177424221,0.9861089022822401,0.006846275141980884,5,20,10,90,0.4,train_calibrated,0.9950363827160412,0.0,nan,insufficient_train_impostor_trials_lt_1000
GTSinger_same_text_control,wavlm_l12,12,83,0,10,raw,DE-Soprano-1;EN-Alto-2;ES-Bass-1;IT-Soprano-1;JA-Soprano-1;KO-Soprano-2;KO-Tenor-1;RU-Alto-1;ZH-Alto-1;ZH-Tenor-1,0.1,0.11111111111111112,sampled_from_held_out_test_speakers_only; target_included_once; identical_gallery_for_raw_and_corrected,0.2,0.5,4.4,0.39166666666666666,0.3944444444444445,0.9733856178503281,0.9670934517588181,0.006292166091509954,10,90,10,90,0.1,train_calibrated,0.9842778304458347,0.0,nan,insufficient_train_impostor_trials_lt_1000
GTSinger_same_text_control,wavlm_l12,12,83,0,10,correct_sign_global,DE-Soprano-1;EN-Alto-2;ES-Bass-1;IT-Soprano-1;JA-Soprano-1;KO-Soprano-2;KO-Tenor-1;RU-Alto-1;ZH-Alto-1;ZH-Tenor-1,0.1,0.7777777777777778,sampled_from_held_out_test_speakers_only; target_included_once; identical_gallery_for_raw_and_corrected,0.8,1.0,1.4,0.8666666666666666,0.11666666666666667,0.9935446180007709,0.9873487660918137,0.006195851908957217,10,90,10,90,0.4,train_calibrated,0.9950363827160412,0.0,nan,insufficient_train_impostor_trials_lt_1000
GTSinger_same_text_control,wavlm_l12,12,89,0,5,raw,EN-Alto-1;FR-Tenor-1;IT-Bass-2;IT-Soprano-1;KO-Soprano-2,0.2,0.25,sampled_from_held_out_test_speakers_only; target_included_once; identical_gallery_for_raw_and_corrected,0.4,1.0,2.8,0.5566666666666666,0.4,0.9684421464437681,0.9611234428185185,0.007318703625249667,5,20,10,90,0.2,train_calibrated,0.9837037266664127,0.0,nan,insufficient_train_impostor_trials_lt_1000
GTSinger_same_text_control,wavlm_l12,12,89,0,5,correct_sign_global,EN-Alto-1;FR-Tenor-1;IT-Bass-2;IT-Soprano-1;KO-Soprano-2,0.2,0.49999999999999994,sampled_from_held_out_test_speakers_only; target_included_once; identical_gallery_for_raw_and_corrected,0.6,1.0,1.6,0.7666666666666666,0.2,0.9916900960893995,0.9844981775629924,0.007191918526407104,5,20,10,90,0.4,train_calibrated,0.9945090637536776,0.0,nan,insufficient_train_impostor_trials_lt_1000
GTSinger_same_text_control,wavlm_l12,12,89,0,10,raw,DE-Soprano-1;DE-Tenor-1;EN-Alto-1;ES-Bass-1;ES-Soprano-1;FR-Tenor-1;IT-Bass-2;IT-Soprano-1;KO-Soprano-2;RU-Alto-1,0.1,0.2222222222222222,sampled_from_held_out_test_speakers_only; target_included_once; identical_gallery_for_raw_and_corrected,0.3,0.6,4.7,0.43956349206349205,0.4,0.9722157099194273,0.9659366593038976,0.006279050615529691,10,90,10,90,0.2,train_calibrated,0.9837037266664127,0.0,nan,insufficient_train_impostor_trials_lt_1000
GTSinger_same_text_control,wavlm_l12,12,89,0,10,correct_sign_global,DE-Soprano-1;DE-Tenor-1;EN-Alto-1;ES-Bass-1;ES-Soprano-1;FR-Tenor-1;IT-Bass-2;IT-Soprano-1;KO-Soprano-2;RU-Alto-1,0.1,0.7777777777777778,sampled_from_held_out_test_speakers_only; target_included_once; identical_gallery_for_raw_and_corrected,0.8,1.0,1.5,0.8583333333333332,0.2,0.9930568834330116,0.9868326749950267,0.0062242084379848794,10,90,10,90,0.4,train_calibrated,0.9945090637536776,0.0,nan,insufficient_train_impostor_trials_lt_1000
GTSinger_same_text_control,wavlm_l12,12,97,0,5,raw,DE-Tenor-1;EN-Tenor-1;ES-Soprano-1;JA-Tenor-1;RU-Alto-1,0.2,0.0,sampled_from_held_out_test_speakers_only; target_included_once; identical_gallery_for_raw_and_corrected,0.2,1.0,3.0,0.45666666666666667,0.45,0.961366348934819,0.9564274190004568,0.0049389299343621795,5,20,10,90,0.0,train_calibrated,0.9893871945915839,0.0,nan,insufficient_train_impostor_trials_lt_1000
GTSinger_same_text_control,wavlm_l12,12,97,0,5,correct_sign_global,DE-Tenor-1;EN-Tenor-1;ES-Soprano-1;JA-Tenor-1;RU-Alto-1,0.2,0.7500000000000001,sampled_from_held_out_test_speakers_only; target_included_once; identical_gallery_for_raw_and_corrected,0.8,1.0,1.8,0.8400000000000001,0.2,0.9915155279038155,0.9865973320307958,0.004918195873019671,5,20,10,90,0.2,train_calibrated,0.9957758951758597,0.0,nan,insufficient_train_impostor_trials_lt_1000
GTSinger_same_text_control,wavlm_l12,12,97,0,10,raw,DE-Soprano-1;DE-Tenor-1;EN-Tenor-1;ES-Soprano-1;FR-Tenor-1;IT-Bass-1;JA-Tenor-1;RU-Alto-1;ZH-Alto-1;ZH-Tenor-1,0.1,0.0,sampled_from_held_out_test_speakers_only; target_included_once; identical_gallery_for_raw_and_corrected,0.1,0.6,5.1,0.3170634920634921,0.4,0.9658821255625807,0.959739898434505,0.006142227128075661,10,90,10,90,0.0,train_calibrated,0.9893871945915839,0.0,nan,insufficient_train_impostor_trials_lt_1000
GTSinger_same_text_control,wavlm_l12,12,97,0,10,correct_sign_global,DE-Soprano-1;DE-Tenor-1;EN-Tenor-1;ES-Soprano-1;FR-Tenor-1;IT-Bass-1;JA-Tenor-1;RU-Alto-1;ZH-Alto-1;ZH-Tenor-1,0.1,0.7777777777777778,sampled_from_held_out_test_speakers_only; target_included_once; identical_gallery_for_raw_and_corrected,0.8,0.9,2.2,0.831111111111111,0.2,0.9924511734258651,0.9863609929373675,0.006090180488497632,10,90,10,90,0.2,train_calibrated,0.9957758951758597,0.0,nan,insufficient_train_impostor_trials_lt_1000
GTSinger_same_text_control,wavlm_l12,12,101,0,5,raw,ES-Bass-1;FR-Tenor-1;KO-Soprano-1;KO-Soprano-2;KO-Tenor-1,0.2,0.0,sampled_from_held_out_test_speakers_only; target_included_once; identical_gallery_for_raw_and_corrected,0.2,1.0,2.8,0.47333333333333333,0.375,0.9721206937479507,0.9651367275766539,0.006983966171296818,5,20,10,90,0.0,train_calibrated,0.9892896386292315,0.0,nan,insufficient_train_impostor_trials_lt_1000
GTSinger_same_text_control,wavlm_l12,12,101,0,5,correct_sign_global,ES-Bass-1;FR-Tenor-1;KO-Soprano-1;KO-Soprano-2;KO-Tenor-1,0.2,0.49999999999999994,sampled_from_held_out_test_speakers_only; target_included_once; identical_gallery_for_raw_and_corrected,0.6,1.0,1.4,0.8,0.2,0.9943096353295457,0.9874154301591055,0.00689420517044026,5,20,10,90,0.4,train_calibrated,0.9948274703505594,0.0,nan,insufficient_train_impostor_trials_lt_1000
GTSinger_same_text_control,wavlm_l12,12,101,0,10,raw,EN-Tenor-1;ES-Bass-1;ES-Soprano-1;FR-Tenor-1;IT-Bass-2;KO-Soprano-1;KO-Soprano-2;KO-Tenor-1;ZH-Alto-1;ZH-Tenor-1,0.1,0.0,sampled_from_held_out_test_speakers_only; target_included_once; identical_gallery_for_raw_and_corrected,0.1,0.7,4.8,0.33,0.3,0.9689907412749147,0.9624221405016198,0.006568600773294908,10,90,10,90,0.0,train_calibrated,0.9892896386292315,0.0,nan,insufficient_train_impostor_trials_lt_1000
GTSinger_same_text_control,wavlm_l12,12,101,0,10,correct_sign_global,EN-Tenor-1;ES-Bass-1;ES-Soprano-1;FR-Tenor-1;IT-Bass-2;KO-Soprano-1;KO-Soprano-2;KO-Tenor-1;ZH-Alto-1;ZH-Tenor-1,0.1,0.6666666666666666,sampled_from_held_out_test_speakers_only; target_included_once; identical_gallery_for_raw_and_corrected,0.7,1.0,1.5,0.825,0.2,0.9933167465211235,0.9868019142158889,0.00651483230523453,10,90,10,90,0.3,train_calibrated,0.9948274703505594,0.0,nan,insufficient_train_impostor_trials_lt_1000
GTSinger_same_text_control,wavlm_l12,12,103,0,5,raw,EN-Alto-1;ES-Bass-1;IT-Soprano-1;KO-Soprano-1;RU-Alto-1,0.2,0.49999999999999994,sampled_from_held_out_test_speakers_only; target_included_once; identical_gallery_for_raw_and_corrected,0.6,1.0,2.2,0.7,0.4,0.9794990204335303,0.9737907447108747,0.005708275722655642,5,20,10,90,0.4,train_calibrated,0.9837037266664127,0.0,nan,insufficient_train_impostor_trials_lt_1000
GTSinger_same_text_control,wavlm_l12,12,103,0,5,correct_sign_global,EN-Alto-1;ES-Bass-1;IT-Soprano-1;KO-Soprano-1;RU-Alto-1,0.2,1.0,sampled_from_held_out_test_speakers_only; target_included_once; identical_gallery_for_raw_and_corrected,1.0,1.0,1.0,1.0,0.025,0.9928394729137299,0.9871990869952043,0.005640385918525559,5,20,10,90,0.2,train_calibrated,0.9939590909951131,0.0,nan,insufficient_train_impostor_trials_lt_1000
GTSinger_same_text_control,wavlm_l12,12,103,0,10,raw,DE-Tenor-1;EN-Alto-1;ES-Bass-1;ES-Soprano-1;FR-Soprano-1;IT-Soprano-1;KO-Soprano-1;KO-Soprano-2;KO-Tenor-1;RU-Alto-1,0.1,0.2222222222222222,sampled_from_held_out_test_speakers_only; target_included_once; identical_gallery_for_raw_and_corrected,0.3,0.5,4.3,0.4416666666666666,0.4166666666666667,0.9758525774279632,0.9705308032643765,0.005321774163586701,10,90,10,90,0.2,train_calibrated,0.9837037266664127,0.0,nan,insufficient_train_impostor_trials_lt_1000
GTSinger_same_text_control,wavlm_l12,12,103,0,10,correct_sign_global,DE-Tenor-1;EN-Alto-1;ES-Bass-1;ES-Soprano-1;FR-Soprano-1;IT-Soprano-1;KO-Soprano-1;KO-Soprano-2;KO-Tenor-1;RU-Alto-1,0.1,0.6666666666666666,sampled_from_held_out_test_speakers_only; target_included_once; identical_gallery_for_raw_and_corrected,0.7,1.0,1.4,0.8333333333333333,0.12222222222222222,0.9940843001672504,0.9888712400925825,0.005213060074667819,10,90,10,90,0.6,train_calibrated,0.9939590909951131,0.0,nan,insufficient_train_impostor_trials_lt_1000
GTSinger_same_text_control,wavlm_l12,12,107,0,5,raw,DE-Soprano-1;EN-Alto-2;FR-Tenor-1;JA-Soprano-1;KO-Tenor-1,0.2,0.25,sampled_from_held_out_test_speakers_only; target_included_once; identical_gallery_for_raw_and_corrected,0.4,1.0,2.8,0.5566666666666668,0.4,0.9656100063960876,0.9574824189839468,0.008127587412140813,5,20,10,90,0.0,train_calibrated,0.9892896386292315,0.0,nan,insufficient_train_impostor_trials_lt_1000
GTSinger_same_text_control,wavlm_l12,12,107,0,5,correct_sign_global,DE-Soprano-1;EN-Alto-2;FR-Tenor-1;JA-Soprano-1;KO-Tenor-1,0.2,0.7500000000000001,sampled_from_held_out_test_speakers_only; target_included_once; identical_gallery_for_raw_and_corrected,0.8,1.0,1.4,0.8666666666666668,0.25,0.9926221678291887,0.9846218533362405,0.008000314492948135,5,20,10,90,0.4,train_calibrated,0.9956201195875821,0.0,nan,insufficient_train_impostor_trials_lt_1000
GTSinger_same_text_control,wavlm_l12,12,107,0,10,raw,DE-Soprano-1;DE-Tenor-1;EN-Alto-2;ES-Bass-1;FR-Tenor-1;JA-Soprano-1;JA-Tenor-1;KO-Soprano-1;KO-Tenor-1;ZH-Alto-1,0.1,0.0,sampled_from_held_out_test_speakers_only; target_included_once; identical_gallery_for_raw_and_corrected,0.1,0.7,4.8,0.3277777777777778,0.4,0.9637438923273886,0.9565829826729005,0.007160909654488012,10,90,10,90,0.0,train_calibrated,0.9892896386292315,0.0,nan,insufficient_train_impostor_trials_lt_1000
GTSinger_same_text_control,wavlm_l12,12,107,0,10,correct_sign_global,DE-Soprano-1;DE-Tenor-1;EN-Alto-2;ES-Bass-1;FR-Tenor-1;JA-Soprano-1;JA-Tenor-1;KO-Soprano-1;KO-Tenor-1;ZH-Alto-1,0.1,0.6666666666666666,sampled_from_held_out_test_speakers_only; target_included_once; identical_gallery_for_raw_and_corrected,0.7,0.9,2.2,0.7861111111111111,0.21666666666666667,0.9919556048104097,0.9849128493351855,0.0070427554752241495,10,90,10,90,0.2,train_calibrated,0.9956201195875821,0.0,nan,insufficient_train_impostor_trials_lt_1000
GTSinger_same_text_control,wavlm_l12,12,109,0,5,raw,EN-Alto-1;ES-Bass-1;ES-Soprano-1;JA-Tenor-1;KO-Soprano-2,0.2,0.25,sampled_from_held_out_test_speakers_only; target_included_once; identical_gallery_for_raw_and_corrected,0.4,1.0,2.2,0.64,0.2,0.969783804899573,0.9642446545552389,0.005539150344334165,5,20,10,90,0.2,train_calibrated,0.9837037266664127,0.0,nan,insufficient_train_impostor_trials_lt_1000
GTSinger_same_text_control,wavlm_l12,12,109,0,5,correct_sign_global,EN-Alto-1;ES-Bass-1;ES-Soprano-1;JA-Tenor-1;KO-Soprano-2,0.2,0.7500000000000001,sampled_from_held_out_test_speakers_only; target_included_once; identical_gallery_for_raw_and_corrected,0.8,1.0,1.8,0.8400000000000001,0.2,0.9931118159900774,0.9877310147890945,0.005380801200982832,5,20,10,90,0.4,train_calibrated,0.9941819734090568,0.0,nan,insufficient_train_impostor_trials_lt_1000
GTSinger_same_text_control,wavlm_l12,12,109,0,10,raw,EN-Alto-1;ES-Bass-1;ES-Soprano-1;FR-Soprano-1;FR-Tenor-1;JA-Tenor-1;KO-Soprano-2;KO-Tenor-1;RU-Alto-1;ZH-Alto-1,0.1,0.2222222222222222,sampled_from_held_out_test_speakers_only; target_included_once; identical_gallery_for_raw_and_corrected,0.3,0.5,4.7,0.43539682539682545,0.4166666666666667,0.970986280737625,0.9646084325006058,0.006377848237019257,10,90,10,90,0.2,train_calibrated,0.9837037266664127,0.0,nan,insufficient_train_impostor_trials_lt_1000
GTSinger_same_text_control,wavlm_l12,12,109,0,10,correct_sign_global,EN-Alto-1;ES-Bass-1;ES-Soprano-1;FR-Soprano-1;FR-Tenor-1;JA-Tenor-1;KO-Soprano-2;KO-Tenor-1;RU-Alto-1;ZH-Alto-1,0.1,0.6666666666666666,sampled_from_held_out_test_speakers_only; target_included_once; identical_gallery_for_raw_and_corrected,0.7,0.9,2.0,0.8111111111111111,0.2,0.993383223617049,0.9871544097705565,0.0062288138464925424,10,90,10,90,0.4,train_calibrated,0.9941819734090568,0.0,nan,insufficient_train_impostor_trials_lt_1000
GTSinger_same_text_control,wavlm_l12,12,113,0,5,raw,EN-Alto-1;EN-Tenor-1;KO-Soprano-1;KO-Tenor-1;ZH-Alto-1,0.2,0.0,sampled_from_held_out_test_speakers_only; target_included_once; identical_gallery_for_raw_and_corrected,0.2,1.0,2.4,0.54,0.2,0.9715573795890752,0.9659111287695659,0.005646250819509313,5,20,10,90,0.2,train_calibrated,0.9816807483319872,0.0,nan,insufficient_train_impostor_trials_lt_1000
GTSinger_same_text_control,wavlm_l12,12,113,0,5,correct_sign_global,EN-Alto-1;EN-Tenor-1;KO-Soprano-1;KO-Tenor-1;ZH-Alto-1,0.2,0.7500000000000001,sampled_from_held_out_test_speakers_only; target_included_once; identical_gallery_for_raw_and_corrected,0.8,1.0,1.2,0.9,0.05,0.9941738618570352,0.9887118034873129,0.005462058369722245,5,20,10,90,0.2,train_calibrated,0.9957667557171052,0.0,nan,insufficient_train_impostor_trials_lt_1000
GTSinger_same_text_control,wavlm_l12,12,113,0,10,raw,EN-Alto-1;EN-Tenor-1;ES-Bass-1;FR-Tenor-1;IT-Bass-1;IT-Soprano-1;JA-Tenor-1;KO-Soprano-1;KO-Tenor-1;ZH-Alto-1,0.1,0.11111111111111112,sampled_from_held_out_test_speakers_only; target_included_once; identical_gallery_for_raw_and_corrected,0.2,0.7,4.5,0.3853968253968254,0.3,0.967005831098507,0.9602799333323406,0.006725897766166389,10,90,10,90,0.1,train_calibrated,0.9816807483319872,0.0,nan,insufficient_train_impostor_trials_lt_1000
GTSinger_same_text_control,wavlm_l12,12,113,0,10,correct_sign_global,EN-Alto-1;EN-Tenor-1;ES-Bass-1;FR-Tenor-1;IT-Bass-1;IT-Soprano-1;JA-Tenor-1;KO-Soprano-1;KO-Tenor-1;ZH-Alto-1,0.1,0.5555555555555556,sampled_from_held_out_test_speakers_only; target_included_once; identical_gallery_for_raw_and_corrected,0.6,0.8,2.5,0.7277777777777779,0.2,0.9923160465711602,0.9857574555936627,0.006558590977497558,10,90,10,90,0.1,train_calibrated,0.9957667557171052,0.0,nan,insufficient_train_impostor_trials_lt_1000
GTSinger_same_text_control,wavlm_l12,12,127,0,5,raw,EN-Alto-1;IT-Bass-2;JA-Soprano-1;KO-Soprano-1;RU-Alto-1,0.2,0.25,sampled_from_held_out_test_speakers_only; target_included_once; identical_gallery_for_raw_and_corrected,0.4,1.0,2.6,0.5733333333333333,0.4,0.9692148152472726,0.9624989674314746,0.006715847815798037,5,20,10,90,0.0,train_calibrated,0.9895896660160322,0.0,nan,insufficient_train_impostor_trials_lt_1000
GTSinger_same_text_control,wavlm_l12,12,127,0,5,correct_sign_global,EN-Alto-1;IT-Bass-2;JA-Soprano-1;KO-Soprano-1;RU-Alto-1,0.2,0.49999999999999994,sampled_from_held_out_test_speakers_only; target_included_once; identical_gallery_for_raw_and_corrected,0.6,1.0,1.4,0.8,0.4,0.9903367626350581,0.9837095894232688,0.0066271732117892945,5,20,10,90,0.0,train_calibrated,0.9957866691656742,0.0,nan,insufficient_train_impostor_trials_lt_1000
GTSinger_same_text_control,wavlm_l12,12,127,0,10,raw,DE-Soprano-1;EN-Alto-1;IT-Bass-1;IT-Bass-2;IT-Soprano-1;JA-Soprano-1;JA-Tenor-1;KO-Soprano-1;KO-Tenor-1;RU-Alto-1,0.1,0.11111111111111112,sampled_from_held_out_test_speakers_only; target_included_once; identical_gallery_for_raw_and_corrected,0.2,0.6,4.8,0.36277777777777775,0.3,0.9670556717430095,0.9609057767759837,0.006149894967025893,10,90,10,90,0.0,train_calibrated,0.9895896660160322,0.0,nan,insufficient_train_impostor_trials_lt_1000
GTSinger_same_text_control,wavlm_l12,12,127,0,10,correct_sign_global,DE-Soprano-1;EN-Alto-1;IT-Bass-1;IT-Bass-2;IT-Soprano-1;JA-Soprano-1;JA-Tenor-1;KO-Soprano-1;KO-Tenor-1;RU-Alto-1,0.1,0.5555555555555556,sampled_from_held_out_test_speakers_only; target_included_once; identical_gallery_for_raw_and_corrected,0.6,0.9,2.3,0.7325,0.3,0.9918864713328611,0.9858411358923388,0.006045335440522326,10,90,10,90,0.3,train_calibrated,0.9957866691656742,0.0,nan,insufficient_train_impostor_trials_lt_1000
GTSinger_same_text_control,wavlm_l12,12,131,0,5,raw,FR-Tenor-1;JA-Soprano-1;KO-Soprano-1;KO-Tenor-1;ZH-Alto-1,0.2,0.25,sampled_from_held_out_test_speakers_only; target_included_once; identical_gallery_for_raw_and_corrected,0.4,1.0,2.2,0.64,0.4,0.964893678604733,0.9583228300190079,0.0065708485857250976,5,20,10,90,0.0,train_calibrated,0.9892896386292315,0.0,nan,insufficient_train_impostor_trials_lt_1000
GTSinger_same_text_control,wavlm_l12,12,131,0,5,correct_sign_global,FR-Tenor-1;JA-Soprano-1;KO-Soprano-1;KO-Tenor-1;ZH-Alto-1,0.2,0.49999999999999994,sampled_from_held_out_test_speakers_only; target_included_once; identical_gallery_for_raw_and_corrected,0.6,1.0,1.8,0.75,0.4,0.9919564315542525,0.9854484534985095,0.006507978055742991,5,20,10,90,0.4,train_calibrated,0.9954293088241849,0.0,nan,insufficient_train_impostor_trials_lt_1000
GTSinger_same_text_control,wavlm_l12,12,131,0,10,raw,DE-Tenor-1;ES-Bass-1;ES-Soprano-1;FR-Tenor-1;IT-Bass-2;JA-Soprano-1;JA-Tenor-1;KO-Soprano-1;KO-Tenor-1;ZH-Alto-1,0.1,0.0,sampled_from_held_out_test_speakers_only; target_included_once; identical_gallery_for_raw_and_corrected,0.1,0.7,4.9,0.3202777777777778,0.5,0.9618485375345388,0.9554350481207097,0.006413489413829132,10,90,10,90,0.0,train_calibrated,0.9892896386292315,0.0,nan,insufficient_train_impostor_trials_lt_1000
GTSinger_same_text_control,wavlm_l12,12,131,0,10,correct_sign_global,DE-Tenor-1;ES-Bass-1;ES-Soprano-1;FR-Tenor-1;IT-Bass-2;JA-Soprano-1;JA-Tenor-1;KO-Soprano-1;KO-Tenor-1;ZH-Alto-1,0.1,0.5555555555555556,sampled_from_held_out_test_speakers_only; target_included_once; identical_gallery_for_raw_and_corrected,0.6,0.7,2.8,0.6958333333333334,0.3,0.9904119300370352,0.984071066406113,0.006340863630922233,10,90,10,90,0.3,train_calibrated,0.9954293088241849,0.0,nan,insufficient_train_impostor_trials_lt_1000
GTSinger_same_text_control,wavlm_l12,12,137,0,5,raw,EN-Alto-1;FR-Tenor-1;KO-Soprano-1;KO-Tenor-1;ZH-Alto-1,0.2,0.0,sampled_from_held_out_test_speakers_only; target_included_once; identical_gallery_for_raw_and_corrected,0.2,1.0,2.4,0.54,0.225,0.9714532711828626,0.9636942706206424,0.007759000562220231,5,20,10,90,0.0,train_calibrated,0.9892896386292315,0.0,nan,insufficient_train_impostor_trials_lt_1000
GTSinger_same_text_control,wavlm_l12,12,137,0,5,correct_sign_global,EN-Alto-1;FR-Tenor-1;KO-Soprano-1;KO-Tenor-1;ZH-Alto-1,0.2,0.49999999999999994,sampled_from_held_out_test_speakers_only; target_included_once; identical_gallery_for_raw_and_corrected,0.6,1.0,1.6,0.7666666666666666,0.2,0.9936454096777624,0.9861236461745305,0.00752176350323186,5,20,10,90,0.2,train_calibrated,0.9959807467939862,0.0,nan,insufficient_train_impostor_trials_lt_1000
GTSinger_same_text_control,wavlm_l12,12,137,0,10,raw,DE-Soprano-1;EN-Alto-1;ES-Bass-1;ES-Soprano-1;FR-Tenor-1;IT-Soprano-1;JA-Tenor-1;KO-Soprano-1;KO-Tenor-1;ZH-Alto-1,0.1,0.11111111111111112,sampled_from_held_out_test_speakers_only; target_included_once; identical_gallery_for_raw_and_corrected,0.2,0.7,4.7,0.38111111111111107,0.3833333333333333,0.9692896526181152,0.9626693128088284,0.006620339809286779,10,90,10,90,0.0,train_calibrated,0.9892896386292315,0.0,nan,insufficient_train_impostor_trials_lt_1000
GTSinger_same_text_control,wavlm_l12,12,137,0,10,correct_sign_global,DE-Soprano-1;EN-Alto-1;ES-Bass-1;ES-Soprano-1;FR-Tenor-1;IT-Soprano-1;JA-Tenor-1;KO-Soprano-1;KO-Tenor-1;ZH-Alto-1,0.1,0.6666666666666666,sampled_from_held_out_test_speakers_only; target_included_once; identical_gallery_for_raw_and_corrected,0.7,0.9,2.2,0.7861111111111111,0.2,0.9936891235483534,0.9872072381545116,0.0064818853938417575,10,90,10,90,0.4,train_calibrated,0.9959807467939862,0.0,nan,insufficient_train_impostor_trials_lt_1000
GTSinger_same_text_control,wavlm_l12,12,139,0,5,raw,ES-Soprano-1;FR-Soprano-1;IT-Bass-2;JA-Soprano-1;ZH-Alto-1,0.2,0.0,sampled_from_held_out_test_speakers_only; target_included_once; identical_gallery_for_raw_and_corrected,0.2,1.0,2.6,0.5066666666666667,0.4,0.9651822127772572,0.9582624979412516,0.006919714836005619,5,20,10,90,0.0,train_calibrated,0.9923185442948536,0.0,nan,insufficient_train_impostor_trials_lt_1000
GTSinger_same_text_control,wavlm_l12,12,139,0,5,correct_sign_global,ES-Soprano-1;FR-Soprano-1;IT-Bass-2;JA-Soprano-1;ZH-Alto-1,0.2,1.0,sampled_from_held_out_test_speakers_only; target_included_once; identical_gallery_for_raw_and_corrected,1.0,1.0,1.0,1.0,0.4,0.9912652983945536,0.9844139439181323,0.0068513544764212675,5,20,10,90,0.4,train_calibrated,0.9942721713757213,0.0,nan,insufficient_train_impostor_trials_lt_1000
GTSinger_same_text_control,wavlm_l12,12,139,0,10,raw,EN-Alto-1;EN-Tenor-1;ES-Soprano-1;FR-Soprano-1;IT-Bass-2;JA-Soprano-1;JA-Tenor-1;KO-Tenor-1;ZH-Alto-1;ZH-Tenor-1,0.1,0.11111111111111112,sampled_from_held_out_test_speakers_only; target_included_once; identical_gallery_for_raw_and_corrected,0.2,0.7,4.7,0.375,0.4,0.9638831060039749,0.9577186052835123,0.006164500720462596,10,90,10,90,0.0,train_calibrated,0.9923185442948536,0.0,nan,insufficient_train_impostor_trials_lt_1000
GTSinger_same_text_control,wavlm_l12,12,139,0,10,correct_sign_global,EN-Alto-1;EN-Tenor-1;ES-Soprano-1;FR-Soprano-1;IT-Bass-2;JA-Soprano-1;JA-Tenor-1;KO-Tenor-1;ZH-Alto-1;ZH-Tenor-1,0.1,0.7777777777777778,sampled_from_held_out_test_speakers_only; target_included_once; identical_gallery_for_raw_and_corrected,0.8,0.9,1.9,0.861111111111111,0.3,0.9915921154183707,0.9855262217901074,0.006065893628263264,10,90,10,90,0.4,train_calibrated,0.9942721713757213,0.0,nan,insufficient_train_impostor_trials_lt_1000
GTSinger_same_text_control,wavlm_l12,12,149,0,5,raw,ES-Soprano-1;FR-Tenor-1;IT-Bass-1;JA-Soprano-1;ZH-Alto-1,0.2,0.0,sampled_from_held_out_test_speakers_only; target_included_once; identical_gallery_for_raw_and_corrected,0.2,1.0,2.8,0.47333333333333333,0.4,0.966632387168392,0.9589898286975167,0.007642558470875249,5,20,10,90,0.0,train_calibrated,0.9893871945915839,0.0,nan,insufficient_train_impostor_trials_lt_1000
GTSinger_same_text_control,wavlm_l12,12,149,0,5,correct_sign_global,ES-Soprano-1;FR-Tenor-1;IT-Bass-1;JA-Soprano-1;ZH-Alto-1,0.2,0.7500000000000001,sampled_from_held_out_test_speakers_only; target_included_once; identical_gallery_for_raw_and_corrected,0.8,1.0,1.2,0.9,0.2,0.9923329306455468,0.9847363197628441,0.007596610882702692,5,20,10,90,0.4,train_calibrated,0.994372641115259,0.0,nan,insufficient_train_impostor_trials_lt_1000
GTSinger_same_text_control,wavlm_l12,12,149,0,10,raw,EN-Alto-1;EN-Alto-2;ES-Soprano-1;FR-Tenor-1;IT-Bass-1;IT-Soprano-1;JA-Soprano-1;JA-Tenor-1;RU-Alto-1;ZH-Alto-1,0.1,0.2222222222222222,sampled_from_held_out_test_speakers_only; target_included_once; identical_gallery_for_raw_and_corrected,0.3,0.6,4.7,0.4420634920634921,0.3888888888888889,0.9675561007060323,0.9602738038137754,0.007282296892256901,10,90,10,90,0.0,train_calibrated,0.9893871945915839,0.0,nan,insufficient_train_impostor_trials_lt_1000
GTSinger_same_text_control,wavlm_l12,12,149,0,10,correct_sign_global,EN-Alto-1;EN-Alto-2;ES-Soprano-1;FR-Tenor-1;IT-Bass-1;IT-Soprano-1;JA-Soprano-1;JA-Tenor-1;RU-Alto-1;ZH-Alto-1,0.1,0.7777777777777778,sampled_from_held_out_test_speakers_only; target_included_once; identical_gallery_for_raw_and_corrected,0.8,0.9,2.0,0.8444444444444444,0.2777777777777778,0.9925462515236891,0.9854094160388454,0.007136835484843784,10,90,10,90,0.5,train_calibrated,0.994372641115259,0.0,nan,insufficient_train_impostor_trials_lt_1000
GTSinger_same_text_control,wavlm_l12,12,151,0,5,raw,EN-Tenor-1;ES-Bass-1;IT-Bass-2;JA-Soprano-1;KO-Soprano-2,0.2,0.0,sampled_from_held_out_test_speakers_only; target_included_once; identical_gallery_for_raw_and_corrected,0.2,1.0,2.8,0.4666666666666666,0.575,0.9635142758898867,0.9568174813228298,0.006696794567056852,5,20,10,90,0.0,train_calibrated,0.9867373424356833,0.0,nan,insufficient_train_impostor_trials_lt_1000
GTSinger_same_text_control,wavlm_l12,12,151,0,5,correct_sign_global,EN-Tenor-1;ES-Bass-1;IT-Bass-2;JA-Soprano-1;KO-Soprano-2,0.2,0.7500000000000001,sampled_from_held_out_test_speakers_only; target_included_once; identical_gallery_for_raw_and_corrected,0.8,1.0,1.4,0.8666666666666668,0.4,0.9903666696255862,0.9836305661681776,0.006736103457408604,5,20,10,90,0.2,train_calibrated,0.9948779077317381,0.0,nan,insufficient_train_impostor_trials_lt_1000
GTSinger_same_text_control,wavlm_l12,12,151,0,10,raw,DE-Soprano-1;EN-Tenor-1;ES-Bass-1;FR-Soprano-1;IT-Bass-1;IT-Bass-2;JA-Soprano-1;JA-Tenor-1;KO-Soprano-2;ZH-Tenor-1,0.1,0.0,sampled_from_held_out_test_speakers_only; target_included_once; identical_gallery_for_raw_and_corrected,0.1,0.6,4.9,0.32607142857142857,0.4,0.9643383675237519,0.9577353366325494,0.00660303089120251,10,90,10,90,0.0,train_calibrated,0.9867373424356833,0.0,nan,insufficient_train_impostor_trials_lt_1000
GTSinger_same_text_control,wavlm_l12,12,151,0,10,correct_sign_global,DE-Soprano-1;EN-Tenor-1;ES-Bass-1;FR-Soprano-1;IT-Bass-1;IT-Bass-2;JA-Soprano-1;JA-Tenor-1;KO-Soprano-2;ZH-Tenor-1,0.1,0.7777777777777778,sampled_from_held_out_test_speakers_only; target_included_once; identical_gallery_for_raw_and_corrected,0.8,0.8,2.3,0.8277777777777778,0.3,0.9915871873021811,0.984993881338461,0.0065933059637200975,10,90,10,90,0.3,train_calibrated,0.9948779077317381,0.0,nan,insufficient_train_impostor_trials_lt_1000
GTSinger_same_text_control,wavlm_l12,12,157,0,5,raw,FR-Soprano-1;IT-Bass-2;IT-Soprano-1;JA-Tenor-1;RU-Alto-1,0.2,0.0,sampled_from_held_out_test_speakers_only; target_included_once; identical_gallery_for_raw_and_corrected,0.2,1.0,2.8,0.49000000000000005,0.4,0.9622778527436331,0.9569220423990125,0.005355810344620626,5,20,10,90,0.0,train_calibrated,0.9893871945915839,0.0,nan,insufficient_train_impostor_trials_lt_1000
GTSinger_same_text_control,wavlm_l12,12,157,0,5,correct_sign_global,FR-Soprano-1;IT-Bass-2;IT-Soprano-1;JA-Tenor-1;RU-Alto-1,0.2,0.49999999999999994,sampled_from_held_out_test_speakers_only; target_included_once; identical_gallery_for_raw_and_corrected,0.6,1.0,1.8,0.75,0.4,0.9897758169973851,0.9844914529474316,0.005284364049953583,5,20,10,90,0.0,train_calibrated,0.9956879527818929,0.0,nan,insufficient_train_impostor_trials_lt_1000
GTSinger_same_text_control,wavlm_l12,12,157,0,10,raw,ES-Soprano-1;FR-Soprano-1;FR-Tenor-1;IT-Bass-1;IT-Bass-2;IT-Soprano-1;JA-Tenor-1;KO-Soprano-1;KO-Soprano-2;RU-Alto-1,0.1,0.0,sampled_from_held_out_test_speakers_only; target_included_once; identical_gallery_for_raw_and_corrected,0.1,0.6,5.0,0.3252777777777778,0.3055555555555556,0.9673288268678775,0.9614188732440445,0.005909953623832953,10,90,10,90,0.0,train_calibrated,0.9893871945915839,0.0,nan,insufficient_train_impostor_trials_lt_1000
GTSinger_same_text_control,wavlm_l12,12,157,0,10,correct_sign_global,ES-Soprano-1;FR-Soprano-1;FR-Tenor-1;IT-Bass-1;IT-Bass-2;IT-Soprano-1;JA-Tenor-1;KO-Soprano-1;KO-Soprano-2;RU-Alto-1,0.1,0.5555555555555556,sampled_from_held_out_test_speakers_only; target_included_once; identical_gallery_for_raw_and_corrected,0.6,0.9,2.5,0.6926190476190477,0.3,0.9913924952605541,0.9855327301449457,0.005859765115608373,10,90,10,90,0.2,train_calibrated,0.9956879527818929,0.0,nan,insufficient_train_impostor_trials_lt_1000
GTSinger_same_text_control,wavlm_l12,12,163,0,5,raw,DE-Soprano-1;FR-Soprano-1;IT-Soprano-1;KO-Tenor-1;RU-Alto-1,0.2,0.0,sampled_from_held_out_test_speakers_only; target_included_once; identical_gallery_for_raw_and_corrected,0.2,1.0,2.8,0.4733333333333333,0.45,0.9765682939270167,0.9716395202954178,0.004928773631598937,5,20,10,90,0.0,train_calibrated,0.9923185442948536,0.0,nan,insufficient_train_impostor_trials_lt_1000
GTSinger_same_text_control,wavlm_l12,12,163,0,5,correct_sign_global,DE-Soprano-1;FR-Soprano-1;IT-Soprano-1;KO-Tenor-1;RU-Alto-1,0.2,1.0,sampled_from_held_out_test_speakers_only; target_included_once; identical_gallery_for_raw_and_corrected,1.0,1.0,1.0,1.0,0.2,0.9959140494040117,0.9910204318136463,0.00489361759036544,5,20,10,90,0.8,train_calibrated,0.995546209079647,0.0,nan,insufficient_train_impostor_trials_lt_1000
GTSinger_same_text_control,wavlm_l12,12,163,0,10,raw,DE-Soprano-1;DE-Tenor-1;EN-Alto-2;EN-Tenor-1;FR-Soprano-1;IT-Soprano-1;KO-Soprano-2;KO-Tenor-1;RU-Alto-1;ZH-Tenor-1,0.1,0.11111111111111112,sampled_from_held_out_test_speakers_only; target_included_once; identical_gallery_for_raw_and_corrected,0.2,0.7,4.5,0.3985714285714286,0.37777777777777777,0.9719121812639695,0.9658268780030402,0.0060853032609292645,10,90,10,90,0.0,train_calibrated,0.9923185442948536,0.0,nan,insufficient_train_impostor_trials_lt_1000
GTSinger_same_text_control,wavlm_l12,12,163,0,10,correct_sign_global,DE-Soprano-1;DE-Tenor-1;EN-Alto-2;EN-Tenor-1;FR-Soprano-1;IT-Soprano-1;KO-Soprano-2;KO-Tenor-1;RU-Alto-1;ZH-Tenor-1,0.1,1.0,sampled_from_held_out_test_speakers_only; target_included_once; identical_gallery_for_raw_and_corrected,1.0,1.0,1.0,1.0,0.07777777777777778,0.9951073058016314,0.9890757344504173,0.006031571351214127,10,90,10,90,0.5,train_calibrated,0.995546209079647,0.0,nan,insufficient_train_impostor_trials_lt_1000
GTSinger_same_text_control,wavlm_l12,12,167,0,5,raw,DE-Soprano-1;EN-Alto-1;JA-Soprano-1;JA-Tenor-1;KO-Soprano-1,0.2,0.0,sampled_from_held_out_test_speakers_only; target_included_once; identical_gallery_for_raw_and_corrected,0.2,1.0,2.8,0.47333333333333333,0.4,0.9625270110940687,0.9569533573428386,0.00557365375123009,5,20,10,90,0.2,train_calibrated,0.9833732471971258,0.0,nan,insufficient_train_impostor_trials_lt_1000
GTSinger_same_text_control,wavlm_l12,12,167,0,5,correct_sign_global,DE-Soprano-1;EN-Alto-1;JA-Soprano-1;JA-Tenor-1;KO-Soprano-1,0.2,0.49999999999999994,sampled_from_held_out_test_speakers_only; target_included_once; identical_gallery_for_raw_and_corrected,0.6,1.0,2.0,0.74,0.4,0.9909913284062591,0.9855433401659365,0.005447988240322665,5,20,10,90,0.2,train_calibrated,0.995587806108695,0.0,nan,insufficient_train_impostor_trials_lt_1000
GTSinger_same_text_control,wavlm_l12,12,167,0,10,raw,DE-Soprano-1;EN-Alto-1;ES-Bass-1;FR-Soprano-1;FR-Tenor-1;IT-Bass-1;JA-Soprano-1;JA-Tenor-1;KO-Soprano-1;KO-Tenor-1,0.1,0.11111111111111112,sampled_from_held_out_test_speakers_only; target_included_once; identical_gallery_for_raw_and_corrected,0.2,0.6,4.8,0.36277777777777775,0.3055555555555556,0.9671500189878651,0.9606495538471156,0.006500465140749534,10,90,10,90,0.1,train_calibrated,0.9833732471971258,0.0,nan,insufficient_train_impostor_trials_lt_1000
GTSinger_same_text_control,wavlm_l12,12,167,0,10,correct_sign_global,DE-Soprano-1;EN-Alto-1;ES-Bass-1;FR-Soprano-1;FR-Tenor-1;IT-Bass-1;JA-Soprano-1;JA-Tenor-1;KO-Soprano-1;KO-Tenor-1,0.1,0.5555555555555556,sampled_from_held_out_test_speakers_only; target_included_once; identical_gallery_for_raw_and_corrected,0.6,0.9,2.5,0.7144444444444444,0.3,0.9923919152125713,0.9860151910375875,0.0063767241749838055,10,90,10,90,0.3,train_calibrated,0.995587806108695,0.0,nan,insufficient_train_impostor_trials_lt_1000
GTSinger_same_text_control,wavlm_l12,12,173,0,5,raw,EN-Tenor-1;JA-Soprano-1;KO-Soprano-1;ZH-Alto-1;ZH-Tenor-1,0.2,0.49999999999999994,sampled_from_held_out_test_speakers_only; target_included_once; identical_gallery_for_raw_and_corrected,0.6,1.0,2.2,0.7066666666666668,0.4,0.964986378450708,0.9596802454531945,0.00530613299751348,5,20,10,90,0.0,train_calibrated,0.9842778304458347,0.0,nan,insufficient_train_impostor_trials_lt_1000
GTSinger_same_text_control,wavlm_l12,12,173,0,5,correct_sign_global,EN-Tenor-1;JA-Soprano-1;KO-Soprano-1;ZH-Alto-1;ZH-Tenor-1,0.2,0.7500000000000001,sampled_from_held_out_test_speakers_only; target_included_once; identical_gallery_for_raw_and_corrected,0.8,1.0,1.2,0.9,0.2,0.9917205942340328,0.9863827694300615,0.0053378248039712695,5,20,10,90,0.0,train_calibrated,0.9946785491913721,0.0,nan,insufficient_train_impostor_trials_lt_1000
GTSinger_same_text_control,wavlm_l12,12,173,0,10,raw,EN-Tenor-1;ES-Bass-1;IT-Soprano-1;JA-Soprano-1;KO-Soprano-1;KO-Soprano-2;KO-Tenor-1;RU-Alto-1;ZH-Alto-1;ZH-Tenor-1,0.1,0.11111111111111112,sampled_from_held_out_test_speakers_only; target_included_once; identical_gallery_for_raw_and_corrected,0.2,0.7,4.3,0.37666666666666665,0.3,0.9715837587151235,0.9660340000874489,0.005549758627674595,10,90,10,90,0.1,train_calibrated,0.9842778304458347,0.0,nan,insufficient_train_impostor_trials_lt_1000
GTSinger_same_text_control,wavlm_l12,12,173,0,10,correct_sign_global,EN-Tenor-1;ES-Bass-1;IT-Soprano-1;JA-Soprano-1;KO-Soprano-1;KO-Soprano-2;KO-Tenor-1;RU-Alto-1;ZH-Alto-1;ZH-Tenor-1,0.1,0.888888888888889,sampled_from_held_out_test_speakers_only; target_included_once; identical_gallery_for_raw_and_corrected,0.9,1.0,1.2,0.9333333333333332,0.1,0.993419657695277,0.9879027324924728,0.005516925202804113,10,90,10,90,0.3,train_calibrated,0.9946785491913721,0.0,nan,insufficient_train_impostor_trials_lt_1000
GTSinger_same_text_control,wavlm_l12,12,179,0,5,raw,ES-Soprano-1;FR-Soprano-1;IT-Bass-2;IT-Soprano-1;RU-Alto-1,0.2,0.0,sampled_from_held_out_test_speakers_only; target_included_once; identical_gallery_for_raw_and_corrected,0.2,1.0,2.8,0.4733333333333333,0.375,0.972563564067644,0.967127856623455,0.005435707444188975,5,20,10,90,0.2,train_calibrated,0.9842778304458347,0.0,nan,insufficient_train_impostor_trials_lt_1000
GTSinger_same_text_control,wavlm_l12,12,179,0,5,correct_sign_global,ES-Soprano-1;FR-Soprano-1;IT-Bass-2;IT-Soprano-1;RU-Alto-1,0.2,0.7500000000000001,sampled_from_held_out_test_speakers_only; target_included_once; identical_gallery_for_raw_and_corrected,0.8,1.0,1.2,0.9,0.2,0.992599428522994,0.9871776229140197,0.005421805608974317,5,20,10,90,0.6,train_calibrated,0.9947905726118546,0.0,nan,insufficient_train_impostor_trials_lt_1000
GTSinger_same_text_control,wavlm_l12,12,179,0,10,raw,DE-Tenor-1;ES-Bass-1;ES-Soprano-1;FR-Soprano-1;FR-Tenor-1;IT-Bass-2;IT-Soprano-1;KO-Soprano-2;RU-Alto-1;ZH-Alto-1,0.1,0.11111111111111112,sampled_from_held_out_test_speakers_only; target_included_once; identical_gallery_for_raw_and_corrected,0.2,0.7,4.8,0.36444444444444446,0.3888888888888889,0.9706705607096415,0.9643326725504148,0.006337888159226757,10,90,10,90,0.1,train_calibrated,0.9842778304458347,0.0,nan,insufficient_train_impostor_trials_lt_1000
GTSinger_same_text_control,wavlm_l12,12,179,0,10,correct_sign_global,DE-Tenor-1;ES-Bass-1;ES-Soprano-1;FR-Soprano-1;FR-Tenor-1;IT-Bass-2;IT-Soprano-1;KO-Soprano-2;RU-Alto-1;ZH-Alto-1,0.1,0.6666666666666666,sampled_from_held_out_test_speakers_only; target_included_once; identical_gallery_for_raw_and_corrected,0.7,1.0,1.7,0.8,0.2,0.9930925462096507,0.9868205273765758,0.006272018833074933,10,90,10,90,0.4,train_calibrated,0.9947905726118546,0.0,nan,insufficient_train_impostor_trials_lt_1000
GTSinger_same_text_control,wavlm_l12,12,181,0,5,raw,DE-Tenor-1;EN-Tenor-1;FR-Tenor-1;IT-Bass-1;KO-Tenor-1,0.2,0.25,sampled_from_held_out_test_speakers_only; target_included_once; identical_gallery_for_raw_and_corrected,0.4,1.0,2.4,0.6066666666666667,0.575,0.9636914816052056,0.9580342806914672,0.005657200913738336,5,20,10,90,0.0,train_calibrated,0.9845956535131999,0.0,nan,insufficient_train_impostor_trials_lt_1000
GTSinger_same_text_control,wavlm_l12,12,181,0,5,correct_sign_global,DE-Tenor-1;EN-Tenor-1;FR-Tenor-1;IT-Bass-1;KO-Tenor-1,0.2,0.49999999999999994,sampled_from_held_out_test_speakers_only; target_included_once; identical_gallery_for_raw_and_corrected,0.6,1.0,2.0,0.74,0.2,0.993325328247295,0.9876962338988664,0.0056290943484286204,5,20,10,90,0.2,train_calibrated,0.9947717930916168,0.0,nan,insufficient_train_impostor_trials_lt_1000
GTSinger_same_text_control,wavlm_l12,12,181,0,10,raw,DE-Tenor-1;EN-Alto-2;EN-Tenor-1;ES-Soprano-1;FR-Tenor-1;IT-Bass-1;KO-Soprano-2;KO-Tenor-1;RU-Alto-1;ZH-Tenor-1,0.1,0.11111111111111112,sampled_from_held_out_test_speakers_only; target_included_once; identical_gallery_for_raw_and_corrected,0.2,0.6,4.7,0.393452380952381,0.4,0.9705878647286038,0.9636196198921398,0.006968244836463966,10,90,10,90,0.1,train_calibrated,0.9845956535131999,0.0,nan,insufficient_train_impostor_trials_lt_1000
GTSinger_same_text_control,wavlm_l12,12,181,0,10,correct_sign_global,DE-Tenor-1;EN-Alto-2;EN-Tenor-1;ES-Soprano-1;FR-Tenor-1;IT-Bass-1;KO-Soprano-2;KO-Tenor-1;RU-Alto-1;ZH-Tenor-1,0.1,0.7777777777777778,sampled_from_held_out_test_speakers_only; target_included_once; identical_gallery_for_raw_and_corrected,0.8,1.0,1.5,0.8699999999999999,0.1,0.9943557842366861,0.9874756134884395,0.00688017074824665,10,90,10,90,0.4,train_calibrated,0.9947717930916168,0.0,nan,insufficient_train_impostor_trials_lt_1000
GTSinger_same_text_control,wavlm_l12,12,191,0,5,raw,EN-Alto-1;IT-Soprano-1;JA-Tenor-1;KO-Tenor-1;RU-Alto-1,0.2,0.25,sampled_from_held_out_test_speakers_only; target_included_once; identical_gallery_for_raw_and_corrected,0.4,1.0,2.8,0.5566666666666666,0.4,0.9686938345173459,0.9629080001234096,0.005785834393936318,5,20,10,90,0.0,train_calibrated,0.9923185442948536,0.0,nan,insufficient_train_impostor_trials_lt_1000
GTSinger_same_text_control,wavlm_l12,12,191,0,5,correct_sign_global,EN-Alto-1;IT-Soprano-1;JA-Tenor-1;KO-Tenor-1;RU-Alto-1,0.2,0.7500000000000001,sampled_from_held_out_test_speakers_only; target_included_once; identical_gallery_for_raw_and_corrected,0.8,1.0,1.8,0.8400000000000001,0.2,0.9931729964318514,0.9875771841652575,0.005595812266593891,5,20,10,90,0.4,train_calibrated,0.9957450678597347,0.0,nan,insufficient_train_impostor_trials_lt_1000
GTSinger_same_text_control,wavlm_l12,12,191,0,10,raw,DE-Soprano-1;EN-Alto-1;EN-Alto-2;IT-Bass-2;IT-Soprano-1;JA-Tenor-1;KO-Soprano-1;KO-Soprano-2;KO-Tenor-1;RU-Alto-1,0.1,0.2222222222222222,sampled_from_held_out_test_speakers_only; target_included_once; identical_gallery_for_raw_and_corrected,0.3,0.5,4.6,0.45206349206349206,0.3888888888888889,0.9693223161511104,0.9627670947256647,0.006555221425445734,10,90,10,90,0.0,train_calibrated,0.9923185442948536,0.0,nan,insufficient_train_impostor_trials_lt_1000
GTSinger_same_text_control,wavlm_l12,12,191,0,10,correct_sign_global,DE-Soprano-1;EN-Alto-1;EN-Alto-2;IT-Bass-2;IT-Soprano-1;JA-Tenor-1;KO-Soprano-1;KO-Soprano-2;KO-Tenor-1;RU-Alto-1,0.1,0.6666666666666666,sampled_from_held_out_test_speakers_only; target_included_once; identical_gallery_for_raw_and_corrected,0.7,0.9,2.0,0.8111111111111111,0.2,0.9932110806247492,0.986780961737147,0.006430118887602143,10,90,10,90,0.4,train_calibrated,0.9957450678597347,0.0,nan,insufficient_train_impostor_trials_lt_1000
GTSinger_same_text_control,wavlm_l12,12,193,0,5,raw,DE-Tenor-1;EN-Alto-2;IT-Bass-1;IT-Bass-2;KO-Soprano-1,0.2,0.0,sampled_from_held_out_test_speakers_only; target_included_once; identical_gallery_for_raw_and_corrected,0.2,1.0,2.8,0.4733333333333333,0.4,0.9655433650717058,0.9571180809787959,0.00842528409290988,5,20,10,90,0.0,train_calibrated,0.9845956535131999,0.0,nan,insufficient_train_impostor_trials_lt_1000
GTSinger_same_text_control,wavlm_l12,12,193,0,5,correct_sign_global,DE-Tenor-1;EN-Alto-2;IT-Bass-1;IT-Bass-2;KO-Soprano-1,0.2,0.49999999999999994,sampled_from_held_out_test_speakers_only; target_included_once; identical_gallery_for_raw_and_corrected,0.6,1.0,1.6,0.7666666666666667,0.2,0.9909946954665495,0.9827809331482514,0.008213762318298068,5,20,10,90,0.0,train_calibrated,0.9957758785064258,0.0,nan,insufficient_train_impostor_trials_lt_1000
GTSinger_same_text_control,wavlm_l12,12,193,0,10,raw,DE-Soprano-1;DE-Tenor-1;EN-Alto-2;FR-Tenor-1;IT-Bass-1;IT-Bass-2;JA-Soprano-1;KO-Soprano-1;KO-Tenor-1;ZH-Alto-1,0.1,0.11111111111111112,sampled_from_held_out_test_speakers_only; target_included_once; identical_gallery_for_raw_and_corrected,0.2,0.8,4.5,0.37777777777777777,0.4,0.9655729344219784,0.9581225419262426,0.007450392495735869,10,90,10,90,0.0,train_calibrated,0.9845956535131999,0.0,nan,insufficient_train_impostor_trials_lt_1000
GTSinger_same_text_control,wavlm_l12,12,193,0,10,correct_sign_global,DE-Soprano-1;DE-Tenor-1;EN-Alto-2;FR-Tenor-1;IT-Bass-1;IT-Bass-2;JA-Soprano-1;KO-Soprano-1;KO-Tenor-1;ZH-Alto-1,0.1,0.5555555555555556,sampled_from_held_out_test_speakers_only; target_included_once; identical_gallery_for_raw_and_corrected,0.6,0.8,2.4,0.7142857142857143,0.3,0.992023456761217,0.9846983706621092,0.007325086099107758,10,90,10,90,0.3,train_calibrated,0.9957758785064258,0.0,nan,insufficient_train_impostor_trials_lt_1000
GTSinger_same_text_control,wavlm_l12,12,197,0,5,raw,EN-Alto-2;EN-Tenor-1;IT-Bass-1;JA-Tenor-1;KO-Soprano-2,0.2,0.25,sampled_from_held_out_test_speakers_only; target_included_once; identical_gallery_for_raw_and_corrected,0.4,1.0,2.6,0.5733333333333333,0.4,0.9618420878996092,0.9538473159890403,0.007994771910568965,5,20,10,90,0.0,train_calibrated,0.9893871945915839,0.0,nan,insufficient_train_impostor_trials_lt_1000
GTSinger_same_text_control,wavlm_l12,12,197,0,5,correct_sign_global,EN-Alto-2;EN-Tenor-1;IT-Bass-1;JA-Tenor-1;KO-Soprano-2,0.2,0.7500000000000001,sampled_from_held_out_test_speakers_only; target_included_once; identical_gallery_for_raw_and_corrected,0.8,1.0,1.8,0.8400000000000001,0.2,0.9914633766946356,0.9836201341856696,0.007843242508965953,5,20,10,90,0.2,train_calibrated,0.9957759798974729,0.0,nan,insufficient_train_impostor_trials_lt_1000
GTSinger_same_text_control,wavlm_l12,12,197,0,10,raw,EN-Alto-2;EN-Tenor-1;FR-Tenor-1;IT-Bass-1;IT-Soprano-1;JA-Soprano-1;JA-Tenor-1;KO-Soprano-1;KO-Soprano-2;ZH-Alto-1,0.1,0.11111111111111112,sampled_from_held_out_test_speakers_only; target_included_once; identical_gallery_for_raw_and_corrected,0.2,0.7,4.6,0.3803968253968254,0.4,0.9634149220534176,0.956333776609599,0.007081145443818659,10,90,10,90,0.0,train_calibrated,0.9893871945915839,0.0,nan,insufficient_train_impostor_trials_lt_1000
GTSinger_same_text_control,wavlm_l12,12,197,0,10,correct_sign_global,EN-Alto-2;EN-Tenor-1;FR-Tenor-1;IT-Bass-1;IT-Soprano-1;JA-Soprano-1;JA-Tenor-1;KO-Soprano-1;KO-Soprano-2;ZH-Alto-1,0.1,0.6666666666666666,sampled_from_held_out_test_speakers_only; target_included_once; identical_gallery_for_raw_and_corrected,0.7,0.8,2.5,0.7611111111111112,0.3,0.9914848517631984,0.9844794245563452,0.007005427206853265,10,90,10,90,0.2,train_calibrated,0.9957759798974729,0.0,nan,insufficient_train_impostor_trials_lt_1000
GTSinger_same_text_control,wavlm_l12,12,199,0,5,raw,DE-Tenor-1;FR-Soprano-1;IT-Bass-2;JA-Soprano-1;JA-Tenor-1,0.2,0.25,sampled_from_held_out_test_speakers_only; target_included_once; identical_gallery_for_raw_and_corrected,0.4,1.0,2.6,0.5900000000000001,0.45,0.9521385007529958,0.9455246978146011,0.006613802938394642,5,20,10,90,0.0,train_calibrated,0.9923185442948536,0.0,nan,insufficient_train_impostor_trials_lt_1000
GTSinger_same_text_control,wavlm_l12,12,199,0,5,correct_sign_global,DE-Tenor-1;FR-Soprano-1;IT-Bass-2;JA-Soprano-1;JA-Tenor-1,0.2,0.49999999999999994,sampled_from_held_out_test_speakers_only; target_included_once; identical_gallery_for_raw_and_corrected,0.6,1.0,2.0,0.7166666666666667,0.4,0.9873044675629986,0.9807427826993843,0.006561684863614303,5,20,10,90,0.2,train_calibrated,0.9950636105238565,0.0,nan,insufficient_train_impostor_trials_lt_1000
GTSinger_same_text_control,wavlm_l12,12,199,0,10,raw,DE-Tenor-1;EN-Alto-1;FR-Soprano-1;IT-Bass-2;IT-Soprano-1;JA-Soprano-1;JA-Tenor-1;KO-Soprano-2;KO-Tenor-1;ZH-Alto-1,0.1,0.11111111111111112,sampled_from_held_out_test_speakers_only; target_included_once; identical_gallery_for_raw_and_corrected,0.2,0.7,4.5,0.3827777777777778,0.4,0.9639851337011208,0.9578690225218016,0.006116111179319206,10,90,10,90,0.0,train_calibrated,0.9923185442948536,0.0,nan,insufficient_train_impostor_trials_lt_1000
GTSinger_same_text_control,wavlm_l12,12,199,0,10,correct_sign_global,DE-Tenor-1;EN-Alto-1;FR-Soprano-1;IT-Bass-2;IT-Soprano-1;JA-Soprano-1;JA-Tenor-1;KO-Soprano-2;KO-Tenor-1;ZH-Alto-1,0.1,0.7777777777777778,sampled_from_held_out_test_speakers_only; target_included_once; identical_gallery_for_raw_and_corrected,0.8,0.8,2.3,0.8277777777777778,0.3,0.991871608019955,0.9858733894302639,0.005998218589691073,10,90,10,90,0.6,train_calibrated,0.9950636105238565,0.0,nan,insufficient_train_impostor_trials_lt_1000
GTSinger_same_text_control,wavlm_l12,12,211,0,5,raw,DE-Tenor-1;ES-Soprano-1;FR-Tenor-1;IT-Bass-1;IT-Bass-2,0.2,0.0,sampled_from_held_out_test_speakers_only; target_included_once; identical_gallery_for_raw_and_corrected,0.2,1.0,3.0,0.45666666666666667,0.42500000000000004,0.963646580190957,0.957958078727466,0.00568850146349098,5,20,10,90,0.0,train_calibrated,0.9893871945915839,0.0,nan,insufficient_train_impostor_trials_lt_1000
GTSinger_same_text_control,wavlm_l12,12,211,0,5,correct_sign_global,DE-Tenor-1;ES-Soprano-1;FR-Tenor-1;IT-Bass-1;IT-Bass-2,0.2,0.25,sampled_from_held_out_test_speakers_only; target_included_once; identical_gallery_for_raw_and_corrected,0.4,1.0,2.4,0.6,0.225,0.9905626161149014,0.9848738180161037,0.005688798098797632,5,20,10,90,0.2,train_calibrated,0.9953164051800453,0.0,nan,insufficient_train_impostor_trials_lt_1000
GTSinger_same_text_control,wavlm_l12,12,211,0,10,raw,DE-Tenor-1;EN-Tenor-1;ES-Soprano-1;FR-Tenor-1;IT-Bass-1;IT-Bass-2;IT-Soprano-1;JA-Soprano-1;KO-Soprano-1;ZH-Tenor-1,0.1,0.0,sampled_from_held_out_test_speakers_only; target_included_once; identical_gallery_for_raw_and_corrected,0.1,0.5,4.6,0.37011904761904757,0.5,0.9644742795708339,0.9578554998209599,0.006618779749874015,10,90,10,90,0.0,train_calibrated,0.9893871945915839,0.0,nan,insufficient_train_impostor_trials_lt_1000
GTSinger_same_text_control,wavlm_l12,12,211,0,10,correct_sign_global,DE-Tenor-1;EN-Tenor-1;ES-Soprano-1;FR-Tenor-1;IT-Bass-1;IT-Bass-2;IT-Soprano-1;JA-Soprano-1;KO-Soprano-1;ZH-Tenor-1,0.1,0.5555555555555556,sampled_from_held_out_test_speakers_only; target_included_once; identical_gallery_for_raw_and_corrected,0.6,0.8,2.3,0.7309523809523809,0.3,0.9917839020869893,0.9851639045423812,0.0066199975446080694,10,90,10,90,0.3,train_calibrated,0.9953164051800453,0.0,nan,insufficient_train_impostor_trials_lt_1000
GTSinger_same_text_control,wavlm_l12,12,223,0,5,raw,ES-Bass-1;FR-Tenor-1;JA-Soprano-1;RU-Alto-1;ZH-Tenor-1,0.2,0.25,sampled_from_held_out_test_speakers_only; target_included_once; identical_gallery_for_raw_and_corrected,0.4,1.0,2.6,0.5733333333333334,0.4,0.9694788300088512,0.9621987357255873,0.007280094283263816,5,20,10,90,0.2,train_calibrated,0.9820305716358001,0.0,nan,insufficient_train_impostor_trials_lt_1000
GTSinger_same_text_control,wavlm_l12,12,223,0,5,correct_sign_global,ES-Bass-1;FR-Tenor-1;JA-Soprano-1;RU-Alto-1;ZH-Tenor-1,0.2,0.7500000000000001,sampled_from_held_out_test_speakers_only; target_included_once; identical_gallery_for_raw_and_corrected,0.8,1.0,1.2,0.9,0.2,0.9917276578174098,0.9844607728635848,0.0072668849538249924,5,20,10,90,0.0,train_calibrated,0.9954476600433811,0.0,nan,insufficient_train_impostor_trials_lt_1000
GTSinger_same_text_control,wavlm_l12,12,223,0,10,raw,DE-Tenor-1;EN-Alto-1;ES-Bass-1;FR-Soprano-1;FR-Tenor-1;IT-Bass-1;JA-Soprano-1;KO-Soprano-1;RU-Alto-1;ZH-Tenor-1,0.1,0.2222222222222222,sampled_from_held_out_test_speakers_only; target_included_once; identical_gallery_for_raw_and_corrected,0.3,0.7,4.4,0.4367857142857143,0.31666666666666665,0.9711975156455729,0.9642853750226101,0.006912140622962748,10,90,10,90,0.2,train_calibrated,0.9820305716358001,0.0,nan,insufficient_train_impostor_trials_lt_1000
GTSinger_same_text_control,wavlm_l12,12,223,0,10,correct_sign_global,DE-Tenor-1;EN-Alto-1;ES-Bass-1;FR-Soprano-1;FR-Tenor-1;IT-Bass-1;JA-Soprano-1;KO-Soprano-1;RU-Alto-1;ZH-Tenor-1,0.1,0.6666666666666666,sampled_from_held_out_test_speakers_only; target_included_once; identical_gallery_for_raw_and_corrected,0.7,1.0,1.5,0.8166666666666667,0.11666666666666667,0.9928742165726501,0.9860744437651776,0.0067997728074724595,10,90,10,90,0.1,train_calibrated,0.9954476600433811,0.0,nan,insufficient_train_impostor_trials_lt_1000
GTSinger_same_text_control,wavlm_l12,12,227,0,5,raw,DE-Tenor-1;ES-Soprano-1;JA-Soprano-1;RU-Alto-1;ZH-Alto-1,0.2,0.0,sampled_from_held_out_test_speakers_only; target_included_once; identical_gallery_for_raw_and_corrected,0.2,1.0,2.8,0.4666666666666666,0.4,0.969124829165463,0.9636777535234297,0.005447075642033394,5,20,10,90,0.0,train_calibrated,0.9923185442948536,0.0,nan,insufficient_train_impostor_trials_lt_1000
GTSinger_same_text_control,wavlm_l12,12,227,0,5,correct_sign_global,DE-Tenor-1;ES-Soprano-1;JA-Soprano-1;RU-Alto-1;ZH-Alto-1,0.2,1.0,sampled_from_held_out_test_speakers_only; target_included_once; identical_gallery_for_raw_and_corrected,1.0,1.0,1.0,1.0,0.2,0.9922538945648789,0.9868696977265643,0.005384196838314592,5,20,10,90,0.2,train_calibrated,0.9947114749677705,0.0,nan,insufficient_train_impostor_trials_lt_1000
GTSinger_same_text_control,wavlm_l12,12,227,0,10,raw,DE-Tenor-1;EN-Alto-1;EN-Alto-2;ES-Soprano-1;IT-Bass-2;IT-Soprano-1;JA-Soprano-1;RU-Alto-1;ZH-Alto-1;ZH-Tenor-1,0.1,0.2222222222222222,sampled_from_held_out_test_speakers_only; target_included_once; identical_gallery_for_raw_and_corrected,0.3,0.7,4.5,0.44678571428571434,0.3,0.9696705412879723,0.9627992460718474,0.00687129521612484,10,90,10,90,0.0,train_calibrated,0.9923185442948536,0.0,nan,insufficient_train_impostor_trials_lt_1000
GTSinger_same_text_control,wavlm_l12,12,227,0,10,correct_sign_global,DE-Tenor-1;EN-Alto-1;EN-Alto-2;ES-Soprano-1;IT-Bass-2;IT-Soprano-1;JA-Soprano-1;RU-Alto-1;ZH-Alto-1;ZH-Tenor-1,0.1,0.888888888888889,sampled_from_held_out_test_speakers_only; target_included_once; identical_gallery_for_raw_and_corrected,0.9,1.0,1.2,0.9333333333333332,0.2,0.991981210952931,0.9852230079390993,0.006758203013831676,10,90,10,90,0.2,train_calibrated,0.9947114749677705,0.0,nan,insufficient_train_impostor_trials_lt_1000
GTSinger_same_text_control,wavlm_l12,12,229,0,5,raw,DE-Soprano-1;EN-Alto-1;EN-Alto-2;FR-Tenor-1;KO-Soprano-1,0.2,0.25,sampled_from_held_out_test_speakers_only; target_included_once; identical_gallery_for_raw_and_corrected,0.4,1.0,2.6,0.5900000000000001,0.45,0.972311688875258,0.9642715321192435,0.008040156756014438,5,20,10,90,0.0,train_calibrated,0.9923185442948536,0.0,nan,insufficient_train_impostor_trials_lt_1000
GTSinger_same_text_control,wavlm_l12,12,229,0,5,correct_sign_global,DE-Soprano-1;EN-Alto-1;EN-Alto-2;FR-Tenor-1;KO-Soprano-1,0.2,1.0,sampled_from_held_out_test_speakers_only; target_included_once; identical_gallery_for_raw_and_corrected,1.0,1.0,1.0,1.0,0.2,0.9938963887195722,0.9859677450473281,0.007928643672244107,5,20,10,90,0.2,train_calibrated,0.9951512823562341,0.0,nan,insufficient_train_impostor_trials_lt_1000
GTSinger_same_text_control,wavlm_l12,12,229,0,10,raw,DE-Soprano-1;EN-Alto-1;EN-Alto-2;EN-Tenor-1;FR-Tenor-1;JA-Soprano-1;JA-Tenor-1;KO-Soprano-1;KO-Soprano-2;ZH-Tenor-1,0.1,0.2222222222222222,sampled_from_held_out_test_speakers_only; target_included_once; identical_gallery_for_raw_and_corrected,0.3,0.7,4.7,0.44361111111111107,0.4,0.9647747907549867,0.9580738088412997,0.006700981913687065,10,90,10,90,0.0,train_calibrated,0.9923185442948536,0.0,nan,insufficient_train_impostor_trials_lt_1000
GTSinger_same_text_control,wavlm_l12,12,229,0,10,correct_sign_global,DE-Soprano-1;EN-Alto-1;EN-Alto-2;EN-Tenor-1;FR-Tenor-1;JA-Soprano-1;JA-Tenor-1;KO-Soprano-1;KO-Soprano-2;ZH-Tenor-1,0.1,0.6666666666666666,sampled_from_held_out_test_speakers_only; target_included_once; identical_gallery_for_raw_and_corrected,0.7,0.9,2.1,0.7944444444444445,0.2833333333333333,0.9918216100138819,0.9851724171292866,0.006649192884595312,10,90,10,90,0.2,train_calibrated,0.9951512823562341,0.0,nan,insufficient_train_impostor_trials_lt_1000
GTSinger_same_text_control,wavlm_l12,12,233,0,5,raw,ES-Bass-1;JA-Soprano-1;JA-Tenor-1;RU-Alto-1;ZH-Alto-1,0.2,0.25,sampled_from_held_out_test_speakers_only; target_included_once; identical_gallery_for_raw_and_corrected,0.4,1.0,2.8,0.5566666666666666,0.4,0.9634403326597416,0.9572630620919205,0.006177270567821136,5,20,10,90,0.2,train_calibrated,0.9842778304458347,0.0,nan,insufficient_train_impostor_trials_lt_1000
GTSinger_same_text_control,wavlm_l12,12,233,0,5,correct_sign_global,ES-Bass-1;JA-Soprano-1;JA-Tenor-1;RU-Alto-1;ZH-Alto-1,0.2,0.7500000000000001,sampled_from_held_out_test_speakers_only; target_included_once; identical_gallery_for_raw_and_corrected,0.8,1.0,1.8,0.8400000000000001,0.4,0.990206595162315,0.9840991757494452,0.006107419412869852,5,20,10,90,0.2,train_calibrated,0.9945914526465378,0.0,nan,insufficient_train_impostor_trials_lt_1000
GTSinger_same_text_control,wavlm_l12,12,233,0,10,raw,EN-Alto-2;ES-Bass-1;ES-Soprano-1;IT-Soprano-1;JA-Soprano-1;JA-Tenor-1;KO-Soprano-1;KO-Tenor-1;RU-Alto-1;ZH-Alto-1,0.1,0.11111111111111112,sampled_from_held_out_test_speakers_only; target_included_once; identical_gallery_for_raw_and_corrected,0.2,0.7,4.5,0.38428571428571423,0.3222222222222222,0.9685316174230021,0.9624878204118761,0.006043797011126006,10,90,10,90,0.1,train_calibrated,0.9842778304458347,0.0,nan,insufficient_train_impostor_trials_lt_1000
GTSinger_same_text_control,wavlm_l12,12,233,0,10,correct_sign_global,EN-Alto-2;ES-Bass-1;ES-Soprano-1;IT-Soprano-1;JA-Soprano-1;JA-Tenor-1;KO-Soprano-1;KO-Tenor-1;RU-Alto-1;ZH-Alto-1,0.1,0.7777777777777778,sampled_from_held_out_test_speakers_only; target_included_once; identical_gallery_for_raw_and_corrected,0.8,0.9,2.1,0.8433333333333334,0.2,0.9927903748172945,0.9868504698063422,0.005939905010952318,10,90,10,90,0.4,train_calibrated,0.9945914526465378,0.0,nan,insufficient_train_impostor_trials_lt_1000
GTSinger_same_text_control,wavlm_l12,12,239,0,5,raw,EN-Alto-1;ES-Bass-1;JA-Soprano-1;JA-Tenor-1;RU-Alto-1,0.2,0.49999999999999994,sampled_from_held_out_test_speakers_only; target_included_once; identical_gallery_for_raw_and_corrected,0.6,1.0,2.4,0.6900000000000001,0.4,0.9660511330923558,0.9602034112959184,0.005847721796437444,5,20,10,90,0.4,train_calibrated,0.9821075989289151,0.0,nan,insufficient_train_impostor_trials_lt_1000
GTSinger_same_text_control,wavlm_l12,12,239,0,5,correct_sign_global,EN-Alto-1;ES-Bass-1;JA-Soprano-1;JA-Tenor-1;RU-Alto-1,0.2,0.7500000000000001,sampled_from_held_out_test_speakers_only; target_included_once; identical_gallery_for_raw_and_corrected,0.8,1.0,1.8,0.8400000000000001,0.4,0.9898572013887517,0.9841233442758798,0.005733857112871887,5,20,10,90,0.0,train_calibrated,0.9948581788574763,0.0,nan,insufficient_train_impostor_trials_lt_1000
GTSinger_same_text_control,wavlm_l12,12,239,0,10,raw,DE-Soprano-1;EN-Alto-1;EN-Alto-2;ES-Bass-1;ES-Soprano-1;JA-Soprano-1;JA-Tenor-1;KO-Tenor-1;RU-Alto-1;ZH-Alto-1,0.1,0.2222222222222222,sampled_from_held_out_test_speakers_only; target_included_once; identical_gallery_for_raw_and_corrected,0.3,0.6,4.5,0.4576190476190476,0.40555555555555556,0.9700336299730663,0.963821417896559,0.006212212076507351,10,90,10,90,0.2,train_calibrated,0.9821075989289151,0.0,nan,insufficient_train_impostor_trials_lt_1000
GTSinger_same_text_control,wavlm_l12,12,239,0,10,correct_sign_global,DE-Soprano-1;EN-Alto-1;EN-Alto-2;ES-Bass-1;ES-Soprano-1;JA-Soprano-1;JA-Tenor-1;KO-Tenor-1;RU-Alto-1;ZH-Alto-1,0.1,0.888888888888889,sampled_from_held_out_test_speakers_only; target_included_once; identical_gallery_for_raw_and_corrected,0.9,0.9,1.8,0.9111111111111111,0.2,0.9927304618064335,0.9866589086306911,0.006071553175742483,10,90,10,90,0.3,train_calibrated,0.9948581788574763,0.0,nan,insufficient_train_impostor_trials_lt_1000
GTSinger_same_text_control,wavlm_l12,12,241,0,5,raw,EN-Alto-2;EN-Tenor-1;ES-Bass-1;FR-Soprano-1;IT-Bass-2,0.2,0.0,sampled_from_held_out_test_speakers_only; target_included_once; identical_gallery_for_raw_and_corrected,0.2,1.0,2.8,0.4666666666666667,0.4,0.9666285017586869,0.9583374617402958,0.008291040018391094,5,20,10,90,0.0,train_calibrated,0.9842778304458347,0.0,nan,insufficient_train_impostor_trials_lt_1000
GTSinger_same_text_control,wavlm_l12,12,241,0,5,correct_sign_global,EN-Alto-2;EN-Tenor-1;ES-Bass-1;FR-Soprano-1;IT-Bass-2,0.2,0.7500000000000001,sampled_from_held_out_test_speakers_only; target_included_once; identical_gallery_for_raw_and_corrected,0.8,1.0,1.2,0.9,0.2,0.991858616957558,0.9836730245269548,0.008185592430603128,5,20,10,90,0.2,train_calibrated,0.995428763069248,0.0,nan,insufficient_train_impostor_trials_lt_1000
GTSinger_same_text_control,wavlm_l12,12,241,0,10,raw,DE-Tenor-1;EN-Alto-2;EN-Tenor-1;ES-Bass-1;ES-Soprano-1;FR-Soprano-1;IT-Bass-2;RU-Alto-1;ZH-Alto-1;ZH-Tenor-1,0.1,0.11111111111111112,sampled_from_held_out_test_speakers_only; target_included_once; identical_gallery_for_raw_and_corrected,0.2,0.6,4.7,0.3788888888888889,0.3111111111111111,0.9699561187034693,0.9629904637970722,0.006965654906397112,10,90,10,90,0.1,train_calibrated,0.9842778304458347,0.0,nan,insufficient_train_impostor_trials_lt_1000
GTSinger_same_text_control,wavlm_l12,12,241,0,10,correct_sign_global,DE-Tenor-1;EN-Alto-2;EN-Tenor-1;ES-Bass-1;ES-Soprano-1;FR-Soprano-1;IT-Bass-2;RU-Alto-1;ZH-Alto-1;ZH-Tenor-1,0.1,0.7777777777777778,sampled_from_held_out_test_speakers_only; target_included_once; identical_gallery_for_raw_and_corrected,0.8,1.0,1.2,0.9,0.1,0.9928305742395539,0.985955861578979,0.006874712660574933,10,90,10,90,0.2,train_calibrated,0.995428763069248,0.0,nan,insufficient_train_impostor_trials_lt_1000
GTSinger_same_text_control,wavlm_l12,12,251,0,5,raw,EN-Alto-1;EN-Alto-2;ES-Bass-1;JA-Soprano-1;KO-Soprano-1,0.2,0.25,sampled_from_held_out_test_speakers_only; target_included_once; identical_gallery_for_raw_and_corrected,0.4,1.0,2.4,0.6,0.375,0.9721251717669801,0.9672948174841907,0.00483035428278944,5,20,10,90,0.2,train_calibrated,0.9836031616561872,0.0,nan,insufficient_train_impostor_trials_lt_1000
GTSinger_same_text_control,wavlm_l12,12,251,0,5,correct_sign_global,EN-Alto-1;EN-Alto-2;ES-Bass-1;JA-Soprano-1;KO-Soprano-1,0.2,0.7500000000000001,sampled_from_held_out_test_speakers_only; target_included_once; identical_gallery_for_raw_and_corrected,0.8,1.0,1.2,0.9,0.2,0.991193240691883,0.9864258689978416,0.0047673716940414,5,20,10,90,0.0,train_calibrated,0.9944085819059858,0.0,nan,insufficient_train_impostor_trials_lt_1000
GTSinger_same_text_control,wavlm_l12,12,251,0,10,raw,DE-Tenor-1;EN-Alto-1;EN-Alto-2;ES-Bass-1;ES-Soprano-1;FR-Soprano-1;IT-Bass-2;JA-Soprano-1;KO-Soprano-1;RU-Alto-1,0.1,0.2222222222222222,sampled_from_held_out_test_speakers_only; target_included_once; identical_gallery_for_raw_and_corrected,0.3,0.5,4.4,0.45583333333333337,0.3111111111111111,0.9708075673171852,0.964630880081702,0.006176687235483258,10,90,10,90,0.2,train_calibrated,0.9836031616561872,0.0,nan,insufficient_train_impostor_trials_lt_1000
GTSinger_same_text_control,wavlm_l12,12,251,0,10,correct_sign_global,DE-Tenor-1;EN-Alto-1;EN-Alto-2;ES-Bass-1;ES-Soprano-1;FR-Soprano-1;IT-Bass-2;JA-Soprano-1;KO-Soprano-1;RU-Alto-1,0.1,0.7777777777777778,sampled_from_held_out_test_speakers_only; target_included_once; identical_gallery_for_raw_and_corrected,0.8,1.0,1.3,0.8833333333333332,0.2,0.9915997497507851,0.9854987854799804,0.006100964270804754,10,90,10,90,0.2,train_calibrated,0.9944085819059858,0.0,nan,insufficient_train_impostor_trials_lt_1000
GTSinger_same_text_control,wavlm_l12,12,257,0,5,raw,DE-Tenor-1;EN-Alto-1;IT-Bass-1;IT-Soprano-1;ZH-Alto-1,0.2,0.0,sampled_from_held_out_test_speakers_only; target_included_once; identical_gallery_for_raw_and_corrected,0.2,1.0,2.4,0.5166666666666666,0.25,0.9722752490046356,0.9649243834858929,0.007350865518742644,5,20,10,90,0.0,train_calibrated,0.9895896660160322,0.0,nan,insufficient_train_impostor_trials_lt_1000
GTSinger_same_text_control,wavlm_l12,12,257,0,5,correct_sign_global,DE-Tenor-1;EN-Alto-1;IT-Bass-1;IT-Soprano-1;ZH-Alto-1,0.2,1.0,sampled_from_held_out_test_speakers_only; target_included_once; identical_gallery_for_raw_and_corrected,1.0,1.0,1.0,1.0,0.025,0.9945980649573812,0.9874704016975409,0.007127663259840378,5,20,10,90,0.6,train_calibrated,0.9942049778118223,0.0,nan,insufficient_train_impostor_trials_lt_1000
GTSinger_same_text_control,wavlm_l12,12,257,0,10,raw,DE-Tenor-1;EN-Alto-1;EN-Tenor-1;ES-Soprano-1;IT-Bass-1;IT-Bass-2;IT-Soprano-1;JA-Soprano-1;KO-Soprano-1;ZH-Alto-1,0.1,0.11111111111111112,sampled_from_held_out_test_speakers_only; target_included_once; identical_gallery_for_raw_and_corrected,0.2,0.6,4.4,0.38194444444444453,0.4,0.9671703720611387,0.9605863612570812,0.006584010804057461,10,90,10,90,0.0,train_calibrated,0.9895896660160322,0.0,nan,insufficient_train_impostor_trials_lt_1000
GTSinger_same_text_control,wavlm_l12,12,257,0,10,correct_sign_global,DE-Tenor-1;EN-Alto-1;EN-Tenor-1;ES-Soprano-1;IT-Bass-1;IT-Bass-2;IT-Soprano-1;JA-Soprano-1;KO-Soprano-1;ZH-Alto-1,0.1,0.7777777777777778,sampled_from_held_out_test_speakers_only; target_included_once; identical_gallery_for_raw_and_corrected,0.8,1.0,1.5,0.8699999999999999,0.2,0.9926565591787799,0.9861535770576174,0.006502982121162515,10,90,10,90,0.4,train_calibrated,0.9942049778118223,0.0,nan,insufficient_train_impostor_trials_lt_1000
