dataset,model,layer,split_seed,train_speakers,shared_mean_explained_energy,mean_residual_norm,mean_centered_residual_norm,global_mean_norm,effective_rank_centered
JVS_JVSMuSiC,wavlm_l12,12,13,jvs001;jvs002;jvs007;jvs008;jvs014;jvs016;jvs017;jvs018;jvs021;jvs023;jvs024;jvs026;jvs028;jvs029;jvs030;jvs031;jvs033;jvs034;jvs035;jvs037;jvs038;jvs039;jvs040;jvs045;jvs046;jvs048;jvs050;jvs052;jvs053;jvs054;jvs055;jvs056;jvs060;jvs062;jvs064;jvs065;jvs066;jvs067;jvs069;jvs070;jvs073;jvs074;jvs077;jvs078;jvs079;jvs081;jvs082;jvs084;jvs085;jvs087;jvs088;jvs090;jvs091;jvs092;jvs093;jvs094;jvs096;jvs098;jvs099;jvs100,0.8334221347856381,1.4519364516803035,0.57952935193214,1.3368589674880076,22.803621492080083
JVS_JVSMuSiC,wavlm_l12,12,17,jvs003;jvs006;jvs008;jvs012;jvs013;jvs014;jvs015;jvs016;jvs017;jvs018;jvs019;jvs020;jvs021;jvs022;jvs023;jvs024;jvs027;jvs028;jvs029;jvs031;jvs032;jvs033;jvs035;jvs036;jvs039;jvs041;jvs043;jvs044;jvs046;jvs047;jvs049;jvs051;jvs052;jvs053;jvs054;jvs055;jvs058;jvs059;jvs061;jvs062;jvs064;jvs066;jvs067;jvs068;jvs070;jvs071;jvs072;jvs074;jvs077;jvs078;jvs079;jvs081;jvs084;jvs085;jvs088;jvs094;jvs095;jvs098;jvs099;jvs100,0.8247067805205351,1.4688259737731078,0.6014261770134989,1.344200908572485,21.997961590134764
JVS_JVSMuSiC,wavlm_l12,12,19,jvs001;jvs002;jvs004;jvs005;jvs006;jvs007;jvs008;jvs011;jvs016;jvs017;jvs018;jvs019;jvs020;jvs022;jvs025;jvs026;jvs027;jvs029;jvs031;jvs032;jvs033;jvs035;jvs036;jvs037;jvs038;jvs041;jvs043;jvs045;jvs047;jvs048;jvs053;jvs054;jvs058;jvs060;jvs061;jvs063;jvs064;jvs066;jvs067;jvs068;jvs069;jvs070;jvs071;jvs074;jvs076;jvs078;jvs079;jvs081;jvs082;jvs085;jvs087;jvs089;jvs091;jvs093;jvs094;jvs095;jvs096;jvs097;jvs098;jvs100,0.8384389453841044,1.4322712884284827,0.5672266506790907,1.3189660015111457,25.11118852824108
JVS_JVSMuSiC,wavlm_l12,12,23,jvs001;jvs002;jvs003;jvs008;jvs009;jvs010;jvs011;jvs014;jvs016;jvs019;jvs022;jvs023;jvs024;jvs025;jvs026;jvs027;jvs028;jvs029;jvs030;jvs031;jvs036;jvs037;jvs039;jvs040;jvs041;jvs042;jvs043;jvs045;jvs046;jvs047;jvs049;jvs050;jvs052;jvs056;jvs062;jvs064;jvs067;jvs071;jvs072;jvs075;jvs076;jvs077;jvs079;jvs080;jvs081;jvs082;jvs083;jvs084;jvs085;jvs086;jvs087;jvs089;jvs091;jvs093;jvs094;jvs096;jvs097;jvs098;jvs099;jvs100,0.8153436980027113,1.4291077764400368,0.5967529009142881,1.3006392349887477,21.524712229538668
JVS_JVSMuSiC,wavlm_l12,12,29,jvs001;jvs005;jvs007;jvs008;jvs009;jvs010;jvs011;jvs014;jvs015;jvs016;jvs017;jvs019;jvs020;jvs021;jvs022;jvs025;jvs026;jvs028;jvs029;jvs030;jvs031;jvs033;jvs035;jvs036;jvs038;jvs039;jvs040;jvs041;jvs044;jvs046;jvs048;jvs049;jvs053;jvs054;jvs057;jvs058;jvs060;jvs064;jvs066;jvs067;jvs068;jvs070;jvs071;jvs072;jvs073;jvs074;jvs078;jvs079;jvs080;jvs081;jvs084;jvs086;jvs089;jvs091;jvs093;jvs095;jvs096;jvs097;jvs098;jvs099,0.8345496837094253,1.4645648248665664,0.5816825919545221,1.345456158030698,23.43254070924559
JVS_JVSMuSiC,wavlm_l12,12,31,jvs001;jvs002;jvs004;jvs005;jvs006;jvs007;jvs008;jvs011;jvs016;jvs018;jvs021;jvs022;jvs023;jvs024;jvs025;jvs026;jvs028;jvs029;jvs033;jvs035;jvs037;jvs038;jvs039;jvs041;jvs043;jvs047;jvs048;jvs050;jvs051;jvs053;jvs054;jvs055;jvs056;jvs057;jvs058;jvs059;jvs060;jvs061;jvs062;jvs063;jvs064;jvs068;jvs070;jvs074;jvs075;jvs077;jvs078;jvs080;jvs081;jvs083;jvs085;jvs087;jvs089;jvs091;jvs092;jvs093;jvs094;jvs096;jvs097;jvs099,0.8461174752146221,1.4470249779870343,0.5606106553487858,1.340202025218852,25.423738314113198
JVS_JVSMuSiC,wavlm_l12,12,37,jvs001;jvs002;jvs004;jvs006;jvs007;jvs009;jvs011;jvs012;jvs014;jvs016;jvs017;jvs018;jvs019;jvs020;jvs021;jvs023;jvs024;jvs025;jvs026;jvs030;jvs031;jvs032;jvs034;jvs035;jvs037;jvs039;jvs040;jvs041;jvs043;jvs044;jvs046;jvs048;jvs051;jvs052;jvs054;jvs055;jvs058;jvs059;jvs062;jvs063;jvs065;jvs066;jvs067;jvs068;jvs069;jvs071;jvs072;jvs073;jvs078;jvs079;jvs080;jvs084;jvs085;jvs091;jvs093;jvs094;jvs097;jvs098;jvs099;jvs100,0.8298054501660677,1.4542779393306882,0.5850488396799894,1.3350187063258658,22.97403111971496
JVS_JVSMuSiC,wavlm_l12,12,41,jvs001;jvs003;jvs004;jvs005;jvs006;jvs007;jvs009;jvs010;jvs011;jvs012;jvs016;jvs017;jvs019;jvs022;jvs023;jvs025;jvs026;jvs028;jvs029;jvs030;jvs031;jvs036;jvs037;jvs038;jvs042;jvs043;jvs044;jvs045;jvs049;jvs051;jvs054;jvs055;jvs058;jvs059;jvs060;jvs061;jvs062;jvs063;jvs065;jvs066;jvs067;jvs068;jvs069;jvs070;jvs071;jvs072;jvs073;jvs074;jvs075;jvs078;jvs080;jvs084;jvs085;jvs086;jvs090;jvs094;jvs095;jvs096;jvs098;jvs099,0.830448382527774,1.4379881511811938,0.5766562279780422,1.317954094079627,23.153871115492798
JVS_JVSMuSiC,wavlm_l12,12,43,jvs002;jvs003;jvs004;jvs006;jvs007;jvs008;jvs009;jvs011;jvs013;jvs014;jvs015;jvs018;jvs022;jvs023;jvs024;jvs025;jvs026;jvs027;jvs034;jvs035;jvs036;jvs037;jvs038;jvs039;jvs040;jvs042;jvs043;jvs044;jvs045;jvs046;jvs049;jvs051;jvs054;jvs056;jvs058;jvs061;jvs062;jvs063;jvs065;jvs066;jvs067;jvs070;jvs071;jvs073;jvs076;jvs077;jvs078;jvs079;jvs083;jvs084;jvs086;jvs088;jvs089;jvs092;jvs093;jvs094;jvs096;jvs097;jvs099;jvs100,0.8287708821739532,1.4577813937968402,0.5865420812909735,1.3366066967784087,21.93065014905453
JVS_JVSMuSiC,wavlm_l12,12,47,jvs002;jvs004;jvs005;jvs006;jvs007;jvs008;jvs009;jvs012;jvs013;jvs014;jvs015;jvs016;jvs018;jvs019;jvs020;jvs021;jvs022;jvs024;jvs025;jvs026;jvs029;jvs031;jvs032;jvs033;jvs034;jvs036;jvs037;jvs039;jvs044;jvs045;jvs047;jvs048;jvs049;jvs051;jvs052;jvs055;jvs056;jvs057;jvs058;jvs062;jvs063;jvs067;jvs068;jvs070;jvs071;jvs073;jvs074;jvs075;jvs077;jvs079;jvs083;jvs086;jvs088;jvs089;jvs091;jvs092;jvs097;jvs098;jvs099;jvs100,0.8375361383912852,1.4645721482098837,0.5804656173566788,1.3496384850706753,23.45156549650391
JVS_JVSMuSiC,wavlm_l12,12,53,jvs002;jvs004;jvs005;jvs006;jvs007;jvs008;jvs009;jvs010;jvs011;jvs012;jvs014;jvs016;jvs017;jvs019;jvs020;jvs021;jvs022;jvs025;jvs027;jvs028;jvs029;jvs030;jvs031;jvs032;jvs033;jvs035;jvs039;jvs041;jvs043;jvs044;jvs045;jvs046;jvs047;jvs049;jvs050;jvs051;jvs053;jvs054;jvs055;jvs056;jvs057;jvs059;jvs064;jvs066;jvs067;jvs068;jvs069;jvs070;jvs071;jvs075;jvs077;jvs080;jvs081;jvs085;jvs087;jvs091;jvs094;jvs096;jvs097;jvs100,0.8460104190735389,1.4577142359465696,0.5638321991534218,1.348100977754438,25.114101544047138
JVS_JVSMuSiC,wavlm_l12,12,59,jvs002;jvs005;jvs006;jvs008;jvs013;jvs014;jvs015;jvs017;jvs019;jvs020;jvs021;jvs022;jvs023;jvs024;jvs026;jvs027;jvs028;jvs030;jvs031;jvs032;jvs033;jvs036;jvs037;jvs038;jvs039;jvs042;jvs044;jvs045;jvs046;jvs048;jvs049;jvs050;jvs053;jvs054;jvs055;jvs058;jvs059;jvs060;jvs061;jvs062;jvs064;jvs065;jvs070;jvs071;jvs074;jvs076;jvs077;jvs078;jvs082;jvs083;jvs084;jvs086;jvs087;jvs090;jvs091;jvs092;jvs093;jvs095;jvs096;jvs098,0.8326369638009546,1.4835165026696189,0.5928504987389324,1.3636723562096553,22.651845907800585
JVS_JVSMuSiC,wavlm_l12,12,61,jvs002;jvs003;jvs007;jvs008;jvs009;jvs010;jvs011;jvs013;jvs015;jvs017;jvs018;jvs021;jvs022;jvs023;jvs025;jvs026;jvs028;jvs031;jvs032;jvs033;jvs034;jvs035;jvs036;jvs037;jvs038;jvs040;jvs041;jvs042;jvs044;jvs046;jvs048;jvs049;jvs050;jvs051;jvs052;jvs053;jvs055;jvs056;jvs059;jvs061;jvs063;jvs064;jvs065;jvs070;jvs074;jvs075;jvs076;jvs077;jvs079;jvs083;jvs085;jvs086;jvs088;jvs091;jvs092;jvs093;jvs095;jvs096;jvs098;jvs100,0.8353775833884833,1.444265501741621,0.5789386408779424,1.327671837714796,24.883129013212855
JVS_JVSMuSiC,wavlm_l12,12,67,jvs001;jvs002;jvs003;jvs004;jvs008;jvs009;jvs011;jvs012;jvs013;jvs014;jvs015;jvs017;jvs020;jvs022;jvs023;jvs025;jvs026;jvs027;jvs029;jvs032;jvs033;jvs037;jvs038;jvs039;jvs043;jvs046;jvs048;jvs051;jvs054;jvs055;jvs056;jvs057;jvs058;jvs059;jvs060;jvs061;jvs062;jvs064;jvs065;jvs068;jvs069;jvs070;jvs071;jvs073;jvs075;jvs078;jvs080;jvs082;jvs083;jvs084;jvs086;jvs087;jvs088;jvs090;jvs091;jvs093;jvs095;jvs097;jvs099;jvs100,0.8381473877967431,1.4654503757731345,0.5741131918736673,1.35013829876829,22.331855458258367
JVS_JVSMuSiC,wavlm_l12,12,71,jvs002;jvs003;jvs004;jvs005;jvs006;jvs010;jvs011;jvs012;jvs013;jvs014;jvs016;jvs018;jvs019;jvs021;jvs022;jvs024;jvs025;jvs026;jvs027;jvs029;jvs031;jvs032;jvs034;jvs037;jvs039;jvs042;jvs043;jvs044;jvs045;jvs047;jvs048;jvs049;jvs050;jvs052;jvs053;jvs054;jvs055;jvs059;jvs061;jvs062;jvs065;jvs066;jvs067;jvs068;jvs069;jvs070;jvs073;jvs074;jvs075;jvs077;jvs079;jvs080;jvs083;jvs084;jvs086;jvs088;jvs089;jvs092;jvs093;jvs098,0.8253337411167431,1.4432378920000601,0.5881137672099879,1.3211197138661297,22.528851282424498
JVS_JVSMuSiC,wavlm_l12,12,73,jvs001;jvs002;jvs005;jvs006;jvs009;jvs011;jvs012;jvs013;jvs017;jvs018;jvs019;jvs020;jvs021;jvs023;jvs025;jvs026;jvs027;jvs032;jvs034;jvs035;jvs036;jvs037;jvs038;jvs039;jvs042;jvs043;jvs048;jvs050;jvs052;jvs058;jvs059;jvs062;jvs063;jvs064;jvs067;jvs068;jvs069;jvs071;jvs072;jvs076;jvs077;jvs079;jvs080;jvs081;jvs082;jvs083;jvs084;jvs086;jvs087;jvs088;jvs089;jvs090;jvs091;jvs094;jvs095;jvs096;jvs097;jvs098;jvs099;jvs100,0.820528618569337,1.4351944883690089,0.59597728428918,1.3090283175552369,22.233776886947627
JVS_JVSMuSiC,wavlm_l12,12,79,jvs001;jvs002;jvs003;jvs006;jvs007;jvs010;jvs011;jvs012;jvs014;jvs016;jvs018;jvs019;jvs021;jvs022;jvs023;jvs028;jvs029;jvs032;jvs033;jvs034;jvs035;jvs036;jvs037;jvs038;jvs040;jvs047;jvs048;jvs049;jvs050;jvs051;jvs052;jvs053;jvs055;jvs056;jvs057;jvs059;jvs060;jvs062;jvs063;jvs064;jvs065;jvs068;jvs070;jvs072;jvs073;jvs074;jvs075;jvs076;jvs079;jvs080;jvs081;jvs082;jvs086;jvs087;jvs092;jvs093;jvs094;jvs097;jvs098;jvs100,0.8419136780502443,1.419103718709353,0.5575334408101386,1.3087424123671347,26.09270730784094
JVS_JVSMuSiC,wavlm_l12,12,83,jvs002;jvs003;jvs004;jvs005;jvs010;jvs011;jvs013;jvs014;jvs017;jvs018;jvs019;jvs022;jvs024;jvs025;jvs026;jvs029;jvs030;jvs033;jvs034;jvs035;jvs037;jvs039;jvs040;jvs043;jvs044;jvs046;jvs047;jvs048;jvs049;jvs050;jvs051;jvs052;jvs054;jvs055;jvs057;jvs058;jvs060;jvs061;jvs062;jvs063;jvs064;jvs065;jvs068;jvs069;jvs070;jvs073;jvs074;jvs078;jvs079;jvs082;jvs083;jvs084;jvs087;jvs088;jvs089;jvs090;jvs092;jvs096;jvs097;jvs099,0.8290937407573786,1.4423330848013065,0.5808889096183526,1.3240877141224143,23.253623367104623
JVS_JVSMuSiC,wavlm_l12,12,89,jvs001;jvs002;jvs003;jvs005;jvs008;jvs009;jvs010;jvs013;jvs014;jvs015;jvs016;jvs018;jvs019;jvs021;jvs024;jvs025;jvs026;jvs028;jvs029;jvs030;jvs031;jvs033;jvs036;jvs037;jvs038;jvs042;jvs043;jvs044;jvs046;jvs047;jvs049;jvs052;jvs054;jvs056;jvs058;jvs060;jvs061;jvs063;jvs064;jvs065;jvs067;jvs071;jvs072;jvs073;jvs074;jvs076;jvs078;jvs079;jvs080;jvs081;jvs083;jvs084;jvs085;jvs086;jvs091;jvs094;jvs095;jvs096;jvs099;jvs100,0.8184320304535757,1.4520053912448856,0.6033775001717072,1.3240054934239975,22.09784289602979
JVS_JVSMuSiC,wavlm_l12,12,97,jvs003;jvs004;jvs005;jvs006;jvs007;jvs008;jvs009;jvs010;jvs011;jvs013;jvs014;jvs015;jvs017;jvs018;jvs021;jvs022;jvs023;jvs024;jvs026;jvs029;jvs030;jvs032;jvs034;jvs035;jvs037;jvs038;jvs039;jvs040;jvs043;jvs045;jvs048;jvs049;jvs050;jvs051;jvs052;jvs054;jvs055;jvs057;jvs058;jvs059;jvs066;jvs067;jvs068;jvs069;jvs072;jvs073;jvs074;jvs077;jvs080;jvs081;jvs082;jvs083;jvs086;jvs087;jvs089;jvs090;jvs093;jvs094;jvs096;jvs099,0.8353240373782778,1.442727395524033,0.5755999264560712,1.3276400344630537,23.867507255866037
JVS_JVSMuSiC,mert_l3,3,13,jvs001;jvs002;jvs007;jvs008;jvs014;jvs016;jvs017;jvs018;jvs021;jvs023;jvs024;jvs026;jvs028;jvs029;jvs030;jvs031;jvs033;jvs034;jvs035;jvs037;jvs038;jvs039;jvs040;jvs045;jvs046;jvs048;jvs050;jvs052;jvs053;jvs054;jvs055;jvs056;jvs060;jvs062;jvs064;jvs065;jvs066;jvs067;jvs069;jvs070;jvs073;jvs074;jvs077;jvs078;jvs079;jvs081;jvs082;jvs084;jvs085;jvs087;jvs088;jvs090;jvs091;jvs092;jvs093;jvs094;jvs096;jvs098;jvs099;jvs100,0.6452963492381005,2.172508104463426,1.2909287031099121,1.7619341938533952,27.662996290922216
JVS_JVSMuSiC,mert_l3,3,17,jvs003;jvs006;jvs008;jvs012;jvs013;jvs014;jvs015;jvs016;jvs017;jvs018;jvs019;jvs020;jvs021;jvs022;jvs023;jvs024;jvs027;jvs028;jvs029;jvs031;jvs032;jvs033;jvs035;jvs036;jvs039;jvs041;jvs043;jvs044;jvs046;jvs047;jvs049;jvs051;jvs052;jvs053;jvs054;jvs055;jvs058;jvs059;jvs061;jvs062;jvs064;jvs066;jvs067;jvs068;jvs070;jvs071;jvs072;jvs074;jvs077;jvs078;jvs079;jvs081;jvs084;jvs085;jvs088;jvs094;jvs095;jvs098;jvs099;jvs100,0.6436266603377458,2.213269386254106,1.3171112955831863,1.792388715764619,26.642128072852255
JVS_JVSMuSiC,mert_l3,3,19,jvs001;jvs002;jvs004;jvs005;jvs006;jvs007;jvs008;jvs011;jvs016;jvs017;jvs018;jvs019;jvs020;jvs022;jvs025;jvs026;jvs027;jvs029;jvs031;jvs032;jvs033;jvs035;jvs036;jvs037;jvs038;jvs041;jvs043;jvs045;jvs047;jvs048;jvs053;jvs054;jvs058;jvs060;jvs061;jvs063;jvs064;jvs066;jvs067;jvs068;jvs069;jvs070;jvs071;jvs074;jvs076;jvs078;jvs079;jvs081;jvs082;jvs085;jvs087;jvs089;jvs091;jvs093;jvs094;jvs095;jvs096;jvs097;jvs098;jvs100,0.6418694496664575,2.159652514795385,1.2874576652910972,1.7446463441730795,26.816014998977852
JVS_JVSMuSiC,mert_l3,3,23,jvs001;jvs002;jvs003;jvs008;jvs009;jvs010;jvs011;jvs014;jvs016;jvs019;jvs022;jvs023;jvs024;jvs025;jvs026;jvs027;jvs028;jvs029;jvs030;jvs031;jvs036;jvs037;jvs039;jvs040;jvs041;jvs042;jvs043;jvs045;jvs046;jvs047;jvs049;jvs050;jvs052;jvs056;jvs062;jvs064;jvs067;jvs071;jvs072;jvs075;jvs076;jvs077;jvs079;jvs080;jvs081;jvs082;jvs083;jvs084;jvs085;jvs086;jvs087;jvs089;jvs091;jvs093;jvs094;jvs096;jvs097;jvs098;jvs099;jvs100,0.6334950655304608,2.1430101097256697,1.289218233201902,1.720127264939095,27.386495610074785
JVS_JVSMuSiC,mert_l3,3,29,jvs001;jvs005;jvs007;jvs008;jvs009;jvs010;jvs011;jvs014;jvs015;jvs016;jvs017;jvs019;jvs020;jvs021;jvs022;jvs025;jvs026;jvs028;jvs029;jvs030;jvs031;jvs033;jvs035;jvs036;jvs038;jvs039;jvs040;jvs041;jvs044;jvs046;jvs048;jvs049;jvs053;jvs054;jvs057;jvs058;jvs060;jvs064;jvs066;jvs067;jvs068;jvs070;jvs071;jvs072;jvs073;jvs074;jvs078;jvs079;jvs080;jvs081;jvs084;jvs086;jvs089;jvs091;jvs093;jvs095;jvs096;jvs097;jvs098;jvs099,0.6486142913583259,2.191886013184264,1.2942658567154246,1.7784847055105466,26.914091798044804
JVS_JVSMuSiC,mert_l3,3,31,jvs001;jvs002;jvs004;jvs005;jvs006;jvs007;jvs008;jvs011;jvs016;jvs018;jvs021;jvs022;jvs023;jvs024;jvs025;jvs026;jvs028;jvs029;jvs033;jvs035;jvs037;jvs038;jvs039;jvs041;jvs043;jvs047;jvs048;jvs050;jvs051;jvs053;jvs054;jvs055;jvs056;jvs057;jvs058;jvs059;jvs060;jvs061;jvs062;jvs063;jvs064;jvs068;jvs070;jvs074;jvs075;jvs077;jvs078;jvs080;jvs081;jvs083;jvs085;jvs087;jvs089;jvs091;jvs092;jvs093;jvs094;jvs096;jvs097;jvs099,0.649933949167657,2.1592228690144926,1.2718248714427254,1.7543617798189788,27.47700085673393
JVS_JVSMuSiC,mert_l3,3,37,jvs001;jvs002;jvs004;jvs006;jvs007;jvs009;jvs011;jvs012;jvs014;jvs016;jvs017;jvs018;jvs019;jvs020;jvs021;jvs023;jvs024;jvs025;jvs026;jvs030;jvs031;jvs032;jvs034;jvs035;jvs037;jvs039;jvs040;jvs041;jvs043;jvs044;jvs046;jvs048;jvs051;jvs052;jvs054;jvs055;jvs058;jvs059;jvs062;jvs063;jvs065;jvs066;jvs067;jvs068;jvs069;jvs071;jvs072;jvs073;jvs078;jvs079;jvs080;jvs084;jvs085;jvs091;jvs093;jvs094;jvs097;jvs098;jvs099;jvs100,0.640294554360026,2.1880475104730968,1.3064321646029522,1.769055390620048,26.08766026928652
JVS_JVSMuSiC,mert_l3,3,41,jvs001;jvs003;jvs004;jvs005;jvs006;jvs007;jvs009;jvs010;jvs011;jvs012;jvs016;jvs017;jvs019;jvs022;jvs023;jvs025;jvs026;jvs028;jvs029;jvs030;jvs031;jvs036;jvs037;jvs038;jvs042;jvs043;jvs044;jvs045;jvs049;jvs051;jvs054;jvs055;jvs058;jvs059;jvs060;jvs061;jvs062;jvs063;jvs065;jvs066;jvs067;jvs068;jvs069;jvs070;jvs071;jvs072;jvs073;jvs074;jvs075;jvs078;jvs080;jvs084;jvs085;jvs086;jvs090;jvs094;jvs095;jvs096;jvs098;jvs099,0.6372565050498655,2.165206428479876,1.29983230811818,1.7441556064543953,25.827648291904712
JVS_JVSMuSiC,mert_l3,3,43,jvs002;jvs003;jvs004;jvs006;jvs007;jvs008;jvs009;jvs011;jvs013;jvs014;jvs015;jvs018;jvs022;jvs023;jvs024;jvs025;jvs026;jvs027;jvs034;jvs035;jvs036;jvs037;jvs038;jvs039;jvs040;jvs042;jvs043;jvs044;jvs045;jvs046;jvs049;jvs051;jvs054;jvs056;jvs058;jvs061;jvs062;jvs063;jvs065;jvs066;jvs067;jvs070;jvs071;jvs073;jvs076;jvs077;jvs078;jvs079;jvs083;jvs084;jvs086;jvs088;jvs089;jvs092;jvs093;jvs094;jvs096;jvs097;jvs099;jvs100,0.6475431462253263,2.1859365791532728,1.2916700377837105,1.7749823389674484,26.881372531161972
JVS_JVSMuSiC,mert_l3,3,47,jvs002;jvs004;jvs005;jvs006;jvs007;jvs008;jvs009;jvs012;jvs013;jvs014;jvs015;jvs016;jvs018;jvs019;jvs020;jvs021;jvs022;jvs024;jvs025;jvs026;jvs029;jvs031;jvs032;jvs033;jvs034;jvs036;jvs037;jvs039;jvs044;jvs045;jvs047;jvs048;jvs049;jvs051;jvs052;jvs055;jvs056;jvs057;jvs058;jvs062;jvs063;jvs067;jvs068;jvs070;jvs071;jvs073;jvs074;jvs075;jvs077;jvs079;jvs083;jvs086;jvs088;jvs089;jvs091;jvs092;jvs097;jvs098;jvs099;jvs100,0.6569296463520083,2.2259053304826297,1.2961164962389933,1.8194240405011926,26.7852275930434
JVS_JVSMuSiC,mert_l3,3,53,jvs002;jvs004;jvs005;jvs006;jvs007;jvs008;jvs009;jvs010;jvs011;jvs012;jvs014;jvs016;jvs017;jvs019;jvs020;jvs021;jvs022;jvs025;jvs027;jvs028;jvs029;jvs030;jvs031;jvs032;jvs033;jvs035;jvs039;jvs041;jvs043;jvs044;jvs045;jvs046;jvs047;jvs049;jvs050;jvs051;jvs053;jvs054;jvs055;jvs056;jvs057;jvs059;jvs064;jvs066;jvs067;jvs068;jvs069;jvs070;jvs071;jvs075;jvs077;jvs080;jvs081;jvs085;jvs087;jvs091;jvs094;jvs096;jvs097;jvs100,0.650619444132505,2.1996010584355346,1.2946138760755084,1.7880447619545699,26.688896440710494
JVS_JVSMuSiC,mert_l3,3,59,jvs002;jvs005;jvs006;jvs008;jvs013;jvs014;jvs015;jvs017;jvs019;jvs020;jvs021;jvs022;jvs023;jvs024;jvs026;jvs027;jvs028;jvs030;jvs031;jvs032;jvs033;jvs036;jvs037;jvs038;jvs039;jvs042;jvs044;jvs045;jvs046;jvs048;jvs049;jvs050;jvs053;jvs054;jvs055;jvs058;jvs059;jvs060;jvs061;jvs062;jvs064;jvs065;jvs070;jvs071;jvs074;jvs076;jvs077;jvs078;jvs082;jvs083;jvs084;jvs086;jvs087;jvs090;jvs091;jvs092;jvs093;jvs095;jvs096;jvs098,0.6487166735192296,2.2283844186689232,1.3136295817968555,1.809178739005714,26.891282352403014
JVS_JVSMuSiC,mert_l3,3,61,jvs002;jvs003;jvs007;jvs008;jvs009;jvs010;jvs011;jvs013;jvs015;jvs017;jvs018;jvs021;jvs022;jvs023;jvs025;jvs026;jvs028;jvs031;jvs032;jvs033;jvs034;jvs035;jvs036;jvs037;jvs038;jvs040;jvs041;jvs042;jvs044;jvs046;jvs048;jvs049;jvs050;jvs051;jvs052;jvs053;jvs055;jvs056;jvs059;jvs061;jvs063;jvs064;jvs065;jvs070;jvs074;jvs075;jvs076;jvs077;jvs079;jvs083;jvs085;jvs086;jvs088;jvs091;jvs092;jvs093;jvs095;jvs096;jvs098;jvs100,0.6543723782044617,2.1509245722487824,1.261848705902198,1.7531707689242289,28.75912161659346
JVS_JVSMuSiC,mert_l3,3,67,jvs001;jvs002;jvs003;jvs004;jvs008;jvs009;jvs011;jvs012;jvs013;jvs014;jvs015;jvs017;jvs020;jvs022;jvs023;jvs025;jvs026;jvs027;jvs029;jvs032;jvs033;jvs037;jvs038;jvs039;jvs043;jvs046;jvs048;jvs051;jvs054;jvs055;jvs056;jvs057;jvs058;jvs059;jvs060;jvs061;jvs062;jvs064;jvs065;jvs068;jvs069;jvs070;jvs071;jvs073;jvs075;jvs078;jvs080;jvs082;jvs083;jvs084;jvs086;jvs087;jvs088;jvs090;jvs091;jvs093;jvs095;jvs097;jvs099;jvs100,0.6518214194899484,2.2016589664272184,1.291980608046296,1.7911399399177854,25.691018497722737
JVS_JVSMuSiC,mert_l3,3,71,jvs002;jvs003;jvs004;jvs005;jvs006;jvs010;jvs011;jvs012;jvs013;jvs014;jvs016;jvs018;jvs019;jvs021;jvs022;jvs024;jvs025;jvs026;jvs027;jvs029;jvs031;jvs032;jvs034;jvs037;jvs039;jvs042;jvs043;jvs044;jvs045;jvs047;jvs048;jvs049;jvs050;jvs052;jvs053;jvs054;jvs055;jvs059;jvs061;jvs062;jvs065;jvs066;jvs067;jvs068;jvs069;jvs070;jvs073;jvs074;jvs075;jvs077;jvs079;jvs080;jvs083;jvs084;jvs086;jvs088;jvs089;jvs092;jvs093;jvs098,0.64596401844125,2.1757237516148322,1.2908813113190183,1.7662377031978966,27.12055373539455
JVS_JVSMuSiC,mert_l3,3,73,jvs001;jvs002;jvs005;jvs006;jvs009;jvs011;jvs012;jvs013;jvs017;jvs018;jvs019;jvs020;jvs021;jvs023;jvs025;jvs026;jvs027;jvs032;jvs034;jvs035;jvs036;jvs037;jvs038;jvs039;jvs042;jvs043;jvs048;jvs050;jvs052;jvs058;jvs059;jvs062;jvs063;jvs064;jvs067;jvs068;jvs069;jvs071;jvs072;jvs076;jvs077;jvs079;jvs080;jvs081;jvs082;jvs083;jvs084;jvs086;jvs087;jvs088;jvs089;jvs090;jvs091;jvs094;jvs095;jvs096;jvs097;jvs098;jvs099;jvs100,0.6400208212192755,2.1853563645098206,1.3042209910209255,1.7659437959156687,26.6225098943613
JVS_JVSMuSiC,mert_l3,3,79,jvs001;jvs002;jvs003;jvs006;jvs007;jvs010;jvs011;jvs012;jvs014;jvs016;jvs018;jvs019;jvs021;jvs022;jvs023;jvs028;jvs029;jvs032;jvs033;jvs034;jvs035;jvs036;jvs037;jvs038;jvs040;jvs047;jvs048;jvs049;jvs050;jvs051;jvs052;jvs053;jvs055;jvs056;jvs057;jvs059;jvs060;jvs062;jvs063;jvs064;jvs065;jvs068;jvs070;jvs072;jvs073;jvs074;jvs075;jvs076;jvs079;jvs080;jvs081;jvs082;jvs086;jvs087;jvs092;jvs093;jvs094;jvs097;jvs098;jvs100,0.6486133367083363,2.142853160428961,1.2650521348714905,1.7395400178834606,27.83290079117251
JVS_JVSMuSiC,mert_l3,3,83,jvs002;jvs003;jvs004;jvs005;jvs010;jvs011;jvs013;jvs014;jvs017;jvs018;jvs019;jvs022;jvs024;jvs025;jvs026;jvs029;jvs030;jvs033;jvs034;jvs035;jvs037;jvs039;jvs040;jvs043;jvs044;jvs046;jvs047;jvs048;jvs049;jvs050;jvs051;jvs052;jvs054;jvs055;jvs057;jvs058;jvs060;jvs061;jvs062;jvs063;jvs064;jvs065;jvs068;jvs069;jvs070;jvs073;jvs074;jvs078;jvs079;jvs082;jvs083;jvs084;jvs087;jvs088;jvs089;jvs090;jvs092;jvs096;jvs097;jvs099,0.6449261436194622,2.1524978851922425,1.2805167272349487,1.7444615534268502,27.162278690447625
JVS_JVSMuSiC,mert_l3,3,89,jvs001;jvs002;jvs003;jvs005;jvs008;jvs009;jvs010;jvs013;jvs014;jvs015;jvs016;jvs018;jvs019;jvs021;jvs024;jvs025;jvs026;jvs028;jvs029;jvs030;jvs031;jvs033;jvs036;jvs037;jvs038;jvs042;jvs043;jvs044;jvs046;jvs047;jvs049;jvs052;jvs054;jvs056;jvs058;jvs060;jvs061;jvs063;jvs064;jvs065;jvs067;jvs071;jvs072;jvs073;jvs074;jvs076;jvs078;jvs079;jvs080;jvs081;jvs083;jvs084;jvs085;jvs086;jvs091;jvs094;jvs095;jvs096;jvs099;jvs100,0.6319686631015544,2.1719101351795294,1.3138014374659472,1.7430160714918062,26.61456974169366
JVS_JVSMuSiC,mert_l3,3,97,jvs003;jvs004;jvs005;jvs006;jvs007;jvs008;jvs009;jvs010;jvs011;jvs013;jvs014;jvs015;jvs017;jvs018;jvs021;jvs022;jvs023;jvs024;jvs026;jvs029;jvs030;jvs032;jvs034;jvs035;jvs037;jvs038;jvs039;jvs040;jvs043;jvs045;jvs048;jvs049;jvs050;jvs051;jvs052;jvs054;jvs055;jvs057;jvs058;jvs059;jvs066;jvs067;jvs068;jvs069;jvs072;jvs073;jvs074;jvs077;jvs080;jvs081;jvs082;jvs083;jvs086;jvs087;jvs089;jvs090;jvs093;jvs094;jvs096;jvs099,0.641638513757941,2.1441958433802655,1.280202591955056,1.733317843476827,27.973868166303188
JVS_JVSMuSiC,hubert_l6,6,13,jvs001;jvs002;jvs007;jvs008;jvs014;jvs016;jvs017;jvs018;jvs021;jvs023;jvs024;jvs026;jvs028;jvs029;jvs030;jvs031;jvs033;jvs034;jvs035;jvs037;jvs038;jvs039;jvs040;jvs045;jvs046;jvs048;jvs050;jvs052;jvs053;jvs054;jvs055;jvs056;jvs060;jvs062;jvs064;jvs065;jvs066;jvs067;jvs069;jvs070;jvs073;jvs074;jvs077;jvs078;jvs079;jvs081;jvs082;jvs084;jvs085;jvs087;jvs088;jvs090;jvs091;jvs092;jvs093;jvs094;jvs096;jvs098;jvs099;jvs100,0.7915537448130882,2.1687551448087827,0.9782464793115294,1.9423734439384206,27.433190549003353
JVS_JVSMuSiC,hubert_l6,6,17,jvs003;jvs006;jvs008;jvs012;jvs013;jvs014;jvs015;jvs016;jvs017;jvs018;jvs019;jvs020;jvs021;jvs022;jvs023;jvs024;jvs027;jvs028;jvs029;jvs031;jvs032;jvs033;jvs035;jvs036;jvs039;jvs041;jvs043;jvs044;jvs046;jvs047;jvs049;jvs051;jvs052;jvs053;jvs054;jvs055;jvs058;jvs059;jvs061;jvs062;jvs064;jvs066;jvs067;jvs068;jvs070;jvs071;jvs072;jvs074;jvs077;jvs078;jvs079;jvs081;jvs084;jvs085;jvs088;jvs094;jvs095;jvs098;jvs099;jvs100,0.7880006858176244,2.1903522156056874,0.9942518500517693,1.9543268829048914,27.171170993116203
JVS_JVSMuSiC,hubert_l6,6,19,jvs001;jvs002;jvs004;jvs005;jvs006;jvs007;jvs008;jvs011;jvs016;jvs017;jvs018;jvs019;jvs020;jvs022;jvs025;jvs026;jvs027;jvs029;jvs031;jvs032;jvs033;jvs035;jvs036;jvs037;jvs038;jvs041;jvs043;jvs045;jvs047;jvs048;jvs053;jvs054;jvs058;jvs060;jvs061;jvs063;jvs064;jvs066;jvs067;jvs068;jvs069;jvs070;jvs071;jvs074;jvs076;jvs078;jvs079;jvs081;jvs082;jvs085;jvs087;jvs089;jvs091;jvs093;jvs094;jvs095;jvs096;jvs097;jvs098;jvs100,0.7956906322713871,2.1469237296320913,0.9617219282977658,1.9237774053748447,28.789757642385293
JVS_JVSMuSiC,hubert_l6,6,23,jvs001;jvs002;jvs003;jvs008;jvs009;jvs010;jvs011;jvs014;jvs016;jvs019;jvs022;jvs023;jvs024;jvs025;jvs026;jvs027;jvs028;jvs029;jvs030;jvs031;jvs036;jvs037;jvs039;jvs040;jvs041;jvs042;jvs043;jvs045;jvs046;jvs047;jvs049;jvs050;jvs052;jvs056;jvs062;jvs064;jvs067;jvs071;jvs072;jvs075;jvs076;jvs077;jvs079;jvs080;jvs081;jvs082;jvs083;jvs084;jvs085;jvs086;jvs087;jvs089;jvs091;jvs093;jvs094;jvs096;jvs097;jvs098;jvs099;jvs100,0.7754590751093738,2.136909242404891,0.9946311953343173,1.8931434804327998,26.60880174854444
JVS_JVSMuSiC,hubert_l6,6,29,jvs001;jvs005;jvs007;jvs008;jvs009;jvs010;jvs011;jvs014;jvs015;jvs016;jvs017;jvs019;jvs020;jvs021;jvs022;jvs025;jvs026;jvs028;jvs029;jvs030;jvs031;jvs033;jvs035;jvs036;jvs038;jvs039;jvs040;jvs041;jvs044;jvs046;jvs048;jvs049;jvs053;jvs054;jvs057;jvs058;jvs060;jvs064;jvs066;jvs067;jvs068;jvs070;jvs071;jvs072;jvs073;jvs074;jvs078;jvs079;jvs080;jvs081;jvs084;jvs086;jvs089;jvs091;jvs093;jvs095;jvs096;jvs097;jvs098;jvs099,0.788680642846173,2.1760440362264997,0.9844518698450481,1.9409036858484756,27.306454961057764
JVS_JVSMuSiC,hubert_l6,6,31,jvs001;jvs002;jvs004;jvs005;jvs006;jvs007;jvs008;jvs011;jvs016;jvs018;jvs021;jvs022;jvs023;jvs024;jvs025;jvs026;jvs028;jvs029;jvs033;jvs035;jvs037;jvs038;jvs039;jvs041;jvs043;jvs047;jvs048;jvs050;jvs051;jvs053;jvs054;jvs055;jvs056;jvs057;jvs058;jvs059;jvs060;jvs061;jvs062;jvs063;jvs064;jvs068;jvs070;jvs074;jvs075;jvs077;jvs078;jvs080;jvs081;jvs083;jvs085;jvs087;jvs089;jvs091;jvs092;jvs093;jvs094;jvs096;jvs097;jvs099,0.8048895862974168,2.161530081058279,0.9490558532777612,1.950042673000868,29.17132048144624
JVS_JVSMuSiC,hubert_l6,6,37,jvs001;jvs002;jvs004;jvs006;jvs007;jvs009;jvs011;jvs012;jvs014;jvs016;jvs017;jvs018;jvs019;jvs020;jvs021;jvs023;jvs024;jvs025;jvs026;jvs030;jvs031;jvs032;jvs034;jvs035;jvs037;jvs039;jvs040;jvs041;jvs043;jvs044;jvs046;jvs048;jvs051;jvs052;jvs054;jvs055;jvs058;jvs059;jvs062;jvs063;jvs065;jvs066;jvs067;jvs068;jvs069;jvs071;jvs072;jvs073;jvs078;jvs079;jvs080;jvs084;jvs085;jvs091;jvs093;jvs094;jvs097;jvs098;jvs099;jvs100,0.7873650965730187,2.1828039732755973,0.9917078470571113,1.9479571629967691,26.88372275675858
JVS_JVSMuSiC,hubert_l6,6,41,jvs001;jvs003;jvs004;jvs005;jvs006;jvs007;jvs009;jvs010;jvs011;jvs012;jvs016;jvs017;jvs019;jvs022;jvs023;jvs025;jvs026;jvs028;jvs029;jvs030;jvs031;jvs036;jvs037;jvs038;jvs042;jvs043;jvs044;jvs045;jvs049;jvs051;jvs054;jvs055;jvs058;jvs059;jvs060;jvs061;jvs062;jvs063;jvs065;jvs066;jvs067;jvs068;jvs069;jvs070;jvs071;jvs072;jvs073;jvs074;jvs075;jvs078;jvs080;jvs084;jvs085;jvs086;jvs090;jvs094;jvs095;jvs096;jvs098;jvs099,0.7857796479766677,2.1645032858521107,0.9862821709726617,1.9272417523754648,27.103103199495525
JVS_JVSMuSiC,hubert_l6,6,43,jvs002;jvs003;jvs004;jvs006;jvs007;jvs008;jvs009;jvs011;jvs013;jvs014;jvs015;jvs018;jvs022;jvs023;jvs024;jvs025;jvs026;jvs027;jvs034;jvs035;jvs036;jvs037;jvs038;jvs039;jvs040;jvs042;jvs043;jvs044;jvs045;jvs046;jvs049;jvs051;jvs054;jvs056;jvs058;jvs061;jvs062;jvs063;jvs065;jvs066;jvs067;jvs070;jvs071;jvs073;jvs076;jvs077;jvs078;jvs079;jvs083;jvs084;jvs086;jvs088;jvs089;jvs092;jvs093;jvs094;jvs096;jvs097;jvs099;jvs100,0.7869844435364854,2.16206555310237,0.9822066116527204,1.9287839602397823,26.987478093329127
JVS_JVSMuSiC,hubert_l6,6,47,jvs002;jvs004;jvs005;jvs006;jvs007;jvs008;jvs009;jvs012;jvs013;jvs014;jvs015;jvs016;jvs018;jvs019;jvs020;jvs021;jvs022;jvs024;jvs025;jvs026;jvs029;jvs031;jvs032;jvs033;jvs034;jvs036;jvs037;jvs039;jvs044;jvs045;jvs047;jvs048;jvs049;jvs051;jvs052;jvs055;jvs056;jvs057;jvs058;jvs062;jvs063;jvs067;jvs068;jvs070;jvs071;jvs073;jvs074;jvs075;jvs077;jvs079;jvs083;jvs086;jvs088;jvs089;jvs091;jvs092;jvs097;jvs098;jvs099;jvs100,0.7947721009714803,2.1687435151634307,0.9739161071324484,1.9431122878036426,27.728801421276103
JVS_JVSMuSiC,hubert_l6,6,53,jvs002;jvs004;jvs005;jvs006;jvs007;jvs008;jvs009;jvs010;jvs011;jvs012;jvs014;jvs016;jvs017;jvs019;jvs020;jvs021;jvs022;jvs025;jvs027;jvs028;jvs029;jvs030;jvs031;jvs032;jvs033;jvs035;jvs039;jvs041;jvs043;jvs044;jvs045;jvs046;jvs047;jvs049;jvs050;jvs051;jvs053;jvs054;jvs055;jvs056;jvs057;jvs059;jvs064;jvs066;jvs067;jvs068;jvs069;jvs070;jvs071;jvs075;jvs077;jvs080;jvs081;jvs085;jvs087;jvs091;jvs094;jvs096;jvs097;jvs100,0.7973392659429076,2.1708707804987935,0.9685247671938692,1.9462676079897727,28.816129817849852
JVS_JVSMuSiC,hubert_l6,6,59,jvs002;jvs005;jvs006;jvs008;jvs013;jvs014;jvs015;jvs017;jvs019;jvs020;jvs021;jvs022;jvs023;jvs024;jvs026;jvs027;jvs028;jvs030;jvs031;jvs032;jvs033;jvs036;jvs037;jvs038;jvs039;jvs042;jvs044;jvs045;jvs046;jvs048;jvs049;jvs050;jvs053;jvs054;jvs055;jvs058;jvs059;jvs060;jvs061;jvs062;jvs064;jvs065;jvs070;jvs071;jvs074;jvs076;jvs077;jvs078;jvs082;jvs083;jvs084;jvs086;jvs087;jvs090;jvs091;jvs092;jvs093;jvs095;jvs096;jvs098,0.78840778982413,2.2055813501272943,1.0020468935433111,1.969990159312168,26.751837427923597
JVS_JVSMuSiC,hubert_l6,6,61,jvs002;jvs003;jvs007;jvs008;jvs009;jvs010;jvs011;jvs013;jvs015;jvs017;jvs018;jvs021;jvs022;jvs023;jvs025;jvs026;jvs028;jvs031;jvs032;jvs033;jvs034;jvs035;jvs036;jvs037;jvs038;jvs040;jvs041;jvs042;jvs044;jvs046;jvs048;jvs049;jvs050;jvs051;jvs052;jvs053;jvs055;jvs056;jvs059;jvs061;jvs063;jvs064;jvs065;jvs070;jvs074;jvs075;jvs076;jvs077;jvs079;jvs083;jvs085;jvs086;jvs088;jvs091;jvs092;jvs093;jvs095;jvs096;jvs098;jvs100,0.7944891744615217,2.1494738534141913,0.966704083978396,1.924921945716032,29.494184172079393
JVS_JVSMuSiC,hubert_l6,6,67,jvs001;jvs002;jvs003;jvs004;jvs008;jvs009;jvs011;jvs012;jvs013;jvs014;jvs015;jvs017;jvs020;jvs022;jvs023;jvs025;jvs026;jvs027;jvs029;jvs032;jvs033;jvs037;jvs038;jvs039;jvs043;jvs046;jvs048;jvs051;jvs054;jvs055;jvs056;jvs057;jvs058;jvs059;jvs060;jvs061;jvs062;jvs064;jvs065;jvs068;jvs069;jvs070;jvs071;jvs073;jvs075;jvs078;jvs080;jvs082;jvs083;jvs084;jvs086;jvs087;jvs088;jvs090;jvs091;jvs093;jvs095;jvs097;jvs099;jvs100,0.7919338119292708,2.193965329307419,0.9848642458499018,1.962766683948808,25.29652316884452
JVS_JVSMuSiC,hubert_l6,6,71,jvs002;jvs003;jvs004;jvs005;jvs006;jvs010;jvs011;jvs012;jvs013;jvs014;jvs016;jvs018;jvs019;jvs021;jvs022;jvs024;jvs025;jvs026;jvs027;jvs029;jvs031;jvs032;jvs034;jvs037;jvs039;jvs042;jvs043;jvs044;jvs045;jvs047;jvs048;jvs049;jvs050;jvs052;jvs053;jvs054;jvs055;jvs059;jvs061;jvs062;jvs065;jvs066;jvs067;jvs068;jvs069;jvs070;jvs073;jvs074;jvs075;jvs077;jvs079;jvs080;jvs083;jvs084;jvs086;jvs088;jvs089;jvs092;jvs093;jvs098,0.7835292470371004,2.1515464442614336,0.9873102386544189,1.9156652508069234,27.70668347324724
JVS_JVSMuSiC,hubert_l6,6,73,jvs001;jvs002;jvs005;jvs006;jvs009;jvs011;jvs012;jvs013;jvs017;jvs018;jvs019;jvs020;jvs021;jvs023;jvs025;jvs026;jvs027;jvs032;jvs034;jvs035;jvs036;jvs037;jvs038;jvs039;jvs042;jvs043;jvs048;jvs050;jvs052;jvs058;jvs059;jvs062;jvs063;jvs064;jvs067;jvs068;jvs069;jvs071;jvs072;jvs076;jvs077;jvs079;jvs080;jvs081;jvs082;jvs083;jvs084;jvs086;jvs087;jvs088;jvs089;jvs090;jvs091;jvs094;jvs095;jvs096;jvs097;jvs098;jvs099;jvs100,0.780326280738635,2.147265870758668,0.9939979284238369,1.9072209758339218,26.124727741452546
JVS_JVSMuSiC,hubert_l6,6,79,jvs001;jvs002;jvs003;jvs006;jvs007;jvs010;jvs011;jvs012;jvs014;jvs016;jvs018;jvs019;jvs021;jvs022;jvs023;jvs028;jvs029;jvs032;jvs033;jvs034;jvs035;jvs036;jvs037;jvs038;jvs040;jvs047;jvs048;jvs049;jvs050;jvs051;jvs052;jvs053;jvs055;jvs056;jvs057;jvs059;jvs060;jvs062;jvs063;jvs064;jvs065;jvs068;jvs070;jvs072;jvs073;jvs074;jvs075;jvs076;jvs079;jvs080;jvs081;jvs082;jvs086;jvs087;jvs092;jvs093;jvs094;jvs097;jvs098;jvs100,0.7942309389896028,2.1245752433017477,0.9581499390617688,1.902317805843875,29.48464097521591
JVS_JVSMuSiC,hubert_l6,6,83,jvs002;jvs003;jvs004;jvs005;jvs010;jvs011;jvs013;jvs014;jvs017;jvs018;jvs019;jvs022;jvs024;jvs025;jvs026;jvs029;jvs030;jvs033;jvs034;jvs035;jvs037;jvs039;jvs040;jvs043;jvs044;jvs046;jvs047;jvs048;jvs049;jvs050;jvs051;jvs052;jvs054;jvs055;jvs057;jvs058;jvs060;jvs061;jvs062;jvs063;jvs064;jvs065;jvs068;jvs069;jvs070;jvs073;jvs074;jvs078;jvs079;jvs082;jvs083;jvs084;jvs087;jvs088;jvs089;jvs090;jvs092;jvs096;jvs097;jvs099,0.7877438434501615,2.1517517444317247,0.9780291012201722,1.9222230071933712,27.94293304442191
JVS_JVSMuSiC,hubert_l6,6,89,jvs001;jvs002;jvs003;jvs005;jvs008;jvs009;jvs010;jvs013;jvs014;jvs015;jvs016;jvs018;jvs019;jvs021;jvs024;jvs025;jvs026;jvs028;jvs029;jvs030;jvs031;jvs033;jvs036;jvs037;jvs038;jvs042;jvs043;jvs044;jvs046;jvs047;jvs049;jvs052;jvs054;jvs056;jvs058;jvs060;jvs061;jvs063;jvs064;jvs065;jvs067;jvs071;jvs072;jvs073;jvs074;jvs076;jvs078;jvs079;jvs080;jvs081;jvs083;jvs084;jvs085;jvs086;jvs091;jvs094;jvs095;jvs096;jvs099;jvs100,0.7765935618616078,2.1715489721364114,1.0107915893064559,1.9245557837707943,27.142601274171703
JVS_JVSMuSiC,hubert_l6,6,97,jvs003;jvs004;jvs005;jvs006;jvs007;jvs008;jvs009;jvs010;jvs011;jvs013;jvs014;jvs015;jvs017;jvs018;jvs021;jvs022;jvs023;jvs024;jvs026;jvs029;jvs030;jvs032;jvs034;jvs035;jvs037;jvs038;jvs039;jvs040;jvs043;jvs045;jvs048;jvs049;jvs050;jvs051;jvs052;jvs054;jvs055;jvs057;jvs058;jvs059;jvs066;jvs067;jvs068;jvs069;jvs072;jvs073;jvs074;jvs077;jvs080;jvs081;jvs082;jvs083;jvs086;jvs087;jvs089;jvs090;jvs093;jvs094;jvs096;jvs099,0.7961981575850068,2.1509847366115293,0.9660922700328799,1.930575748453175,29.217937003068553
GTSinger_same_text_control,wavlm_l12,12,13,DE-Soprano-1;DE-Tenor-1;EN-Alto-2;EN-Tenor-1;ES-Bass-1;ES-Soprano-1;IT-Bass-2;JA-Tenor-1;KO-Soprano-2;RU-Alto-1,0.804260067857157,1.4585160159676391,0.6338383834302397,1.3492176831533005,5.377973656326532
GTSinger_same_text_control,wavlm_l12,12,17,EN-Alto-2;EN-Tenor-1;ES-Bass-1;ES-Soprano-1;FR-Tenor-1;IT-Bass-1;JA-Soprano-1;KO-Soprano-1;KO-Tenor-1;RU-Alto-1,0.7989832521036236,1.388435310053665,0.6163350521859539,1.2624810113151406,6.251429664107576
GTSinger_same_text_control,wavlm_l12,12,19,DE-Tenor-1;EN-Alto-1;EN-Tenor-1;ES-Bass-1;FR-Tenor-1;IT-Bass-1;JA-Soprano-1;KO-Soprano-1;KO-Tenor-1;ZH-Alto-1,0.8012530726827108,1.450338726990882,0.6444655201103666,1.3182919687691,6.911058109528261
GTSinger_same_text_control,wavlm_l12,12,23,DE-Tenor-1;EN-Alto-2;ES-Bass-1;FR-Soprano-1;IT-Soprano-1;JA-Soprano-1;JA-Tenor-1;KO-Soprano-1;ZH-Alto-1;ZH-Tenor-1,0.8125957451428881,1.5066719060003848,0.6483385891876361,1.3848413252126865,6.43656623485298
GTSinger_same_text_control,wavlm_l12,12,29,DE-Soprano-1;DE-Tenor-1;EN-Alto-2;EN-Tenor-1;ES-Bass-1;FR-Soprano-1;FR-Tenor-1;IT-Soprano-1;KO-Soprano-1;KO-Tenor-1,0.8495105555021787,1.4287865866301168,0.546576683689468,1.3287380647159839,6.919248027488648
GTSinger_same_text_control,wavlm_l12,12,31,DE-Soprano-1;EN-Alto-1;EN-Tenor-1;ES-Soprano-1;FR-Soprano-1;IT-Soprano-1;KO-Soprano-2;KO-Tenor-1;RU-Alto-1;ZH-Tenor-1,0.8650713325655082,1.2779337622104705,0.46756850887953816,1.202701540279063,7.1601456145521984
GTSinger_same_text_control,wavlm_l12,12,37,DE-Soprano-1;DE-Tenor-1;EN-Alto-2;FR-Soprano-1;FR-Tenor-1;IT-Bass-2;KO-Soprano-1;KO-Tenor-1;RU-Alto-1;ZH-Alto-1,0.8066001110225796,1.4269889974505325,0.6128890732273483,1.300645666128674,6.341561384685231
GTSinger_same_text_control,wavlm_l12,12,41,DE-Soprano-1;DE-Tenor-1;EN-Alto-1;ES-Bass-1;FR-Tenor-1;IT-Bass-1;IT-Soprano-1;JA-Soprano-1;KO-Soprano-2;ZH-Tenor-1,0.8102990114307314,1.3910157896449344,0.5938330129254936,1.2728548352524347,6.23354025504176
GTSinger_same_text_control,wavlm_l12,12,43,EN-Alto-1;ES-Soprano-1;FR-Soprano-1;FR-Tenor-1;IT-Bass-2;JA-Soprano-1;JA-Tenor-1;RU-Alto-1;ZH-Alto-1;ZH-Tenor-1,0.77189633812992,1.484111336759738,0.7055852813772957,1.3462669681517478,5.7831497278630515
GTSinger_same_text_control,wavlm_l12,12,47,DE-Soprano-1;EN-Alto-1;EN-Alto-2;ES-Bass-1;ES-Soprano-1;FR-Tenor-1;JA-Soprano-1;RU-Alto-1;ZH-Alto-1;ZH-Tenor-1,0.802607500493068,1.323052083287187,0.5703136944516415,1.2084665226032456,5.935192297656877
GTSinger_same_text_control,wavlm_l12,12,53,DE-Soprano-1;EN-Alto-2;EN-Tenor-1;FR-Soprano-1;IT-Bass-1;IT-Bass-2;JA-Soprano-1;KO-Soprano-2;KO-Tenor-1;ZH-Tenor-1,0.8135682020704502,1.4524075423240312,0.6046890716854845,1.3247091627499725,6.418167592685717
GTSinger_same_text_control,wavlm_l12,12,59,EN-Alto-1;EN-Tenor-1;ES-Bass-1;ES-Soprano-1;IT-Bass-1;IT-Bass-2;IT-Soprano-1;JA-Soprano-1;KO-Tenor-1;ZH-Tenor-1,0.793421964308203,1.4097310597333492,0.6284622389614402,1.2776278424383012,6.722137063755944
GTSinger_same_text_control,wavlm_l12,12,61,EN-Alto-1;EN-Alto-2;FR-Soprano-1;IT-Bass-1;IT-Bass-2;IT-Soprano-1;JA-Soprano-1;RU-Alto-1;ZH-Alto-1;ZH-Tenor-1,0.780402990233722,1.3698659070393588,0.6301793543037111,1.2332711417165894,6.047757668963063
GTSinger_same_text_control,wavlm_l12,12,67,EN-Alto-1;EN-Alto-2;ES-Bass-1;ES-Soprano-1;FR-Soprano-1;IT-Bass-2;JA-Soprano-1;JA-Tenor-1;ZH-Alto-1;ZH-Tenor-1,0.7864051068866731,1.4674626086292135,0.6688554847757933,1.3383152290851306,5.8600098244947505
GTSinger_same_text_control,wavlm_l12,12,71,DE-Tenor-1;EN-Alto-1;ES-Bass-1;FR-Soprano-1;FR-Tenor-1;IT-Bass-1;IT-Bass-2;JA-Soprano-1;KO-Soprano-2;ZH-Tenor-1,0.7826679944548547,1.442814253116414,0.6674283448430949,1.3006291556105742,6.46949362130544
GTSinger_same_text_control,wavlm_l12,12,73,DE-Soprano-1;EN-Alto-1;EN-Tenor-1;ES-Bass-1;FR-Soprano-1;KO-Soprano-1;KO-Soprano-2;KO-Tenor-1;RU-Alto-1;ZH-Alto-1,0.8468435231596166,1.2729179638414663,0.49615656503761346,1.1860437502164476,7.016475464847877
GTSinger_same_text_control,wavlm_l12,12,79,DE-Soprano-1;DE-Tenor-1;EN-Tenor-1;FR-Soprano-1;FR-Tenor-1;IT-Soprano-1;JA-Tenor-1;KO-Soprano-1;KO-Soprano-2;ZH-Tenor-1,0.8464410873827097,1.5248927427747168,0.5917411595808775,1.4285301236286436,6.425755746870753
GTSinger_same_text_control,wavlm_l12,12,83,DE-Tenor-1;EN-Alto-1;EN-Tenor-1;ES-Soprano-1;FR-Soprano-1;FR-Tenor-1;IT-Bass-1;IT-Bass-2;JA-Tenor-1;KO-Soprano-1,0.802949297079212,1.5348123993634952,0.6813418424774537,1.4088896380774973,6.233915144634468
GTSinger_same_text_control,wavlm_l12,12,89,EN-Alto-2;EN-Tenor-1;FR-Soprano-1;IT-Bass-1;JA-Soprano-1;JA-Tenor-1;KO-Soprano-1;KO-Tenor-1;ZH-Alto-1;ZH-Tenor-1,0.8173084855878784,1.5197193189302418,0.641918867828166,1.3975537129391105,6.651418807333026
GTSinger_same_text_control,wavlm_l12,12,97,EN-Alto-1;EN-Alto-2;ES-Bass-1;FR-Soprano-1;IT-Bass-2;IT-Soprano-1;JA-Soprano-1;KO-Soprano-1;KO-Soprano-2;KO-Tenor-1,0.8025284967982378,1.3776896271218877,0.5931751270259923,1.2537604244686413,5.971743204623072
GTSinger_same_text_control,wavlm_l12,12,101,DE-Soprano-1;DE-Tenor-1;EN-Alto-1;EN-Alto-2;FR-Soprano-1;IT-Bass-1;IT-Soprano-1;JA-Soprano-1;JA-Tenor-1;RU-Alto-1,0.8037931235180173,1.4274774533918009,0.6231826999032168,1.3209842259907718,5.566700282899998
GTSinger_same_text_control,wavlm_l12,12,103,DE-Soprano-1;EN-Alto-2;EN-Tenor-1;FR-Tenor-1;IT-Bass-1;IT-Bass-2;JA-Soprano-1;JA-Tenor-1;ZH-Alto-1;ZH-Tenor-1,0.799612952972436,1.5948881435853437,0.7076173659422815,1.450005612665981,6.08014569482527
GTSinger_same_text_control,wavlm_l12,12,107,EN-Alto-1;EN-Tenor-1;ES-Soprano-1;FR-Soprano-1;IT-Bass-1;IT-Bass-2;IT-Soprano-1;KO-Soprano-2;RU-Alto-1;ZH-Tenor-1,0.8047178109871768,1.3260470686787937,0.5689016011660435,1.2116261886001285,6.156316276287633
GTSinger_same_text_control,wavlm_l12,12,109,DE-Soprano-1;DE-Tenor-1;EN-Alto-2;EN-Tenor-1;IT-Bass-1;IT-Bass-2;IT-Soprano-1;JA-Soprano-1;KO-Soprano-1;ZH-Tenor-1,0.8083900828694304,1.5042909312494845,0.6434479713145516,1.3660814852280356,6.70443925118321
GTSinger_same_text_control,wavlm_l12,12,113,DE-Soprano-1;DE-Tenor-1;EN-Alto-2;ES-Soprano-1;FR-Soprano-1;IT-Bass-2;JA-Soprano-1;KO-Soprano-2;RU-Alto-1;ZH-Tenor-1,0.8104181642555677,1.4040784597908402,0.5925563281901358,1.2877110018636624,5.937965448246714
GTSinger_same_text_control,wavlm_l12,12,127,DE-Tenor-1;EN-Alto-2;EN-Tenor-1;ES-Bass-1;ES-Soprano-1;FR-Soprano-1;FR-Tenor-1;KO-Soprano-2;ZH-Alto-1;ZH-Tenor-1,0.8382376091030722,1.4155316039502932,0.5634622753082341,1.3094408238274502,6.548638767852593
GTSinger_same_text_control,wavlm_l12,12,131,DE-Soprano-1;EN-Alto-1;EN-Alto-2;EN-Tenor-1;FR-Soprano-1;IT-Bass-1;IT-Soprano-1;KO-Soprano-2;RU-Alto-1;ZH-Tenor-1,0.8436925151516678,1.2832109808848684,0.5031772513866634,1.1922302584442095,7.125927716832199
GTSinger_same_text_control,wavlm_l12,12,137,DE-Tenor-1;EN-Alto-2;EN-Tenor-1;FR-Soprano-1;IT-Bass-1;IT-Bass-2;JA-Soprano-1;KO-Soprano-2;RU-Alto-1;ZH-Tenor-1,0.7935019213056171,1.4545035440788898,0.6538168589056831,1.3186440994774637,6.506690785810828
GTSinger_same_text_control,wavlm_l12,12,139,DE-Soprano-1;DE-Tenor-1;EN-Alto-2;ES-Bass-1;FR-Tenor-1;IT-Bass-1;IT-Soprano-1;KO-Soprano-1;KO-Soprano-2;RU-Alto-1,0.8214487135662476,1.3368182426134125,0.5592023790506717,1.2283286075845505,6.433476339805257
GTSinger_same_text_control,wavlm_l12,12,149,DE-Soprano-1;DE-Tenor-1;EN-Tenor-1;ES-Bass-1;FR-Soprano-1;IT-Bass-2;KO-Soprano-1;KO-Soprano-2;KO-Tenor-1;ZH-Tenor-1,0.8235203410843444,1.4293336337712141,0.5819476806900945,1.3121919624208025,6.214703185791845
GTSinger_same_text_control,wavlm_l12,12,151,DE-Tenor-1;EN-Alto-1;EN-Alto-2;ES-Soprano-1;FR-Tenor-1;IT-Soprano-1;KO-Soprano-1;KO-Tenor-1;RU-Alto-1;ZH-Alto-1,0.8252273377170399,1.3447280444044787,0.5591682525131748,1.2406847415090583,6.6666793973067895
GTSinger_same_text_control,wavlm_l12,12,157,DE-Soprano-1;DE-Tenor-1;EN-Alto-1;EN-Alto-2;EN-Tenor-1;ES-Bass-1;JA-Soprano-1;KO-Tenor-1;ZH-Alto-1;ZH-Tenor-1,0.8361584601169597,1.4132815763444202,0.5651039653497609,1.3111931972566406,6.564759612129342
GTSinger_same_text_control,wavlm_l12,12,163,EN-Alto-1;ES-Bass-1;ES-Soprano-1;FR-Tenor-1;IT-Bass-1;IT-Bass-2;JA-Soprano-1;JA-Tenor-1;KO-Soprano-1;ZH-Alto-1,0.7652434477364642,1.4988569137721384,0.729181873388377,1.348363509720146,6.135078577275424
GTSinger_same_text_control,wavlm_l12,12,167,DE-Tenor-1;EN-Alto-2;EN-Tenor-1;ES-Soprano-1;IT-Bass-2;IT-Soprano-1;KO-Soprano-2;RU-Alto-1;ZH-Alto-1;ZH-Tenor-1,0.8179532572026679,1.4115797729524329,0.589712013142467,1.296926021390073,6.142573092399433
GTSinger_same_text_control,wavlm_l12,12,173,DE-Soprano-1;DE-Tenor-1;EN-Alto-1;EN-Alto-2;ES-Soprano-1;FR-Soprano-1;FR-Tenor-1;IT-Bass-1;IT-Bass-2;JA-Tenor-1,0.8044379650212443,1.4912010660992727,0.65510703368933,1.3730912554705552,5.915874255744796
GTSinger_same_text_control,wavlm_l12,12,179,DE-Soprano-1;EN-Alto-1;EN-Alto-2;EN-Tenor-1;IT-Bass-1;JA-Soprano-1;JA-Tenor-1;KO-Soprano-1;KO-Tenor-1;ZH-Tenor-1,0.812460059482768,1.4738936467201742,0.6285211003183445,1.3604963307626043,6.256964339303372
GTSinger_same_text_control,wavlm_l12,12,181,DE-Soprano-1;EN-Alto-1;ES-Bass-1;FR-Soprano-1;IT-Bass-2;IT-Soprano-1;JA-Soprano-1;JA-Tenor-1;KO-Soprano-1;ZH-Alto-1,0.7841772820553745,1.4716190215309033,0.6709502784610554,1.3393581074940644,6.036885846731364
GTSinger_same_text_control,wavlm_l12,12,191,DE-Tenor-1;EN-Tenor-1;ES-Bass-1;ES-Soprano-1;FR-Soprano-1;FR-Tenor-1;IT-Bass-1;JA-Soprano-1;ZH-Alto-1;ZH-Tenor-1,0.8114608894393829,1.4676709006885467,0.6316331884422075,1.3379306852400255,6.566848512702522
GTSinger_same_text_control,wavlm_l12,12,193,EN-Alto-1;EN-Tenor-1;ES-Bass-1;ES-Soprano-1;FR-Soprano-1;IT-Soprano-1;JA-Tenor-1;KO-Soprano-2;RU-Alto-1;ZH-Tenor-1,0.8187905485514098,1.3507790668199984,0.5624196719364595,1.2629193664167568,5.334403917479416
GTSinger_same_text_control,wavlm_l12,12,197,DE-Soprano-1;DE-Tenor-1;EN-Alto-1;ES-Bass-1;ES-Soprano-1;FR-Soprano-1;IT-Bass-2;KO-Tenor-1;RU-Alto-1;ZH-Tenor-1,0.8118726018605374,1.3183464280854396,0.5586658454966524,1.2116795974107415,6.177013413390306
GTSinger_same_text_control,wavlm_l12,12,199,DE-Soprano-1;EN-Alto-2;EN-Tenor-1;ES-Bass-1;ES-Soprano-1;FR-Tenor-1;IT-Bass-1;KO-Soprano-1;RU-Alto-1;ZH-Tenor-1,0.8129402722698964,1.334749553055182,0.5722079489718859,1.219667665512002,6.478920315898035
GTSinger_same_text_control,wavlm_l12,12,211,DE-Soprano-1;EN-Alto-1;EN-Alto-2;ES-Bass-1;FR-Soprano-1;JA-Tenor-1;KO-Soprano-2;KO-Tenor-1;RU-Alto-1;ZH-Alto-1,0.8198514209154302,1.3252183349874582,0.544282468924087,1.2370931456168752,5.440671609880756
GTSinger_same_text_control,wavlm_l12,12,223,DE-Soprano-1;EN-Alto-2;EN-Tenor-1;ES-Soprano-1;IT-Bass-2;IT-Soprano-1;JA-Tenor-1;KO-Soprano-2;KO-Tenor-1;ZH-Alto-1,0.827990135797219,1.493211864190333,0.5968508863125559,1.3871004591930132,5.788155603211232
GTSinger_same_text_control,wavlm_l12,12,227,DE-Soprano-1;EN-Tenor-1;ES-Bass-1;FR-Soprano-1;FR-Tenor-1;IT-Bass-1;JA-Tenor-1;KO-Soprano-1;KO-Soprano-2;KO-Tenor-1,0.8318464271690333,1.4596645410004974,0.5900317265003622,1.360832613886615,6.050022478833322
GTSinger_same_text_control,wavlm_l12,12,229,DE-Tenor-1;ES-Bass-1;ES-Soprano-1;FR-Soprano-1;IT-Bass-1;IT-Bass-2;IT-Soprano-1;KO-Tenor-1;RU-Alto-1;ZH-Alto-1,0.8103120358048864,1.3596405501796334,0.581875916222986,1.2433623842374235,6.473934351380468
GTSinger_same_text_control,wavlm_l12,12,233,DE-Soprano-1;DE-Tenor-1;EN-Alto-1;EN-Tenor-1;FR-Soprano-1;FR-Tenor-1;IT-Bass-1;IT-Bass-2;KO-Soprano-2;ZH-Tenor-1,0.8131289488967497,1.442644924795887,0.6137771971521186,1.3215925369321795,6.41154365250807
GTSinger_same_text_control,wavlm_l12,12,239,DE-Tenor-1;EN-Tenor-1;FR-Soprano-1;FR-Tenor-1;IT-Bass-1;IT-Bass-2;IT-Soprano-1;KO-Soprano-1;KO-Soprano-2;ZH-Tenor-1,0.8172882574145806,1.488431563137564,0.6229784449676774,1.3587811124114915,6.440709142976825
GTSinger_same_text_control,wavlm_l12,12,241,DE-Soprano-1;EN-Alto-1;FR-Tenor-1;IT-Bass-1;IT-Soprano-1;JA-Soprano-1;JA-Tenor-1;KO-Soprano-1;KO-Soprano-2;KO-Tenor-1,0.8134976134571816,1.4625292285844576,0.6171758723996694,1.3531872853438722,5.721114010093157
GTSinger_same_text_control,wavlm_l12,12,251,DE-Soprano-1;EN-Tenor-1;FR-Tenor-1;IT-Bass-1;IT-Soprano-1;JA-Tenor-1;KO-Soprano-2;KO-Tenor-1;ZH-Alto-1;ZH-Tenor-1,0.8434679682307944,1.4931764709366597,0.5836588488601936,1.396702499323529,6.119177554927421
GTSinger_same_text_control,wavlm_l12,12,257,DE-Soprano-1;EN-Alto-2;ES-Bass-1;FR-Soprano-1;FR-Tenor-1;JA-Tenor-1;KO-Soprano-2;KO-Tenor-1;RU-Alto-1;ZH-Tenor-1,0.8163702740689436,1.393716289679699,0.5830460703980418,1.2945770257494444,5.528501814816009
GTSinger_same_text_control,mert_l3,3,13,DE-Soprano-1;DE-Tenor-1;EN-Alto-2;EN-Tenor-1;ES-Bass-1;ES-Soprano-1;IT-Bass-2;JA-Tenor-1;KO-Soprano-2;RU-Alto-1,0.6804249514975014,2.533914883074659,1.4365529685131335,2.155631531995858,5.4147156903162035
GTSinger_same_text_control,mert_l3,3,17,EN-Alto-2;EN-Tenor-1;ES-Bass-1;ES-Soprano-1;FR-Tenor-1;IT-Bass-1;JA-Soprano-1;KO-Soprano-1;KO-Tenor-1;RU-Alto-1,0.6365373408522099,2.3286209418240023,1.40276178129957,1.898232560740117,6.524209781223888
GTSinger_same_text_control,mert_l3,3,19,DE-Tenor-1;EN-Alto-1;EN-Tenor-1;ES-Bass-1;FR-Tenor-1;IT-Bass-1;JA-Soprano-1;KO-Soprano-1;KO-Tenor-1;ZH-Alto-1,0.6430107325275102,2.3616399311610468,1.4167124567484082,1.938854216031449,6.790113519842042
GTSinger_same_text_control,mert_l3,3,23,DE-Tenor-1;EN-Alto-2;ES-Bass-1;FR-Soprano-1;IT-Soprano-1;JA-Soprano-1;JA-Tenor-1;KO-Soprano-1;ZH-Alto-1;ZH-Tenor-1,0.6849526854677745,2.4589265019728,1.372199827865618,2.0735650028619665,6.3238178073805615
GTSinger_same_text_control,mert_l3,3,29,DE-Soprano-1;DE-Tenor-1;EN-Alto-2;EN-Tenor-1;ES-Bass-1;FR-Soprano-1;FR-Tenor-1;IT-Soprano-1;KO-Soprano-1;KO-Tenor-1,0.683736578901492,2.405743345880644,1.346772779345831,2.0187398031835646,6.077616654577859
GTSinger_same_text_control,mert_l3,3,31,DE-Soprano-1;EN-Alto-1;EN-Tenor-1;ES-Soprano-1;FR-Soprano-1;IT-Soprano-1;KO-Soprano-2;KO-Tenor-1;RU-Alto-1;ZH-Tenor-1,0.6944394629419617,2.213011447687504,1.217410294588924,1.8970192846806377,5.734493342771393
GTSinger_same_text_control,mert_l3,3,37,DE-Soprano-1;DE-Tenor-1;EN-Alto-2;FR-Soprano-1;FR-Tenor-1;IT-Bass-2;KO-Soprano-1;KO-Tenor-1;RU-Alto-1;ZH-Alto-1,0.6653084836229823,2.2883541489275436,1.3019512615821047,1.8831689549945645,5.824757289840344
GTSinger_same_text_control,mert_l3,3,41,DE-Soprano-1;DE-Tenor-1;EN-Alto-1;ES-Bass-1;FR-Tenor-1;IT-Bass-1;IT-Soprano-1;JA-Soprano-1;KO-Soprano-2;ZH-Tenor-1,0.6514492470936746,2.2107407142171005,1.313048523274815,1.806656586911582,6.403410152177599
GTSinger_same_text_control,mert_l3,3,43,EN-Alto-1;ES-Soprano-1;FR-Soprano-1;FR-Tenor-1;IT-Bass-2;JA-Soprano-1;JA-Tenor-1;RU-Alto-1;ZH-Alto-1;ZH-Tenor-1,0.6395068324182618,2.3715929967664264,1.4246502518934234,1.9598298726284726,6.204944860023146
GTSinger_same_text_control,mert_l3,3,47,DE-Soprano-1;EN-Alto-1;EN-Alto-2;ES-Bass-1;ES-Soprano-1;FR-Tenor-1;JA-Soprano-1;RU-Alto-1;ZH-Alto-1;ZH-Tenor-1,0.7028396302896156,2.1818863531652917,1.178216150812635,1.8507506486136156,6.577319052121124
GTSinger_same_text_control,mert_l3,3,53,DE-Soprano-1;EN-Alto-2;EN-Tenor-1;FR-Soprano-1;IT-Bass-1;IT-Bass-2;JA-Soprano-1;KO-Soprano-2;KO-Tenor-1;ZH-Tenor-1,0.6468629979743636,2.408547272851915,1.4251726209063629,1.9767718645600374,6.479321669037219
GTSinger_same_text_control,mert_l3,3,59,EN-Alto-1;EN-Tenor-1;ES-Bass-1;ES-Soprano-1;IT-Bass-1;IT-Bass-2;IT-Soprano-1;JA-Soprano-1;KO-Tenor-1;ZH-Tenor-1,0.6333968950646405,2.3681334701270735,1.440301984969652,1.9347277279677388,6.779418610454333
GTSinger_same_text_control,mert_l3,3,61,EN-Alto-1;EN-Alto-2;FR-Soprano-1;IT-Bass-1;IT-Bass-2;IT-Soprano-1;JA-Soprano-1;RU-Alto-1;ZH-Alto-1;ZH-Tenor-1,0.62432489217858,2.1420012351466298,1.2940615422912798,1.7238107097283837,6.087588015575584
GTSinger_same_text_control,mert_l3,3,67,EN-Alto-1;EN-Alto-2;ES-Bass-1;ES-Soprano-1;FR-Soprano-1;IT-Bass-2;JA-Soprano-1;JA-Tenor-1;ZH-Alto-1;ZH-Tenor-1,0.6743542958738435,2.4040718620539607,1.359154102897095,2.03103936386462,6.1935338465079495
GTSinger_same_text_control,mert_l3,3,71,DE-Tenor-1;EN-Alto-1;ES-Bass-1;FR-Soprano-1;FR-Tenor-1;IT-Bass-1;IT-Bass-2;JA-Soprano-1;KO-Soprano-2;ZH-Tenor-1,0.6394926029867258,2.257473757510747,1.360762619838034,1.8349574735540368,6.740744478836426
GTSinger_same_text_control,mert_l3,3,73,DE-Soprano-1;EN-Alto-1;EN-Tenor-1;ES-Bass-1;FR-Soprano-1;KO-Soprano-1;KO-Soprano-2;KO-Tenor-1;RU-Alto-1;ZH-Alto-1,0.6881617110097479,2.218608310729722,1.2271553946697933,1.8908593614338078,6.457828249716261
GTSinger_same_text_control,mert_l3,3,79,DE-Soprano-1;DE-Tenor-1;EN-Tenor-1;FR-Soprano-1;FR-Tenor-1;IT-Soprano-1;JA-Tenor-1;KO-Soprano-1;KO-Soprano-2;ZH-Tenor-1,0.6863483430799642,2.5588019820026515,1.4499595266742227,2.1750813359595234,5.428444813996852
GTSinger_same_text_control,mert_l3,3,83,DE-Tenor-1;EN-Alto-1;EN-Tenor-1;ES-Soprano-1;FR-Soprano-1;FR-Tenor-1;IT-Bass-1;IT-Bass-2;JA-Tenor-1;KO-Soprano-1,0.6231685525060672,2.483081835330041,1.5569182089130507,2.03755835289999,5.931049273233765
GTSinger_same_text_control,mert_l3,3,89,EN-Alto-2;EN-Tenor-1;FR-Soprano-1;IT-Bass-1;JA-Soprano-1;JA-Tenor-1;KO-Soprano-1;KO-Tenor-1;ZH-Alto-1;ZH-Tenor-1,0.6653559839799058,2.5259140684495476,1.4745633524936153,2.1210454754001513,5.9577669582501915
GTSinger_same_text_control,mert_l3,3,97,EN-Alto-1;EN-Alto-2;ES-Bass-1;FR-Soprano-1;IT-Bass-2;IT-Soprano-1;JA-Soprano-1;KO-Soprano-1;KO-Soprano-2;KO-Tenor-1,0.6501903195892618,2.2206639171252993,1.2889796773444366,1.812797542785064,6.222920243742376
GTSinger_same_text_control,mert_l3,3,101,DE-Soprano-1;DE-Tenor-1;EN-Alto-1;EN-Alto-2;FR-Soprano-1;IT-Bass-1;IT-Soprano-1;JA-Soprano-1;JA-Tenor-1;RU-Alto-1,0.6445892418767649,2.2343199426910503,1.3145281686742505,1.8610381697208807,5.821321790007879
GTSinger_same_text_control,mert_l3,3,103,DE-Soprano-1;EN-Alto-2;EN-Tenor-1;FR-Tenor-1;IT-Bass-1;IT-Bass-2;JA-Soprano-1;JA-Tenor-1;ZH-Alto-1;ZH-Tenor-1,0.666549105936569,2.618324976083217,1.5204467620664555,2.1921295152382325,6.0044068382744396
GTSinger_same_text_control,mert_l3,3,107,EN-Alto-1;EN-Tenor-1;ES-Soprano-1;FR-Soprano-1;IT-Bass-1;IT-Bass-2;IT-Soprano-1;KO-Soprano-2;RU-Alto-1;ZH-Tenor-1,0.6147066236279313,2.2141264279922908,1.372662341938257,1.7960869053746171,5.605691517358167
GTSinger_same_text_control,mert_l3,3,109,DE-Soprano-1;DE-Tenor-1;EN-Alto-2;EN-Tenor-1;IT-Bass-1;IT-Bass-2;IT-Soprano-1;JA-Soprano-1;KO-Soprano-1;ZH-Tenor-1,0.6372939707970723,2.4691892352364326,1.4792514289805827,2.005746765186369,6.088745286049469
GTSinger_same_text_control,mert_l3,3,113,DE-Soprano-1;DE-Tenor-1;EN-Alto-2;ES-Soprano-1;FR-Soprano-1;IT-Bass-2;JA-Soprano-1;KO-Soprano-2;RU-Alto-1;ZH-Tenor-1,0.679315694213633,2.278880986319718,1.2631687705416916,1.898563454874655,5.803382868084169
GTSinger_same_text_control,mert_l3,3,127,DE-Tenor-1;EN-Alto-2;EN-Tenor-1;ES-Bass-1;ES-Soprano-1;FR-Soprano-1;FR-Tenor-1;KO-Soprano-2;ZH-Alto-1;ZH-Tenor-1,0.7168949846425949,2.400199416622808,1.2733906632140648,2.064713795834374,6.233587932637543
GTSinger_same_text_control,mert_l3,3,131,DE-Soprano-1;EN-Alto-1;EN-Alto-2;EN-Tenor-1;FR-Soprano-1;IT-Bass-1;IT-Soprano-1;KO-Soprano-2;RU-Alto-1;ZH-Tenor-1,0.6647230848995364,2.156994395568655,1.2311181792452042,1.8142801314053223,5.650649248764441
GTSinger_same_text_control,mert_l3,3,137,DE-Tenor-1;EN-Alto-2;EN-Tenor-1;FR-Soprano-1;IT-Bass-1;IT-Bass-2;JA-Soprano-1;KO-Soprano-2;RU-Alto-1;ZH-Tenor-1,0.6358580141398391,2.3751175302885796,1.4376427988883198,1.9419877754639434,6.303367016033537
GTSinger_same_text_control,mert_l3,3,139,DE-Soprano-1;DE-Tenor-1;EN-Alto-2;ES-Bass-1;FR-Tenor-1;IT-Bass-1;IT-Soprano-1;KO-Soprano-1;KO-Soprano-2;RU-Alto-1,0.6483059049849567,2.167090197658428,1.2756779441971895,1.7580015759004646,5.780440807704947
GTSinger_same_text_control,mert_l3,3,149,DE-Soprano-1;DE-Tenor-1;EN-Tenor-1;ES-Bass-1;FR-Soprano-1;IT-Bass-2;KO-Soprano-1;KO-Soprano-2;KO-Tenor-1;ZH-Tenor-1,0.6709100625971389,2.4759154814189808,1.4158962060961395,2.0591319056696697,6.301144640694392
GTSinger_same_text_control,mert_l3,3,151,DE-Tenor-1;EN-Alto-1;EN-Alto-2;ES-Soprano-1;FR-Tenor-1;IT-Soprano-1;KO-Soprano-1;KO-Tenor-1;RU-Alto-1;ZH-Alto-1,0.6894846468418916,2.1550696357955523,1.1951830030389936,1.8092360475076252,5.899089441097003
GTSinger_same_text_control,mert_l3,3,157,DE-Soprano-1;DE-Tenor-1;EN-Alto-1;EN-Alto-2;EN-Tenor-1;ES-Bass-1;JA-Soprano-1;KO-Tenor-1;ZH-Alto-1;ZH-Tenor-1,0.7112047359021758,2.406134172606717,1.292165019523795,2.070265827173742,6.613638626401279
GTSinger_same_text_control,mert_l3,3,163,EN-Alto-1;ES-Bass-1;ES-Soprano-1;FR-Tenor-1;IT-Bass-1;IT-Bass-2;JA-Soprano-1;JA-Tenor-1;KO-Soprano-1;ZH-Alto-1,0.6097864010684063,2.3863419481504438,1.497595220094748,1.9205733290124536,6.5851525028759355
GTSinger_same_text_control,mert_l3,3,167,DE-Tenor-1;EN-Alto-2;EN-Tenor-1;ES-Soprano-1;IT-Bass-2;IT-Soprano-1;KO-Soprano-2;RU-Alto-1;ZH-Alto-1;ZH-Tenor-1,0.6751043885652905,2.396089405508473,1.3504610078353507,2.0101554331287814,5.79636264077441
GTSinger_same_text_control,mert_l3,3,173,DE-Soprano-1;DE-Tenor-1;EN-Alto-1;EN-Alto-2;ES-Soprano-1;FR-Soprano-1;FR-Tenor-1;IT-Bass-1;IT-Bass-2;JA-Tenor-1,0.6385509385371876,2.339254436607635,1.4116051360139594,1.932137162322359,6.14871532092416
GTSinger_same_text_control,mert_l3,3,179,DE-Soprano-1;EN-Alto-1;EN-Alto-2;EN-Tenor-1;IT-Bass-1;JA-Soprano-1;JA-Tenor-1;KO-Soprano-1;KO-Tenor-1;ZH-Tenor-1,0.6589136533600432,2.475236099867194,1.4656769496880027,2.082986135076482,5.584704104497086
GTSinger_same_text_control,mert_l3,3,181,DE-Soprano-1;EN-Alto-1;ES-Bass-1;FR-Soprano-1;IT-Bass-2;IT-Soprano-1;JA-Soprano-1;JA-Tenor-1;KO-Soprano-1;ZH-Alto-1,0.6446342355459241,2.3852217223163756,1.402212607966791,1.9703912154311596,6.122335163145098
GTSinger_same_text_control,mert_l3,3,191,DE-Tenor-1;EN-Tenor-1;ES-Bass-1;ES-Soprano-1;FR-Soprano-1;FR-Tenor-1;IT-Bass-1;JA-Soprano-1;ZH-Alto-1;ZH-Tenor-1,0.6772590005510598,2.4089658860588363,1.3702973596634174,2.0186542887286274,6.7897887002433155
GTSinger_same_text_control,mert_l3,3,193,EN-Alto-1;EN-Tenor-1;ES-Bass-1;ES-Soprano-1;FR-Soprano-1;IT-Soprano-1;JA-Tenor-1;KO-Soprano-2;RU-Alto-1;ZH-Tenor-1,0.6841138839535871,2.3604599379186757,1.3501921860810286,2.0391187981432006,4.875217046172731
GTSinger_same_text_control,mert_l3,3,197,DE-Soprano-1;DE-Tenor-1;EN-Alto-1;ES-Bass-1;ES-Soprano-1;FR-Soprano-1;IT-Bass-2;KO-Tenor-1;RU-Alto-1;ZH-Tenor-1,0.671531566470092,2.2137559896262764,1.2711880738006216,1.8433787953159055,6.148874859977888
GTSinger_same_text_control,mert_l3,3,199,DE-Soprano-1;EN-Alto-2;EN-Tenor-1;ES-Bass-1;ES-Soprano-1;FR-Tenor-1;IT-Bass-1;KO-Soprano-1;RU-Alto-1;ZH-Tenor-1,0.6519740376792872,2.3114107585482637,1.3631905908928124,1.9074177898672027,6.111195742438598
GTSinger_same_text_control,mert_l3,3,211,DE-Soprano-1;EN-Alto-1;EN-Alto-2;ES-Bass-1;FR-Soprano-1;JA-Tenor-1;KO-Soprano-2;KO-Tenor-1;RU-Alto-1;ZH-Alto-1,0.7000770674716859,2.2298852422185664,1.2034406176291526,1.9282871890022337,6.0056615484845555
GTSinger_same_text_control,mert_l3,3,223,DE-Soprano-1;EN-Alto-2;EN-Tenor-1;ES-Soprano-1;IT-Bass-2;IT-Soprano-1;JA-Tenor-1;KO-Soprano-2;KO-Tenor-1;ZH-Alto-1,0.6839778472183871,2.5525693710948265,1.4209830443695846,2.1682821130032424,5.463451505438434
GTSinger_same_text_control,mert_l3,3,227,DE-Soprano-1;EN-Tenor-1;ES-Bass-1;FR-Soprano-1;FR-Tenor-1;IT-Bass-1;JA-Tenor-1;KO-Soprano-1;KO-Soprano-2;KO-Tenor-1,0.652433323054152,2.4760682395924816,1.4831618806314728,2.0634425134542043,5.838150838911663
GTSinger_same_text_control,mert_l3,3,229,DE-Tenor-1;ES-Bass-1;ES-Soprano-1;FR-Soprano-1;IT-Bass-1;IT-Bass-2;IT-Soprano-1;KO-Tenor-1;RU-Alto-1;ZH-Alto-1,0.6323135756667975,2.2017077767553603,1.3322269221064538,1.7715839974240501,6.335799356906895
GTSinger_same_text_control,mert_l3,3,233,DE-Soprano-1;DE-Tenor-1;EN-Alto-1;EN-Tenor-1;FR-Soprano-1;FR-Tenor-1;IT-Bass-1;IT-Bass-2;KO-Soprano-2;ZH-Tenor-1,0.6439597463361649,2.3481128062130283,1.4144427908259671,1.937869021775078,6.372128121557749
GTSinger_same_text_control,mert_l3,3,239,DE-Tenor-1;EN-Tenor-1;FR-Soprano-1;FR-Tenor-1;IT-Bass-1;IT-Bass-2;IT-Soprano-1;KO-Soprano-1;KO-Soprano-2;ZH-Tenor-1,0.6196850842488899,2.419758620820011,1.5004738364044354,1.9435975763359883,6.119883788248553
GTSinger_same_text_control,mert_l3,3,241,DE-Soprano-1;EN-Alto-1;FR-Tenor-1;IT-Bass-1;IT-Soprano-1;JA-Soprano-1;JA-Tenor-1;KO-Soprano-1;KO-Soprano-2;KO-Tenor-1,0.6278694358268271,2.3126858190209356,1.414664872242014,1.8892221929630917,5.959225472904111
GTSinger_same_text_control,mert_l3,3,251,DE-Soprano-1;EN-Tenor-1;FR-Tenor-1;IT-Bass-1;IT-Soprano-1;JA-Tenor-1;KO-Soprano-2;KO-Tenor-1;ZH-Alto-1;ZH-Tenor-1,0.6774250236072796,2.5135916284211817,1.4484830492584562,2.1298606052833096,5.886852276222314
GTSinger_same_text_control,mert_l3,3,257,DE-Soprano-1;EN-Alto-2;ES-Bass-1;FR-Soprano-1;FR-Tenor-1;JA-Tenor-1;KO-Soprano-2;KO-Tenor-1;RU-Alto-1;ZH-Tenor-1,0.690806655460031,2.358066157130474,1.3142369947938726,2.008869866494024,6.099409568278555
GTSinger_same_text_control,hubert_l6,6,13,DE-Soprano-1;DE-Tenor-1;EN-Alto-2;EN-Tenor-1;ES-Bass-1;ES-Soprano-1;IT-Bass-2;JA-Tenor-1;KO-Soprano-2;RU-Alto-1,0.7710216613943917,2.2128285367079887,1.0364963179054645,1.9886774357512613,5.660848860760354
GTSinger_same_text_control,hubert_l6,6,17,EN-Alto-2;EN-Tenor-1;ES-Bass-1;ES-Soprano-1;FR-Tenor-1;IT-Bass-1;JA-Soprano-1;KO-Soprano-1;KO-Tenor-1;RU-Alto-1,0.7972918200971643,2.0413125663986427,0.9180088485716084,1.8422461140345276,6.964651439848607
GTSinger_same_text_control,hubert_l6,6,19,DE-Tenor-1;EN-Alto-1;EN-Tenor-1;ES-Bass-1;FR-Tenor-1;IT-Bass-1;JA-Soprano-1;KO-Soprano-1;KO-Tenor-1;ZH-Alto-1,0.7969057059933633,2.1493740080450845,0.9694719628568291,1.9402506309832974,7.571795969412947
GTSinger_same_text_control,hubert_l6,6,23,DE-Tenor-1;EN-Alto-2;ES-Bass-1;FR-Soprano-1;IT-Soprano-1;JA-Soprano-1;JA-Tenor-1;KO-Soprano-1;ZH-Alto-1;ZH-Tenor-1,0.7965722942190097,2.235931336623054,1.001574625024966,2.0289558797212024,6.95965811560176
GTSinger_same_text_control,hubert_l6,6,29,DE-Soprano-1;DE-Tenor-1;EN-Alto-2;EN-Tenor-1;ES-Bass-1;FR-Soprano-1;FR-Tenor-1;IT-Soprano-1;KO-Soprano-1;KO-Tenor-1,0.8348642784230901,2.100244003765364,0.8468514506574518,1.9334253037163294,7.559022011653645
GTSinger_same_text_control,hubert_l6,6,31,DE-Soprano-1;EN-Alto-1;EN-Tenor-1;ES-Soprano-1;FR-Soprano-1;IT-Soprano-1;KO-Soprano-2;KO-Tenor-1;RU-Alto-1;ZH-Tenor-1,0.8496474731027068,1.9938917050502585,0.7710242557051671,1.8536416483800713,7.331410377201288
GTSinger_same_text_control,hubert_l6,6,37,DE-Soprano-1;DE-Tenor-1;EN-Alto-2;FR-Soprano-1;FR-Tenor-1;IT-Bass-2;KO-Soprano-1;KO-Tenor-1;RU-Alto-1;ZH-Alto-1,0.78927357450359,2.14755509306556,0.9530335755110102,1.9276767103542163,6.487054544119677
GTSinger_same_text_control,hubert_l6,6,41,DE-Soprano-1;DE-Tenor-1;EN-Alto-1;ES-Bass-1;FR-Tenor-1;IT-Bass-1;IT-Soprano-1;JA-Soprano-1;KO-Soprano-2;ZH-Tenor-1,0.7991578223468533,2.0700542031611127,0.9193591221930653,1.8656656002576308,7.229757211253346
GTSinger_same_text_control,hubert_l6,6,43,EN-Alto-1;ES-Soprano-1;FR-Soprano-1;FR-Tenor-1;IT-Bass-2;JA-Soprano-1;JA-Tenor-1;RU-Alto-1;ZH-Alto-1;ZH-Tenor-1,0.7626394903331284,2.25282184514814,1.0761223302003755,2.0093600678622057,6.35064606956761
GTSinger_same_text_control,hubert_l6,6,47,DE-Soprano-1;EN-Alto-1;EN-Alto-2;ES-Bass-1;ES-Soprano-1;FR-Tenor-1;JA-Soprano-1;RU-Alto-1;ZH-Alto-1;ZH-Tenor-1,0.8102167777572686,2.033541488077778,0.8761175745240795,1.8510490524857752,6.882759704366177
GTSinger_same_text_control,hubert_l6,6,53,DE-Soprano-1;EN-Alto-2;EN-Tenor-1;FR-Soprano-1;IT-Bass-1;IT-Bass-2;JA-Soprano-1;KO-Soprano-2;KO-Tenor-1;ZH-Tenor-1,0.7873170397267335,2.1801100422998867,0.9685928243936097,1.9483700227615028,6.5289208679166935
GTSinger_same_text_control,hubert_l6,6,59,EN-Alto-1;EN-Tenor-1;ES-Bass-1;ES-Soprano-1;IT-Bass-1;IT-Bass-2;IT-Soprano-1;JA-Soprano-1;KO-Tenor-1;ZH-Tenor-1,0.7637908220701131,2.1065072124537996,1.0014091920389006,1.8638430931929781,6.909500417256076
GTSinger_same_text_control,hubert_l6,6,61,EN-Alto-1;EN-Alto-2;FR-Soprano-1;IT-Bass-1;IT-Bass-2;IT-Soprano-1;JA-Soprano-1;RU-Alto-1;ZH-Alto-1;ZH-Tenor-1,0.7664981045576653,2.0899306632623578,0.9783855011822459,1.852549362848343,6.310119239715349
GTSinger_same_text_control,hubert_l6,6,67,EN-Alto-1;EN-Alto-2;ES-Bass-1;ES-Soprano-1;FR-Soprano-1;IT-Bass-2;JA-Soprano-1;JA-Tenor-1;ZH-Alto-1;ZH-Tenor-1,0.7609549051486709,2.2266569225223245,1.064452703045024,1.9830877100345825,6.253460098071261
GTSinger_same_text_control,hubert_l6,6,71,DE-Tenor-1;EN-Alto-1;ES-Bass-1;FR-Soprano-1;FR-Tenor-1;IT-Bass-1;IT-Bass-2;JA-Soprano-1;KO-Soprano-2;ZH-Tenor-1,0.753622464272098,2.1377929059443956,1.045293773239465,1.8763248950066316,6.864349198725956
GTSinger_same_text_control,hubert_l6,6,73,DE-Soprano-1;EN-Alto-1;EN-Tenor-1;ES-Bass-1;FR-Soprano-1;KO-Soprano-1;KO-Soprano-2;KO-Tenor-1;RU-Alto-1;ZH-Alto-1,0.8341900347267648,1.9932702080768923,0.8103543446779587,1.841976182696288,7.616151244488739
GTSinger_same_text_control,hubert_l6,6,79,DE-Soprano-1;DE-Tenor-1;EN-Tenor-1;FR-Soprano-1;FR-Tenor-1;IT-Soprano-1;JA-Tenor-1;KO-Soprano-1;KO-Soprano-2;ZH-Tenor-1,0.8311246731138227,2.2751942904759885,0.9264822110433991,2.10375357063136,6.698186105253324
GTSinger_same_text_control,hubert_l6,6,83,DE-Tenor-1;EN-Alto-1;EN-Tenor-1;ES-Soprano-1;FR-Soprano-1;FR-Tenor-1;IT-Bass-1;IT-Bass-2;JA-Tenor-1;KO-Soprano-1,0.7777716774650691,2.2751439887108025,1.0577155090050383,2.0451143176423074,6.370206250818078
GTSinger_same_text_control,hubert_l6,6,89,EN-Alto-2;EN-Tenor-1;FR-Soprano-1;IT-Bass-1;JA-Soprano-1;JA-Tenor-1;KO-Soprano-1;KO-Tenor-1;ZH-Alto-1;ZH-Tenor-1,0.8110329625504196,2.276247310930553,0.9845373889512377,2.0800900683689783,6.818071212107795
GTSinger_same_text_control,hubert_l6,6,97,EN-Alto-1;EN-Alto-2;ES-Bass-1;FR-Soprano-1;IT-Bass-2;IT-Soprano-1;JA-Soprano-1;KO-Soprano-1;KO-Soprano-2;KO-Tenor-1,0.7694673701481907,2.0306084980773216,0.9373549321999871,1.7988146357369164,6.200566650329028
GTSinger_same_text_control,hubert_l6,6,101,DE-Soprano-1;DE-Tenor-1;EN-Alto-1;EN-Alto-2;FR-Soprano-1;IT-Bass-1;IT-Soprano-1;JA-Soprano-1;JA-Tenor-1;RU-Alto-1,0.8007058992196125,2.1239659390736696,0.9278332831527434,1.9426488678345155,6.431864553020273
GTSinger_same_text_control,hubert_l6,6,103,DE-Soprano-1;EN-Alto-2;EN-Tenor-1;FR-Tenor-1;IT-Bass-1;IT-Bass-2;JA-Soprano-1;JA-Tenor-1;ZH-Alto-1;ZH-Tenor-1,0.7862289694671752,2.389138132368501,1.0839338631660458,2.1436490820758793,6.36063412700767
GTSinger_same_text_control,hubert_l6,6,107,EN-Alto-1;EN-Tenor-1;ES-Soprano-1;FR-Soprano-1;IT-Bass-1;IT-Bass-2;IT-Soprano-1;KO-Soprano-2;RU-Alto-1;ZH-Tenor-1,0.7776257623066971,2.0524917743156577,0.933615341775285,1.8337167830024212,6.06748659600855
GTSinger_same_text_control,hubert_l6,6,109,DE-Soprano-1;DE-Tenor-1;EN-Alto-2;EN-Tenor-1;IT-Bass-1;IT-Bass-2;IT-Soprano-1;JA-Soprano-1;KO-Soprano-1;ZH-Tenor-1,0.7819609442597238,2.217842962060515,1.0069216990204517,1.975871046164139,6.805805045097918
GTSinger_same_text_control,hubert_l6,6,113,DE-Soprano-1;DE-Tenor-1;EN-Alto-2;ES-Soprano-1;FR-Soprano-1;IT-Bass-2;JA-Soprano-1;KO-Soprano-2;RU-Alto-1;ZH-Tenor-1,0.7819594933440013,2.123650743372015,0.9509402053243281,1.896352419958463,6.009049716020895
GTSinger_same_text_control,hubert_l6,6,127,DE-Tenor-1;EN-Alto-2;EN-Tenor-1;ES-Bass-1;ES-Soprano-1;FR-Soprano-1;FR-Tenor-1;KO-Soprano-2;ZH-Alto-1;ZH-Tenor-1,0.8228593124527774,2.1663020256966674,0.9117852914503889,1.980874760307581,6.948514964857659
GTSinger_same_text_control,hubert_l6,6,131,DE-Soprano-1;EN-Alto-1;EN-Alto-2;EN-Tenor-1;FR-Soprano-1;IT-Bass-1;IT-Soprano-1;KO-Soprano-2;RU-Alto-1;ZH-Tenor-1,0.83633063680109,1.9941004936822615,0.8015759661286376,1.8392126421922108,7.708972363252493
GTSinger_same_text_control,hubert_l6,6,137,DE-Tenor-1;EN-Alto-2;EN-Tenor-1;FR-Soprano-1;IT-Bass-1;IT-Bass-2;JA-Soprano-1;KO-Soprano-2;RU-Alto-1;ZH-Tenor-1,0.769290985884764,2.180699188716754,1.026801681957918,1.9337678140772454,6.8183849825786265
GTSinger_same_text_control,hubert_l6,6,139,DE-Soprano-1;DE-Tenor-1;EN-Alto-2;ES-Bass-1;FR-Tenor-1;IT-Bass-1;IT-Soprano-1;KO-Soprano-1;KO-Soprano-2;RU-Alto-1,0.8108613597578656,1.9921514014790194,0.8612231259263572,1.8074523496273414,7.21489339652616
GTSinger_same_text_control,hubert_l6,6,149,DE-Soprano-1;DE-Tenor-1;EN-Tenor-1;ES-Bass-1;FR-Soprano-1;IT-Bass-2;KO-Soprano-1;KO-Soprano-2;KO-Tenor-1;ZH-Tenor-1,0.7869891201873671,2.155600487155934,0.9656978108668811,1.9305552126567822,6.625211243562057
GTSinger_same_text_control,hubert_l6,6,151,DE-Tenor-1;EN-Alto-1;EN-Alto-2;ES-Soprano-1;FR-Tenor-1;IT-Soprano-1;KO-Soprano-1;KO-Tenor-1;RU-Alto-1;ZH-Alto-1,0.821102200645582,2.033268646404756,0.857453899035099,1.860946019031532,7.345652243216873
GTSinger_same_text_control,hubert_l6,6,157,DE-Soprano-1;DE-Tenor-1;EN-Alto-1;EN-Alto-2;EN-Tenor-1;ES-Bass-1;JA-Soprano-1;KO-Tenor-1;ZH-Alto-1;ZH-Tenor-1,0.8227186101991909,2.1489288250155187,0.9005313728207216,1.9691540955544788,7.240383546376773
GTSinger_same_text_control,hubert_l6,6,163,EN-Alto-1;ES-Bass-1;ES-Soprano-1;FR-Tenor-1;IT-Bass-1;IT-Bass-2;JA-Soprano-1;JA-Tenor-1;KO-Soprano-1;ZH-Alto-1,0.7407966671440331,2.2298148030656395,1.128332683372496,1.960764346071453,6.608835802200921
GTSinger_same_text_control,hubert_l6,6,167,DE-Tenor-1;EN-Alto-2;EN-Tenor-1;ES-Soprano-1;IT-Bass-2;IT-Soprano-1;KO-Soprano-2;RU-Alto-1;ZH-Alto-1;ZH-Tenor-1,0.7880386682492466,2.1827897036057307,0.9781679966507092,1.9600189607449054,6.203444107108707
GTSinger_same_text_control,hubert_l6,6,173,DE-Soprano-1;DE-Tenor-1;EN-Alto-1;EN-Alto-2;ES-Soprano-1;FR-Soprano-1;FR-Tenor-1;IT-Bass-1;IT-Bass-2;JA-Tenor-1,0.7763830916169231,2.224106526458619,1.0281925923634854,1.9974618498051173,6.26806334927507
GTSinger_same_text_control,hubert_l6,6,179,DE-Soprano-1;EN-Alto-1;EN-Alto-2;EN-Tenor-1;IT-Bass-1;JA-Soprano-1;JA-Tenor-1;KO-Soprano-1;KO-Tenor-1;ZH-Tenor-1,0.8078660832946095,2.1984344118103243,0.9537902670306524,2.012471396781528,6.456437940674722
GTSinger_same_text_control,hubert_l6,6,181,DE-Soprano-1;EN-Alto-1;ES-Bass-1;FR-Soprano-1;IT-Bass-2;IT-Soprano-1;JA-Soprano-1;JA-Tenor-1;KO-Soprano-1;ZH-Alto-1,0.7616335747911116,2.2069426862281674,1.0453537482704351,1.9678241688755511,6.418394584427086
GTSinger_same_text_control,hubert_l6,6,191,DE-Tenor-1;EN-Tenor-1;ES-Bass-1;ES-Soprano-1;FR-Soprano-1;FR-Tenor-1;IT-Bass-1;JA-Soprano-1;ZH-Alto-1;ZH-Tenor-1,0.8038535840833817,2.203732513330125,0.9756126991997359,1.9917538815694296,7.304984617931097
GTSinger_same_text_control,hubert_l6,6,193,EN-Alto-1;EN-Tenor-1;ES-Bass-1;ES-Soprano-1;FR-Soprano-1;IT-Soprano-1;JA-Tenor-1;KO-Soprano-2;RU-Alto-1;ZH-Tenor-1,0.8076670847517133,2.0849015899779024,0.9048607662831734,1.920984778703183,5.684253593827462
GTSinger_same_text_control,hubert_l6,6,197,DE-Soprano-1;DE-Tenor-1;EN-Alto-1;ES-Bass-1;ES-Soprano-1;FR-Soprano-1;IT-Bass-2;KO-Tenor-1;RU-Alto-1;ZH-Tenor-1,0.7795619164471075,2.0223689327682743,0.9183474643753688,1.8089799754051739,6.416104741191618
GTSinger_same_text_control,hubert_l6,6,199,DE-Soprano-1;EN-Alto-2;EN-Tenor-1;ES-Bass-1;ES-Soprano-1;FR-Tenor-1;IT-Bass-1;KO-Soprano-1;RU-Alto-1;ZH-Tenor-1,0.8101195536834361,2.0256793048249473,0.8822454050050906,1.8407855476336017,7.262390839875276
GTSinger_same_text_control,hubert_l6,6,211,DE-Soprano-1;EN-Alto-1;EN-Alto-2;ES-Bass-1;FR-Soprano-1;JA-Tenor-1;KO-Soprano-2;KO-Tenor-1;RU-Alto-1;ZH-Alto-1,0.8114842224337281,2.0629715241961475,0.8745258558470193,1.9031819617407204,6.314963318335297
GTSinger_same_text_control,hubert_l6,6,223,DE-Soprano-1;EN-Alto-2;EN-Tenor-1;ES-Soprano-1;IT-Bass-2;IT-Soprano-1;JA-Tenor-1;KO-Soprano-2;KO-Tenor-1;ZH-Alto-1,0.7963260412842803,2.283427235991615,0.9928148051281884,2.0713088228936867,5.638670803692297
GTSinger_same_text_control,hubert_l6,6,227,DE-Soprano-1;EN-Tenor-1;ES-Bass-1;FR-Soprano-1;FR-Tenor-1;IT-Bass-1;JA-Tenor-1;KO-Soprano-1;KO-Soprano-2;KO-Tenor-1,0.8166655032491944,2.174950337558567,0.9231118960789454,2.002238689733078,6.4934458407998115
GTSinger_same_text_control,hubert_l6,6,229,DE-Tenor-1;ES-Bass-1;ES-Soprano-1;FR-Soprano-1;IT-Bass-1;IT-Bass-2;IT-Soprano-1;KO-Tenor-1;RU-Alto-1;ZH-Alto-1,0.7737939873827793,2.068661756511183,0.9565660949285935,1.8428710325829374,6.5754721022887095
GTSinger_same_text_control,hubert_l6,6,233,DE-Soprano-1;DE-Tenor-1;EN-Alto-1;EN-Tenor-1;FR-Soprano-1;FR-Tenor-1;IT-Bass-1;IT-Bass-2;KO-Soprano-2;ZH-Tenor-1,0.7902025416158169,2.1882277944329553,0.9771207136873654,1.9641098084560111,6.701824385050272
GTSinger_same_text_control,hubert_l6,6,239,DE-Tenor-1;EN-Tenor-1;FR-Soprano-1;FR-Tenor-1;IT-Bass-1;IT-Bass-2;IT-Soprano-1;KO-Soprano-1;KO-Soprano-2;ZH-Tenor-1,0.7872989887345906,2.2101862390792,0.9940216903581746,1.9758668122291647,6.682763919679632
GTSinger_same_text_control,hubert_l6,6,241,DE-Soprano-1;EN-Alto-1;FR-Tenor-1;IT-Bass-1;IT-Soprano-1;JA-Soprano-1;JA-Tenor-1;KO-Soprano-1;KO-Soprano-2;KO-Tenor-1,0.8052322881090748,2.1504886313848153,0.9303479847629953,1.9651509087482086,6.425328269369411
GTSinger_same_text_control,hubert_l6,6,251,DE-Soprano-1;EN-Tenor-1;FR-Tenor-1;IT-Bass-1;IT-Soprano-1;JA-Tenor-1;KO-Soprano-2;KO-Tenor-1;ZH-Alto-1;ZH-Tenor-1,0.8335079500116863,2.277034517092798,0.9241843646496445,2.1086643798738764,6.660726041109255
GTSinger_same_text_control,hubert_l6,6,257,DE-Soprano-1;EN-Alto-2;ES-Bass-1;FR-Soprano-1;FR-Tenor-1;JA-Tenor-1;KO-Soprano-2;KO-Tenor-1;RU-Alto-1;ZH-Tenor-1,0.809469376882264,2.1083628424167875,0.9047563909613023,1.9359162323210943,6.362712454206779
