dataset,model,layer,split_seed,speaker_id,duration_balanced,direction,residualization_variant,formula,rank,raw_rank,rank_improvement_vs_raw,hit1,hit5,same_minus_impostor_margin
JVS_JVSMuSiC,wavlm_l12,12,13,jvs005,True,S->G,raw,raw,16,16,0,0,0,-0.0030118868621623607
JVS_JVSMuSiC,wavlm_l12,12,13,jvs006,True,S->G,raw,raw,15,15,0,0,0,-0.0032792041050707654
JVS_JVSMuSiC,wavlm_l12,12,13,jvs010,True,S->G,raw,raw,5,5,0,0,1,0.0028466840817457095
JVS_JVSMuSiC,wavlm_l12,12,13,jvs019,True,S->G,raw,raw,4,4,0,0,1,0.004396520329416842
JVS_JVSMuSiC,wavlm_l12,12,13,jvs020,True,S->G,raw,raw,5,5,0,0,1,0.003154704991426671
JVS_JVSMuSiC,wavlm_l12,12,13,jvs022,True,S->G,raw,raw,5,5,0,0,1,0.0029613122527563096
JVS_JVSMuSiC,wavlm_l12,12,13,jvs027,True,S->G,raw,raw,6,6,0,0,0,0.0026628085858159123
JVS_JVSMuSiC,wavlm_l12,12,13,jvs032,True,S->G,raw,raw,4,4,0,0,1,0.0049489306781217435
JVS_JVSMuSiC,wavlm_l12,12,13,jvs041,True,S->G,raw,raw,5,5,0,0,1,0.002994809066666715
JVS_JVSMuSiC,wavlm_l12,12,13,jvs042,True,S->G,raw,raw,19,19,0,0,0,-0.005934672828746823
JVS_JVSMuSiC,wavlm_l12,12,13,jvs044,True,S->G,raw,raw,4,4,0,0,1,0.0031511131473279663
JVS_JVSMuSiC,wavlm_l12,12,13,jvs057,True,S->G,raw,raw,11,11,0,0,0,-0.00014574296648672824
JVS_JVSMuSiC,wavlm_l12,12,13,jvs058,True,S->G,raw,raw,5,5,0,0,1,0.0023003892327795317
JVS_JVSMuSiC,wavlm_l12,12,13,jvs061,True,S->G,raw,raw,16,16,0,0,0,-0.002719257969690858
JVS_JVSMuSiC,wavlm_l12,12,13,jvs063,True,S->G,raw,raw,1,1,0,1,1,0.009609706970608034
JVS_JVSMuSiC,wavlm_l12,12,13,jvs072,True,S->G,raw,raw,5,5,0,0,1,0.0031378935540548047
JVS_JVSMuSiC,wavlm_l12,12,13,jvs076,True,S->G,raw,raw,1,1,0,1,1,0.010747080026208167
JVS_JVSMuSiC,wavlm_l12,12,13,jvs086,True,S->G,raw,raw,1,1,0,1,1,0.010593259028180313
JVS_JVSMuSiC,wavlm_l12,12,13,jvs095,True,S->G,raw,raw,4,4,0,0,1,0.0027987143895592537
JVS_JVSMuSiC,wavlm_l12,12,13,jvs097,True,S->G,raw,raw,4,4,0,0,1,0.0043778046277063165
JVS_JVSMuSiC,wavlm_l12,12,13,jvs005,True,G->S,raw,raw,5,5,0,0,1,0.0035246780289426294
JVS_JVSMuSiC,wavlm_l12,12,13,jvs006,True,G->S,raw,raw,10,10,0,0,0,0.0002425454716821207
JVS_JVSMuSiC,wavlm_l12,12,13,jvs010,True,G->S,raw,raw,1,1,0,1,1,0.005768711388578596
JVS_JVSMuSiC,wavlm_l12,12,13,jvs019,True,G->S,raw,raw,8,8,0,0,0,0.0024598876111350254
JVS_JVSMuSiC,wavlm_l12,12,13,jvs020,True,G->S,raw,raw,12,12,0,0,0,-5.613176102869932e-05
JVS_JVSMuSiC,wavlm_l12,12,13,jvs022,True,G->S,raw,raw,3,3,0,0,1,0.002958915227085801
JVS_JVSMuSiC,wavlm_l12,12,13,jvs027,True,G->S,raw,raw,1,1,0,1,1,0.00828581779485038
JVS_JVSMuSiC,wavlm_l12,12,13,jvs032,True,G->S,raw,raw,10,10,0,0,0,0.0004568781813022449
JVS_JVSMuSiC,wavlm_l12,12,13,jvs041,True,G->S,raw,raw,1,1,0,1,1,0.006749462420416186
JVS_JVSMuSiC,wavlm_l12,12,13,jvs042,True,G->S,raw,raw,4,4,0,0,1,0.0034145532720158966
JVS_JVSMuSiC,wavlm_l12,12,13,jvs044,True,G->S,raw,raw,19,19,0,0,0,-0.003476428687946842
JVS_JVSMuSiC,wavlm_l12,12,13,jvs057,True,G->S,raw,raw,2,2,0,0,1,0.005293721359424186
JVS_JVSMuSiC,wavlm_l12,12,13,jvs058,True,G->S,raw,raw,4,4,0,0,1,0.004671520025502196
JVS_JVSMuSiC,wavlm_l12,12,13,jvs061,True,G->S,raw,raw,4,4,0,0,1,0.005051282005708924
JVS_JVSMuSiC,wavlm_l12,12,13,jvs063,True,G->S,raw,raw,11,11,0,0,0,-0.00029812282200236684
JVS_JVSMuSiC,wavlm_l12,12,13,jvs072,True,G->S,raw,raw,3,3,0,0,1,0.00476053690691991
JVS_JVSMuSiC,wavlm_l12,12,13,jvs076,True,G->S,raw,raw,13,13,0,0,0,-0.0013211934879984177
JVS_JVSMuSiC,wavlm_l12,12,13,jvs086,True,G->S,raw,raw,13,13,0,0,0,-0.000424302582755276
JVS_JVSMuSiC,wavlm_l12,12,13,jvs095,True,G->S,raw,raw,2,2,0,0,1,0.005992810035902019
JVS_JVSMuSiC,wavlm_l12,12,13,jvs097,True,G->S,raw,raw,8,8,0,0,0,0.0015358258424824633
JVS_JVSMuSiC,wavlm_l12,12,13,jvs005,True,S->G,center_only_classic,classic,4,16,12,0,1,0.11510787484920082
JVS_JVSMuSiC,wavlm_l12,12,13,jvs006,True,S->G,center_only_classic,classic,3,15,12,0,1,0.18525178859494035
JVS_JVSMuSiC,wavlm_l12,12,13,jvs010,True,S->G,center_only_classic,classic,1,5,4,1,1,0.4301025868750403
JVS_JVSMuSiC,wavlm_l12,12,13,jvs019,True,S->G,center_only_classic,classic,1,4,3,1,1,0.14589328780634514
JVS_JVSMuSiC,wavlm_l12,12,13,jvs020,True,S->G,center_only_classic,classic,1,5,4,1,1,0.13414717345866023
JVS_JVSMuSiC,wavlm_l12,12,13,jvs022,True,S->G,center_only_classic,classic,2,5,3,0,1,0.26751072777935636
JVS_JVSMuSiC,wavlm_l12,12,13,jvs027,True,S->G,center_only_classic,classic,2,6,4,0,1,0.1653610697133681
JVS_JVSMuSiC,wavlm_l12,12,13,jvs032,True,S->G,center_only_classic,classic,2,4,2,0,1,0.2112950828991229
JVS_JVSMuSiC,wavlm_l12,12,13,jvs041,True,S->G,center_only_classic,classic,1,5,4,1,1,0.16843529555914805
JVS_JVSMuSiC,wavlm_l12,12,13,jvs042,True,S->G,center_only_classic,classic,16,19,3,0,0,-0.04472428140860707
JVS_JVSMuSiC,wavlm_l12,12,13,jvs044,True,S->G,center_only_classic,classic,2,4,2,0,1,0.11715072263880938
JVS_JVSMuSiC,wavlm_l12,12,13,jvs057,True,S->G,center_only_classic,classic,4,11,7,0,1,0.1824882020172828
JVS_JVSMuSiC,wavlm_l12,12,13,jvs058,True,S->G,center_only_classic,classic,1,5,4,1,1,0.24283629867767806
JVS_JVSMuSiC,wavlm_l12,12,13,jvs061,True,S->G,center_only_classic,classic,1,16,15,1,1,0.13307413242816934
JVS_JVSMuSiC,wavlm_l12,12,13,jvs063,True,S->G,center_only_classic,classic,2,1,-1,0,1,0.20011370613859503
JVS_JVSMuSiC,wavlm_l12,12,13,jvs072,True,S->G,center_only_classic,classic,3,5,2,0,1,0.1411514334268886
JVS_JVSMuSiC,wavlm_l12,12,13,jvs076,True,S->G,center_only_classic,classic,2,1,-1,0,1,0.14353509466371467
JVS_JVSMuSiC,wavlm_l12,12,13,jvs086,True,S->G,center_only_classic,classic,1,1,0,1,1,0.25082733443860733
JVS_JVSMuSiC,wavlm_l12,12,13,jvs095,True,S->G,center_only_classic,classic,1,4,3,1,1,0.16961908588547117
JVS_JVSMuSiC,wavlm_l12,12,13,jvs097,True,S->G,center_only_classic,classic,1,4,3,1,1,0.11561819787732536
JVS_JVSMuSiC,wavlm_l12,12,13,jvs005,True,G->S,center_only_classic,classic,2,5,3,0,1,0.26379914871386945
JVS_JVSMuSiC,wavlm_l12,12,13,jvs006,True,G->S,center_only_classic,classic,2,10,8,0,1,0.18928624400602556
JVS_JVSMuSiC,wavlm_l12,12,13,jvs010,True,G->S,center_only_classic,classic,1,1,0,1,1,0.3265506700127117
JVS_JVSMuSiC,wavlm_l12,12,13,jvs019,True,G->S,center_only_classic,classic,11,8,-3,0,0,-0.028973378323954357
JVS_JVSMuSiC,wavlm_l12,12,13,jvs020,True,G->S,center_only_classic,classic,7,12,5,0,0,0.09787973327523947
JVS_JVSMuSiC,wavlm_l12,12,13,jvs022,True,G->S,center_only_classic,classic,1,3,2,1,1,0.28672675193467023
JVS_JVSMuSiC,wavlm_l12,12,13,jvs027,True,G->S,center_only_classic,classic,1,1,0,1,1,0.45673155180217145
JVS_JVSMuSiC,wavlm_l12,12,13,jvs032,True,G->S,center_only_classic,classic,5,10,5,0,1,0.08681208848072014
JVS_JVSMuSiC,wavlm_l12,12,13,jvs041,True,G->S,center_only_classic,classic,1,1,0,1,1,0.2799108566661919
JVS_JVSMuSiC,wavlm_l12,12,13,jvs042,True,G->S,center_only_classic,classic,3,4,1,0,1,0.13954605364354633
JVS_JVSMuSiC,wavlm_l12,12,13,jvs044,True,G->S,center_only_classic,classic,8,19,11,0,0,0.07181764852617639
JVS_JVSMuSiC,wavlm_l12,12,13,jvs057,True,G->S,center_only_classic,classic,2,2,0,0,1,0.21258288666986766
JVS_JVSMuSiC,wavlm_l12,12,13,jvs058,True,G->S,center_only_classic,classic,2,4,2,0,1,0.2608467151149192
JVS_JVSMuSiC,wavlm_l12,12,13,jvs061,True,G->S,center_only_classic,classic,3,4,1,0,1,0.17551768001521667
JVS_JVSMuSiC,wavlm_l12,12,13,jvs063,True,G->S,center_only_classic,classic,10,11,1,0,0,0.0254687771367898
JVS_JVSMuSiC,wavlm_l12,12,13,jvs072,True,G->S,center_only_classic,classic,2,3,1,0,1,0.2594535421670817
JVS_JVSMuSiC,wavlm_l12,12,13,jvs076,True,G->S,center_only_classic,classic,14,13,-1,0,0,-0.044301082939687875
JVS_JVSMuSiC,wavlm_l12,12,13,jvs086,True,G->S,center_only_classic,classic,6,13,7,0,0,0.1530391372595501
JVS_JVSMuSiC,wavlm_l12,12,13,jvs095,True,G->S,center_only_classic,classic,2,2,0,0,1,0.2570849966375972
JVS_JVSMuSiC,wavlm_l12,12,13,jvs097,True,G->S,center_only_classic,classic,10,8,-2,0,0,0.0050147935204139515
JVS_JVSMuSiC,wavlm_l12,12,13,jvs005,True,S->G,mode_dummy_only,mean_preserving,2,16,14,0,1,0.0028666830882058125
JVS_JVSMuSiC,wavlm_l12,12,13,jvs006,True,S->G,mode_dummy_only,mean_preserving,4,15,11,0,1,0.003197604842310242
JVS_JVSMuSiC,wavlm_l12,12,13,jvs010,True,S->G,mode_dummy_only,mean_preserving,18,5,-13,0,0,-0.0032045017502939643
JVS_JVSMuSiC,wavlm_l12,12,13,jvs019,True,S->G,mode_dummy_only,mean_preserving,14,4,-10,0,0,-0.0005566141918993406
JVS_JVSMuSiC,wavlm_l12,12,13,jvs020,True,S->G,mode_dummy_only,mean_preserving,1,5,4,1,1,0.0037693200236831315
JVS_JVSMuSiC,wavlm_l12,12,13,jvs022,True,S->G,mode_dummy_only,mean_preserving,2,5,3,0,1,0.0037731280017488933
JVS_JVSMuSiC,wavlm_l12,12,13,jvs027,True,S->G,mode_dummy_only,mean_preserving,1,6,5,1,1,0.005027987884431262
JVS_JVSMuSiC,wavlm_l12,12,13,jvs032,True,S->G,mode_dummy_only,mean_preserving,2,4,2,0,1,0.00223790219214548
JVS_JVSMuSiC,wavlm_l12,12,13,jvs041,True,S->G,mode_dummy_only,mean_preserving,2,5,3,0,1,0.002646416373250249
JVS_JVSMuSiC,wavlm_l12,12,13,jvs042,True,S->G,mode_dummy_only,mean_preserving,7,19,12,0,0,0.0008951075476625325
JVS_JVSMuSiC,wavlm_l12,12,13,jvs044,True,S->G,mode_dummy_only,mean_preserving,1,4,3,1,1,0.004997587210172516
JVS_JVSMuSiC,wavlm_l12,12,13,jvs057,True,S->G,mode_dummy_only,mean_preserving,2,11,9,0,1,0.003407159073186783
JVS_JVSMuSiC,wavlm_l12,12,13,jvs058,True,S->G,mode_dummy_only,mean_preserving,1,5,4,1,1,0.00369034978007432
JVS_JVSMuSiC,wavlm_l12,12,13,jvs061,True,S->G,mode_dummy_only,mean_preserving,1,16,15,1,1,0.00421744993541695
JVS_JVSMuSiC,wavlm_l12,12,13,jvs063,True,S->G,mode_dummy_only,mean_preserving,2,1,-1,0,1,0.0028111141268118978
JVS_JVSMuSiC,wavlm_l12,12,13,jvs072,True,S->G,mode_dummy_only,mean_preserving,1,5,4,1,1,0.005041884717890688
JVS_JVSMuSiC,wavlm_l12,12,13,jvs076,True,S->G,mode_dummy_only,mean_preserving,3,1,-2,0,1,0.0024057221196240874
JVS_JVSMuSiC,wavlm_l12,12,13,jvs086,True,S->G,mode_dummy_only,mean_preserving,1,1,0,1,1,0.0034365533261944137
JVS_JVSMuSiC,wavlm_l12,12,13,jvs095,True,S->G,mode_dummy_only,mean_preserving,4,4,0,0,1,0.002127739049427091
JVS_JVSMuSiC,wavlm_l12,12,13,jvs097,True,S->G,mode_dummy_only,mean_preserving,1,4,3,1,1,0.004195818707262489
JVS_JVSMuSiC,wavlm_l12,12,13,jvs005,True,G->S,mode_dummy_only,mean_preserving,1,5,4,1,1,0.0023547085837620774
JVS_JVSMuSiC,wavlm_l12,12,13,jvs006,True,G->S,mode_dummy_only,mean_preserving,1,10,9,1,1,0.00267049666637742
JVS_JVSMuSiC,wavlm_l12,12,13,jvs010,True,G->S,mode_dummy_only,mean_preserving,1,1,0,1,1,0.004880338023798503
JVS_JVSMuSiC,wavlm_l12,12,13,jvs019,True,G->S,mode_dummy_only,mean_preserving,2,8,6,0,1,0.0021894425482406055
JVS_JVSMuSiC,wavlm_l12,12,13,jvs020,True,G->S,mode_dummy_only,mean_preserving,1,12,11,1,1,0.002372831185848634
JVS_JVSMuSiC,wavlm_l12,12,13,jvs022,True,G->S,mode_dummy_only,mean_preserving,1,3,2,1,1,0.0038955357305491267
JVS_JVSMuSiC,wavlm_l12,12,13,jvs027,True,G->S,mode_dummy_only,mean_preserving,1,1,0,1,1,0.00268026038555369
JVS_JVSMuSiC,wavlm_l12,12,13,jvs032,True,G->S,mode_dummy_only,mean_preserving,1,10,9,1,1,0.0038191939009624143
JVS_JVSMuSiC,wavlm_l12,12,13,jvs041,True,G->S,mode_dummy_only,mean_preserving,1,1,0,1,1,0.002750791285082932
JVS_JVSMuSiC,wavlm_l12,12,13,jvs042,True,G->S,mode_dummy_only,mean_preserving,10,4,-6,0,0,0.00013233279428293
JVS_JVSMuSiC,wavlm_l12,12,13,jvs044,True,G->S,mode_dummy_only,mean_preserving,2,19,17,0,1,0.0011955581363655154
JVS_JVSMuSiC,wavlm_l12,12,13,jvs057,True,G->S,mode_dummy_only,mean_preserving,1,2,1,1,1,0.003730684180438759
JVS_JVSMuSiC,wavlm_l12,12,13,jvs058,True,G->S,mode_dummy_only,mean_preserving,1,4,3,1,1,0.003844988927910964
JVS_JVSMuSiC,wavlm_l12,12,13,jvs061,True,G->S,mode_dummy_only,mean_preserving,1,4,3,1,1,0.003178764202351636
JVS_JVSMuSiC,wavlm_l12,12,13,jvs063,True,G->S,mode_dummy_only,mean_preserving,1,11,10,1,1,0.0032798501911287525
JVS_JVSMuSiC,wavlm_l12,12,13,jvs072,True,G->S,mode_dummy_only,mean_preserving,1,3,2,1,1,0.002231745897666837
JVS_JVSMuSiC,wavlm_l12,12,13,jvs076,True,G->S,mode_dummy_only,mean_preserving,1,13,12,1,1,0.0029026062525636664
JVS_JVSMuSiC,wavlm_l12,12,13,jvs086,True,G->S,mode_dummy_only,mean_preserving,1,13,12,1,1,0.0034665450956016253
JVS_JVSMuSiC,wavlm_l12,12,13,jvs095,True,G->S,mode_dummy_only,mean_preserving,4,2,-2,0,1,0.002052446029771615
JVS_JVSMuSiC,wavlm_l12,12,13,jvs097,True,G->S,mode_dummy_only,mean_preserving,1,8,7,1,1,0.003355292039046498
JVS_JVSMuSiC,wavlm_l12,12,13,jvs005,True,S->G,mode_dummy_only,classic,1,16,15,1,1,0.34522927713981466
JVS_JVSMuSiC,wavlm_l12,12,13,jvs006,True,S->G,mode_dummy_only,classic,2,15,13,0,1,0.42887933942457485
JVS_JVSMuSiC,wavlm_l12,12,13,jvs010,True,S->G,mode_dummy_only,classic,1,5,4,1,1,0.484437958828325
JVS_JVSMuSiC,wavlm_l12,12,13,jvs019,True,S->G,mode_dummy_only,classic,3,4,1,0,1,0.20249555898491856
JVS_JVSMuSiC,wavlm_l12,12,13,jvs020,True,S->G,mode_dummy_only,classic,1,5,4,1,1,0.4026930679893218
JVS_JVSMuSiC,wavlm_l12,12,13,jvs022,True,S->G,mode_dummy_only,classic,1,5,4,1,1,0.5329222222323996
JVS_JVSMuSiC,wavlm_l12,12,13,jvs027,True,S->G,mode_dummy_only,classic,1,6,5,1,1,0.5194221420034916
JVS_JVSMuSiC,wavlm_l12,12,13,jvs032,True,S->G,mode_dummy_only,classic,1,4,3,1,1,0.44267557708212424
JVS_JVSMuSiC,wavlm_l12,12,13,jvs041,True,S->G,mode_dummy_only,classic,1,5,4,1,1,0.36151346778269
JVS_JVSMuSiC,wavlm_l12,12,13,jvs042,True,S->G,mode_dummy_only,classic,10,19,9,0,0,0.009309750666322513
JVS_JVSMuSiC,wavlm_l12,12,13,jvs044,True,S->G,mode_dummy_only,classic,1,4,3,1,1,0.43104765883110185
JVS_JVSMuSiC,wavlm_l12,12,13,jvs057,True,S->G,mode_dummy_only,classic,2,11,9,0,1,0.5267230823566899
JVS_JVSMuSiC,wavlm_l12,12,13,jvs058,True,S->G,mode_dummy_only,classic,1,5,4,1,1,0.553917653371838
JVS_JVSMuSiC,wavlm_l12,12,13,jvs061,True,S->G,mode_dummy_only,classic,1,16,15,1,1,0.5153398592312569
JVS_JVSMuSiC,wavlm_l12,12,13,jvs063,True,S->G,mode_dummy_only,classic,1,1,0,1,1,0.4578514279478053
JVS_JVSMuSiC,wavlm_l12,12,13,jvs072,True,S->G,mode_dummy_only,classic,1,5,4,1,1,0.5061774083637969
JVS_JVSMuSiC,wavlm_l12,12,13,jvs076,True,S->G,mode_dummy_only,classic,1,1,0,1,1,0.38370572152265664
JVS_JVSMuSiC,wavlm_l12,12,13,jvs086,True,S->G,mode_dummy_only,classic,1,1,0,1,1,0.48685402904106123
JVS_JVSMuSiC,wavlm_l12,12,13,jvs095,True,S->G,mode_dummy_only,classic,2,4,2,0,1,0.32055310390670083
JVS_JVSMuSiC,wavlm_l12,12,13,jvs097,True,S->G,mode_dummy_only,classic,1,4,3,1,1,0.5034266454132971
JVS_JVSMuSiC,wavlm_l12,12,13,jvs005,True,G->S,mode_dummy_only,classic,1,5,4,1,1,0.4228963978968564
JVS_JVSMuSiC,wavlm_l12,12,13,jvs006,True,G->S,mode_dummy_only,classic,1,10,9,1,1,0.443565353371101
JVS_JVSMuSiC,wavlm_l12,12,13,jvs010,True,G->S,mode_dummy_only,classic,1,1,0,1,1,0.42912612374478476
JVS_JVSMuSiC,wavlm_l12,12,13,jvs019,True,G->S,mode_dummy_only,classic,4,8,4,0,1,0.16324357141941379
JVS_JVSMuSiC,wavlm_l12,12,13,jvs020,True,G->S,mode_dummy_only,classic,1,12,11,1,1,0.43104393267162133
JVS_JVSMuSiC,wavlm_l12,12,13,jvs022,True,G->S,mode_dummy_only,classic,1,3,2,1,1,0.5553807592418174
JVS_JVSMuSiC,wavlm_l12,12,13,jvs027,True,G->S,mode_dummy_only,classic,1,1,0,1,1,0.5130857742941792
JVS_JVSMuSiC,wavlm_l12,12,13,jvs032,True,G->S,mode_dummy_only,classic,1,10,9,1,1,0.49789893368766464
JVS_JVSMuSiC,wavlm_l12,12,13,jvs041,True,G->S,mode_dummy_only,classic,1,1,0,1,1,0.3545736028641771
JVS_JVSMuSiC,wavlm_l12,12,13,jvs042,True,G->S,mode_dummy_only,classic,9,4,-5,0,0,0.0391549555288869
JVS_JVSMuSiC,wavlm_l12,12,13,jvs044,True,G->S,mode_dummy_only,classic,1,19,18,1,1,0.43325205121727883
JVS_JVSMuSiC,wavlm_l12,12,13,jvs057,True,G->S,mode_dummy_only,classic,1,2,1,1,1,0.5308556506972185
JVS_JVSMuSiC,wavlm_l12,12,13,jvs058,True,G->S,mode_dummy_only,classic,1,4,3,1,1,0.5212279098874233
JVS_JVSMuSiC,wavlm_l12,12,13,jvs061,True,G->S,mode_dummy_only,classic,1,4,3,1,1,0.4878030102244215
JVS_JVSMuSiC,wavlm_l12,12,13,jvs063,True,G->S,mode_dummy_only,classic,1,11,10,1,1,0.43970108186706774
JVS_JVSMuSiC,wavlm_l12,12,13,jvs072,True,G->S,mode_dummy_only,classic,1,3,2,1,1,0.4468022628851241
JVS_JVSMuSiC,wavlm_l12,12,13,jvs076,True,G->S,mode_dummy_only,classic,1,13,12,1,1,0.394600430229777
JVS_JVSMuSiC,wavlm_l12,12,13,jvs086,True,G->S,mode_dummy_only,classic,1,13,12,1,1,0.5229452409436627
JVS_JVSMuSiC,wavlm_l12,12,13,jvs095,True,G->S,mode_dummy_only,classic,4,2,-2,0,1,0.23043060495339124
JVS_JVSMuSiC,wavlm_l12,12,13,jvs097,True,G->S,mode_dummy_only,classic,1,8,7,1,1,0.5575873044943197
JVS_JVSMuSiC,wavlm_l12,12,13,jvs005,True,S->G,acoustic_full_no_mode,mean_preserving,4,16,12,0,1,0.0012461871541729064
JVS_JVSMuSiC,wavlm_l12,12,13,jvs006,True,S->G,acoustic_full_no_mode,mean_preserving,1,15,14,1,1,0.0027280409853850385
JVS_JVSMuSiC,wavlm_l12,12,13,jvs010,True,S->G,acoustic_full_no_mode,mean_preserving,20,5,-15,0,0,-0.004316567060969723
JVS_JVSMuSiC,wavlm_l12,12,13,jvs019,True,S->G,acoustic_full_no_mode,mean_preserving,17,4,-13,0,0,-0.0010687627644717645
JVS_JVSMuSiC,wavlm_l12,12,13,jvs020,True,S->G,acoustic_full_no_mode,mean_preserving,2,5,3,0,1,0.0021063503370627457
JVS_JVSMuSiC,wavlm_l12,12,13,jvs022,True,S->G,acoustic_full_no_mode,mean_preserving,5,5,0,0,1,0.0015011300730107813
JVS_JVSMuSiC,wavlm_l12,12,13,jvs027,True,S->G,acoustic_full_no_mode,mean_preserving,1,6,5,1,1,0.0034635759470584837
JVS_JVSMuSiC,wavlm_l12,12,13,jvs032,True,S->G,acoustic_full_no_mode,mean_preserving,2,4,2,0,1,0.0027233411259737217
JVS_JVSMuSiC,wavlm_l12,12,13,jvs041,True,S->G,acoustic_full_no_mode,mean_preserving,6,5,-1,0,0,0.0013246756721753128
JVS_JVSMuSiC,wavlm_l12,12,13,jvs042,True,S->G,acoustic_full_no_mode,mean_preserving,7,19,12,0,0,0.0013006431653960204
JVS_JVSMuSiC,wavlm_l12,12,13,jvs044,True,S->G,acoustic_full_no_mode,mean_preserving,1,4,3,1,1,0.004782170732465896
JVS_JVSMuSiC,wavlm_l12,12,13,jvs057,True,S->G,acoustic_full_no_mode,mean_preserving,2,11,9,0,1,0.0024019619356385746
JVS_JVSMuSiC,wavlm_l12,12,13,jvs058,True,S->G,acoustic_full_no_mode,mean_preserving,1,5,4,1,1,0.0020928598697675938
JVS_JVSMuSiC,wavlm_l12,12,13,jvs061,True,S->G,acoustic_full_no_mode,mean_preserving,4,16,12,0,1,0.001806778986394475
JVS_JVSMuSiC,wavlm_l12,12,13,jvs063,True,S->G,acoustic_full_no_mode,mean_preserving,5,1,-4,0,1,0.001286772968211669
JVS_JVSMuSiC,wavlm_l12,12,13,jvs072,True,S->G,acoustic_full_no_mode,mean_preserving,1,5,4,1,1,0.00436161928096912
JVS_JVSMuSiC,wavlm_l12,12,13,jvs076,True,S->G,acoustic_full_no_mode,mean_preserving,2,1,-1,0,1,0.002049253644248017
JVS_JVSMuSiC,wavlm_l12,12,13,jvs086,True,S->G,acoustic_full_no_mode,mean_preserving,1,1,0,1,1,0.002523972713677436
JVS_JVSMuSiC,wavlm_l12,12,13,jvs095,True,S->G,acoustic_full_no_mode,mean_preserving,9,4,-5,0,0,0.001112912428897106
JVS_JVSMuSiC,wavlm_l12,12,13,jvs097,True,S->G,acoustic_full_no_mode,mean_preserving,1,4,3,1,1,0.0035022955974085557
JVS_JVSMuSiC,wavlm_l12,12,13,jvs005,True,G->S,acoustic_full_no_mode,mean_preserving,3,5,2,0,1,0.0016445554670670992
JVS_JVSMuSiC,wavlm_l12,12,13,jvs006,True,G->S,acoustic_full_no_mode,mean_preserving,3,10,7,0,1,0.0013217104302775118
JVS_JVSMuSiC,wavlm_l12,12,13,jvs010,True,G->S,acoustic_full_no_mode,mean_preserving,1,1,0,1,1,0.0029425254874644313
JVS_JVSMuSiC,wavlm_l12,12,13,jvs019,True,G->S,acoustic_full_no_mode,mean_preserving,1,8,7,1,1,0.001618895569416079
JVS_JVSMuSiC,wavlm_l12,12,13,jvs020,True,G->S,acoustic_full_no_mode,mean_preserving,6,12,6,0,0,0.0007359798632720072
JVS_JVSMuSiC,wavlm_l12,12,13,jvs022,True,G->S,acoustic_full_no_mode,mean_preserving,1,3,2,1,1,0.0029534974638788514
JVS_JVSMuSiC,wavlm_l12,12,13,jvs027,True,G->S,acoustic_full_no_mode,mean_preserving,1,1,0,1,1,0.002281717341052092
JVS_JVSMuSiC,wavlm_l12,12,13,jvs032,True,G->S,acoustic_full_no_mode,mean_preserving,1,10,9,1,1,0.0025592416028186182
JVS_JVSMuSiC,wavlm_l12,12,13,jvs041,True,G->S,acoustic_full_no_mode,mean_preserving,1,1,0,1,1,0.0023374686134843836
JVS_JVSMuSiC,wavlm_l12,12,13,jvs042,True,G->S,acoustic_full_no_mode,mean_preserving,4,4,0,0,1,0.0007049002880009647
JVS_JVSMuSiC,wavlm_l12,12,13,jvs044,True,G->S,acoustic_full_no_mode,mean_preserving,6,19,13,0,0,0.000592192286177462
JVS_JVSMuSiC,wavlm_l12,12,13,jvs057,True,G->S,acoustic_full_no_mode,mean_preserving,1,2,1,1,1,0.0022687262267901964
JVS_JVSMuSiC,wavlm_l12,12,13,jvs058,True,G->S,acoustic_full_no_mode,mean_preserving,1,4,3,1,1,0.0018239281373786387
JVS_JVSMuSiC,wavlm_l12,12,13,jvs061,True,G->S,acoustic_full_no_mode,mean_preserving,1,4,3,1,1,0.003045641470530547
JVS_JVSMuSiC,wavlm_l12,12,13,jvs063,True,G->S,acoustic_full_no_mode,mean_preserving,4,11,7,0,1,0.0012876250810708312
JVS_JVSMuSiC,wavlm_l12,12,13,jvs072,True,G->S,acoustic_full_no_mode,mean_preserving,1,3,2,1,1,0.001565300036380779
JVS_JVSMuSiC,wavlm_l12,12,13,jvs076,True,G->S,acoustic_full_no_mode,mean_preserving,3,13,10,0,1,0.0012747447799322797
JVS_JVSMuSiC,wavlm_l12,12,13,jvs086,True,G->S,acoustic_full_no_mode,mean_preserving,3,13,10,0,1,0.0012570278223931197
JVS_JVSMuSiC,wavlm_l12,12,13,jvs095,True,G->S,acoustic_full_no_mode,mean_preserving,2,2,0,0,1,0.0017557846968750956
JVS_JVSMuSiC,wavlm_l12,12,13,jvs097,True,G->S,acoustic_full_no_mode,mean_preserving,1,8,7,1,1,0.002957750128212533
JVS_JVSMuSiC,wavlm_l12,12,13,jvs005,True,S->G,acoustic_full_no_mode,classic,1,16,15,1,1,0.20921527850470398
JVS_JVSMuSiC,wavlm_l12,12,13,jvs006,True,S->G,acoustic_full_no_mode,classic,1,15,14,1,1,0.31089440749436736
JVS_JVSMuSiC,wavlm_l12,12,13,jvs010,True,S->G,acoustic_full_no_mode,classic,1,5,4,1,1,0.3823784976406019
JVS_JVSMuSiC,wavlm_l12,12,13,jvs019,True,S->G,acoustic_full_no_mode,classic,4,4,0,0,1,0.15713210545562384
JVS_JVSMuSiC,wavlm_l12,12,13,jvs020,True,S->G,acoustic_full_no_mode,classic,8,5,-3,0,0,0.08210466604789263
JVS_JVSMuSiC,wavlm_l12,12,13,jvs022,True,S->G,acoustic_full_no_mode,classic,1,5,4,1,1,0.3792941213007549
JVS_JVSMuSiC,wavlm_l12,12,13,jvs027,True,S->G,acoustic_full_no_mode,classic,1,6,5,1,1,0.37837252120978826
JVS_JVSMuSiC,wavlm_l12,12,13,jvs032,True,S->G,acoustic_full_no_mode,classic,1,4,3,1,1,0.5088366492814359
JVS_JVSMuSiC,wavlm_l12,12,13,jvs041,True,S->G,acoustic_full_no_mode,classic,1,5,4,1,1,0.26190809336700127
JVS_JVSMuSiC,wavlm_l12,12,13,jvs042,True,S->G,acoustic_full_no_mode,classic,3,19,16,0,1,0.15765538665559428
JVS_JVSMuSiC,wavlm_l12,12,13,jvs044,True,S->G,acoustic_full_no_mode,classic,1,4,3,1,1,0.46721097117068766
JVS_JVSMuSiC,wavlm_l12,12,13,jvs057,True,S->G,acoustic_full_no_mode,classic,2,11,9,0,1,0.37395036593484343
JVS_JVSMuSiC,wavlm_l12,12,13,jvs058,True,S->G,acoustic_full_no_mode,classic,1,5,4,1,1,0.3153456119363218
JVS_JVSMuSiC,wavlm_l12,12,13,jvs061,True,S->G,acoustic_full_no_mode,classic,1,16,15,1,1,0.39169188232903657
JVS_JVSMuSiC,wavlm_l12,12,13,jvs063,True,S->G,acoustic_full_no_mode,classic,3,1,-2,0,1,0.21810960626053522
JVS_JVSMuSiC,wavlm_l12,12,13,jvs072,True,S->G,acoustic_full_no_mode,classic,1,5,4,1,1,0.46803970901104075
JVS_JVSMuSiC,wavlm_l12,12,13,jvs076,True,S->G,acoustic_full_no_mode,classic,3,1,-2,0,1,0.30530441050549195
JVS_JVSMuSiC,wavlm_l12,12,13,jvs086,True,S->G,acoustic_full_no_mode,classic,1,1,0,1,1,0.2570210353684456
JVS_JVSMuSiC,wavlm_l12,12,13,jvs095,True,S->G,acoustic_full_no_mode,classic,2,4,2,0,1,0.3335690556697372
JVS_JVSMuSiC,wavlm_l12,12,13,jvs097,True,S->G,acoustic_full_no_mode,classic,1,4,3,1,1,0.5341249441007396
JVS_JVSMuSiC,wavlm_l12,12,13,jvs005,True,G->S,acoustic_full_no_mode,classic,1,5,4,1,1,0.33244817045459607
JVS_JVSMuSiC,wavlm_l12,12,13,jvs006,True,G->S,acoustic_full_no_mode,classic,1,10,9,1,1,0.33476174520456414
JVS_JVSMuSiC,wavlm_l12,12,13,jvs010,True,G->S,acoustic_full_no_mode,classic,1,1,0,1,1,0.3205876300498538
JVS_JVSMuSiC,wavlm_l12,12,13,jvs019,True,G->S,acoustic_full_no_mode,classic,5,8,3,0,1,0.12572898648792888
JVS_JVSMuSiC,wavlm_l12,12,13,jvs020,True,G->S,acoustic_full_no_mode,classic,5,12,7,0,1,0.12697017393403692
JVS_JVSMuSiC,wavlm_l12,12,13,jvs022,True,G->S,acoustic_full_no_mode,classic,1,3,2,1,1,0.44450731560494505
JVS_JVSMuSiC,wavlm_l12,12,13,jvs027,True,G->S,acoustic_full_no_mode,classic,1,1,0,1,1,0.4839362617356977
JVS_JVSMuSiC,wavlm_l12,12,13,jvs032,True,G->S,acoustic_full_no_mode,classic,1,10,9,1,1,0.43108288899504216
JVS_JVSMuSiC,wavlm_l12,12,13,jvs041,True,G->S,acoustic_full_no_mode,classic,1,1,0,1,1,0.36725377029408596
JVS_JVSMuSiC,wavlm_l12,12,13,jvs042,True,G->S,acoustic_full_no_mode,classic,2,4,2,0,1,0.20126340999384298
JVS_JVSMuSiC,wavlm_l12,12,13,jvs044,True,G->S,acoustic_full_no_mode,classic,1,19,18,1,1,0.3712722969841472
JVS_JVSMuSiC,wavlm_l12,12,13,jvs057,True,G->S,acoustic_full_no_mode,classic,1,2,1,1,1,0.39152605397507656
JVS_JVSMuSiC,wavlm_l12,12,13,jvs058,True,G->S,acoustic_full_no_mode,classic,1,4,3,1,1,0.32838230052510675
JVS_JVSMuSiC,wavlm_l12,12,13,jvs061,True,G->S,acoustic_full_no_mode,classic,1,4,3,1,1,0.4645649705728803
JVS_JVSMuSiC,wavlm_l12,12,13,jvs063,True,G->S,acoustic_full_no_mode,classic,4,11,7,0,1,0.16409547365203977
JVS_JVSMuSiC,wavlm_l12,12,13,jvs072,True,G->S,acoustic_full_no_mode,classic,1,3,2,1,1,0.40259277098190216
JVS_JVSMuSiC,wavlm_l12,12,13,jvs076,True,G->S,acoustic_full_no_mode,classic,2,13,11,0,1,0.2057965155181662
JVS_JVSMuSiC,wavlm_l12,12,13,jvs086,True,G->S,acoustic_full_no_mode,classic,4,13,9,0,1,0.23474241108699176
JVS_JVSMuSiC,wavlm_l12,12,13,jvs095,True,G->S,acoustic_full_no_mode,classic,4,2,-2,0,1,0.22066691116686138
JVS_JVSMuSiC,wavlm_l12,12,13,jvs097,True,G->S,acoustic_full_no_mode,classic,1,8,7,1,1,0.5399792620268784
JVS_JVSMuSiC,wavlm_l12,12,13,jvs005,True,S->G,acoustic_full_plus_mode,mean_preserving,4,16,12,0,1,0.0016763667385345515
JVS_JVSMuSiC,wavlm_l12,12,13,jvs006,True,S->G,acoustic_full_plus_mode,mean_preserving,1,15,14,1,1,0.0029722179329069176
JVS_JVSMuSiC,wavlm_l12,12,13,jvs010,True,S->G,acoustic_full_plus_mode,mean_preserving,20,5,-15,0,0,-0.004580996190035491
JVS_JVSMuSiC,wavlm_l12,12,13,jvs019,True,S->G,acoustic_full_plus_mode,mean_preserving,17,4,-13,0,0,-0.001142424142624554
JVS_JVSMuSiC,wavlm_l12,12,13,jvs020,True,S->G,acoustic_full_plus_mode,mean_preserving,1,5,4,1,1,0.0027814288201075676
JVS_JVSMuSiC,wavlm_l12,12,13,jvs022,True,S->G,acoustic_full_plus_mode,mean_preserving,3,5,2,0,1,0.002192622965369706
JVS_JVSMuSiC,wavlm_l12,12,13,jvs027,True,S->G,acoustic_full_plus_mode,mean_preserving,1,6,5,1,1,0.003420050970687094
JVS_JVSMuSiC,wavlm_l12,12,13,jvs032,True,S->G,acoustic_full_plus_mode,mean_preserving,2,4,2,0,1,0.002410205792156672
JVS_JVSMuSiC,wavlm_l12,12,13,jvs041,True,S->G,acoustic_full_plus_mode,mean_preserving,2,5,3,0,1,0.002416859459837273
JVS_JVSMuSiC,wavlm_l12,12,13,jvs042,True,S->G,acoustic_full_plus_mode,mean_preserving,4,19,15,0,1,0.0019619708547979897
JVS_JVSMuSiC,wavlm_l12,12,13,jvs044,True,S->G,acoustic_full_plus_mode,mean_preserving,1,4,3,1,1,0.004798437307296788
JVS_JVSMuSiC,wavlm_l12,12,13,jvs057,True,S->G,acoustic_full_plus_mode,mean_preserving,4,11,7,0,1,0.002139474313525458
JVS_JVSMuSiC,wavlm_l12,12,13,jvs058,True,S->G,acoustic_full_plus_mode,mean_preserving,1,5,4,1,1,0.00237237006140234
JVS_JVSMuSiC,wavlm_l12,12,13,jvs061,True,S->G,acoustic_full_plus_mode,mean_preserving,2,16,14,0,1,0.0027804596729380515
JVS_JVSMuSiC,wavlm_l12,12,13,jvs063,True,S->G,acoustic_full_plus_mode,mean_preserving,2,1,-1,0,1,0.0022366583956554553
JVS_JVSMuSiC,wavlm_l12,12,13,jvs072,True,S->G,acoustic_full_plus_mode,mean_preserving,1,5,4,1,1,0.003932335687647837
JVS_JVSMuSiC,wavlm_l12,12,13,jvs076,True,S->G,acoustic_full_plus_mode,mean_preserving,4,1,-3,0,1,0.0023421063672826037
JVS_JVSMuSiC,wavlm_l12,12,13,jvs086,True,S->G,acoustic_full_plus_mode,mean_preserving,3,1,-2,0,1,0.0018666054166882606
JVS_JVSMuSiC,wavlm_l12,12,13,jvs095,True,S->G,acoustic_full_plus_mode,mean_preserving,7,4,-3,0,0,0.0007978375310971897
JVS_JVSMuSiC,wavlm_l12,12,13,jvs097,True,S->G,acoustic_full_plus_mode,mean_preserving,1,4,3,1,1,0.0040186990717113735
JVS_JVSMuSiC,wavlm_l12,12,13,jvs005,True,G->S,acoustic_full_plus_mode,mean_preserving,3,5,2,0,1,0.0014230429987307502
JVS_JVSMuSiC,wavlm_l12,12,13,jvs006,True,G->S,acoustic_full_plus_mode,mean_preserving,1,10,9,1,1,0.001842939739352456
JVS_JVSMuSiC,wavlm_l12,12,13,jvs010,True,G->S,acoustic_full_plus_mode,mean_preserving,1,1,0,1,1,0.003483091467463506
JVS_JVSMuSiC,wavlm_l12,12,13,jvs019,True,G->S,acoustic_full_plus_mode,mean_preserving,4,8,4,0,1,0.001788501847562629
JVS_JVSMuSiC,wavlm_l12,12,13,jvs020,True,G->S,acoustic_full_plus_mode,mean_preserving,8,12,4,0,0,0.0006998865868387272
JVS_JVSMuSiC,wavlm_l12,12,13,jvs022,True,G->S,acoustic_full_plus_mode,mean_preserving,1,3,2,1,1,0.002652510059429125
JVS_JVSMuSiC,wavlm_l12,12,13,jvs027,True,G->S,acoustic_full_plus_mode,mean_preserving,3,1,-2,0,1,0.0017549863104586727
JVS_JVSMuSiC,wavlm_l12,12,13,jvs032,True,G->S,acoustic_full_plus_mode,mean_preserving,1,10,9,1,1,0.003268187720087301
JVS_JVSMuSiC,wavlm_l12,12,13,jvs041,True,G->S,acoustic_full_plus_mode,mean_preserving,1,1,0,1,1,0.0020970608071644303
JVS_JVSMuSiC,wavlm_l12,12,13,jvs042,True,G->S,acoustic_full_plus_mode,mean_preserving,2,4,2,0,1,0.0016102602839214164
JVS_JVSMuSiC,wavlm_l12,12,13,jvs044,True,G->S,acoustic_full_plus_mode,mean_preserving,3,19,16,0,1,0.0008577501391872078
JVS_JVSMuSiC,wavlm_l12,12,13,jvs057,True,G->S,acoustic_full_plus_mode,mean_preserving,1,2,1,1,1,0.002315426115866326
JVS_JVSMuSiC,wavlm_l12,12,13,jvs058,True,G->S,acoustic_full_plus_mode,mean_preserving,1,4,3,1,1,0.001709524173584387
JVS_JVSMuSiC,wavlm_l12,12,13,jvs061,True,G->S,acoustic_full_plus_mode,mean_preserving,1,4,3,1,1,0.0027977488865768008
JVS_JVSMuSiC,wavlm_l12,12,13,jvs063,True,G->S,acoustic_full_plus_mode,mean_preserving,1,11,10,1,1,0.0026062800735795477
JVS_JVSMuSiC,wavlm_l12,12,13,jvs072,True,G->S,acoustic_full_plus_mode,mean_preserving,1,3,2,1,1,0.0019509842595039073
JVS_JVSMuSiC,wavlm_l12,12,13,jvs076,True,G->S,acoustic_full_plus_mode,mean_preserving,1,13,12,1,1,0.0021779596572135684
JVS_JVSMuSiC,wavlm_l12,12,13,jvs086,True,G->S,acoustic_full_plus_mode,mean_preserving,3,13,10,0,1,0.0016817905762612773
JVS_JVSMuSiC,wavlm_l12,12,13,jvs095,True,G->S,acoustic_full_plus_mode,mean_preserving,4,2,-2,0,1,0.0018356555039819034
JVS_JVSMuSiC,wavlm_l12,12,13,jvs097,True,G->S,acoustic_full_plus_mode,mean_preserving,1,8,7,1,1,0.0028396998202184776
JVS_JVSMuSiC,wavlm_l12,12,13,jvs005,True,S->G,acoustic_full_plus_mode,classic,2,16,14,0,1,0.20620699096806003
JVS_JVSMuSiC,wavlm_l12,12,13,jvs006,True,S->G,acoustic_full_plus_mode,classic,1,15,14,1,1,0.39119995976332006
JVS_JVSMuSiC,wavlm_l12,12,13,jvs010,True,S->G,acoustic_full_plus_mode,classic,1,5,4,1,1,0.383910635648655
JVS_JVSMuSiC,wavlm_l12,12,13,jvs019,True,S->G,acoustic_full_plus_mode,classic,3,4,1,0,1,0.17955275940269294
JVS_JVSMuSiC,wavlm_l12,12,13,jvs020,True,S->G,acoustic_full_plus_mode,classic,5,5,0,0,1,0.0971357387619762
JVS_JVSMuSiC,wavlm_l12,12,13,jvs022,True,S->G,acoustic_full_plus_mode,classic,1,5,4,1,1,0.3950667097937233
JVS_JVSMuSiC,wavlm_l12,12,13,jvs027,True,S->G,acoustic_full_plus_mode,classic,1,6,5,1,1,0.3242482437206208
JVS_JVSMuSiC,wavlm_l12,12,13,jvs032,True,S->G,acoustic_full_plus_mode,classic,1,4,3,1,1,0.5003579546929583
JVS_JVSMuSiC,wavlm_l12,12,13,jvs041,True,S->G,acoustic_full_plus_mode,classic,1,5,4,1,1,0.35293881994288795
JVS_JVSMuSiC,wavlm_l12,12,13,jvs042,True,S->G,acoustic_full_plus_mode,classic,1,19,18,1,1,0.3429355681739605
JVS_JVSMuSiC,wavlm_l12,12,13,jvs044,True,S->G,acoustic_full_plus_mode,classic,1,4,3,1,1,0.4717620436938853
JVS_JVSMuSiC,wavlm_l12,12,13,jvs057,True,S->G,acoustic_full_plus_mode,classic,2,11,9,0,1,0.3351786608788858
JVS_JVSMuSiC,wavlm_l12,12,13,jvs058,True,S->G,acoustic_full_plus_mode,classic,1,5,4,1,1,0.3272648554970279
JVS_JVSMuSiC,wavlm_l12,12,13,jvs061,True,S->G,acoustic_full_plus_mode,classic,1,16,15,1,1,0.414279803226109
JVS_JVSMuSiC,wavlm_l12,12,13,jvs063,True,S->G,acoustic_full_plus_mode,classic,1,1,0,1,1,0.39363843821111255
JVS_JVSMuSiC,wavlm_l12,12,13,jvs072,True,S->G,acoustic_full_plus_mode,classic,1,5,4,1,1,0.4166312194815703
JVS_JVSMuSiC,wavlm_l12,12,13,jvs076,True,S->G,acoustic_full_plus_mode,classic,1,1,0,1,1,0.41793658046363774
JVS_JVSMuSiC,wavlm_l12,12,13,jvs086,True,S->G,acoustic_full_plus_mode,classic,1,1,0,1,1,0.2916059637114872
JVS_JVSMuSiC,wavlm_l12,12,13,jvs095,True,S->G,acoustic_full_plus_mode,classic,2,4,2,0,1,0.32165154927988737
JVS_JVSMuSiC,wavlm_l12,12,13,jvs097,True,S->G,acoustic_full_plus_mode,classic,1,4,3,1,1,0.5618038018436562
JVS_JVSMuSiC,wavlm_l12,12,13,jvs005,True,G->S,acoustic_full_plus_mode,classic,1,5,4,1,1,0.30727623523178255
JVS_JVSMuSiC,wavlm_l12,12,13,jvs006,True,G->S,acoustic_full_plus_mode,classic,1,10,9,1,1,0.3988231043454906
JVS_JVSMuSiC,wavlm_l12,12,13,jvs010,True,G->S,acoustic_full_plus_mode,classic,1,1,0,1,1,0.374288703682969
JVS_JVSMuSiC,wavlm_l12,12,13,jvs019,True,G->S,acoustic_full_plus_mode,classic,5,8,3,0,1,0.1590443195827164
JVS_JVSMuSiC,wavlm_l12,12,13,jvs020,True,G->S,acoustic_full_plus_mode,classic,5,12,7,0,1,0.12540617526907805
JVS_JVSMuSiC,wavlm_l12,12,13,jvs022,True,G->S,acoustic_full_plus_mode,classic,1,3,2,1,1,0.42044286969450423
JVS_JVSMuSiC,wavlm_l12,12,13,jvs027,True,G->S,acoustic_full_plus_mode,classic,2,1,-1,0,1,0.348144893272668
JVS_JVSMuSiC,wavlm_l12,12,13,jvs032,True,G->S,acoustic_full_plus_mode,classic,1,10,9,1,1,0.49069078947636424
JVS_JVSMuSiC,wavlm_l12,12,13,jvs041,True,G->S,acoustic_full_plus_mode,classic,1,1,0,1,1,0.3553146986833082
JVS_JVSMuSiC,wavlm_l12,12,13,jvs042,True,G->S,acoustic_full_plus_mode,classic,1,4,3,1,1,0.33003945593744466
JVS_JVSMuSiC,wavlm_l12,12,13,jvs044,True,G->S,acoustic_full_plus_mode,classic,1,19,18,1,1,0.4039701079389798
JVS_JVSMuSiC,wavlm_l12,12,13,jvs057,True,G->S,acoustic_full_plus_mode,classic,1,2,1,1,1,0.38805304252206607
JVS_JVSMuSiC,wavlm_l12,12,13,jvs058,True,G->S,acoustic_full_plus_mode,classic,1,4,3,1,1,0.308329568123669
JVS_JVSMuSiC,wavlm_l12,12,13,jvs061,True,G->S,acoustic_full_plus_mode,classic,1,4,3,1,1,0.4551175156638252
JVS_JVSMuSiC,wavlm_l12,12,13,jvs063,True,G->S,acoustic_full_plus_mode,classic,1,11,10,1,1,0.41525836230632795
JVS_JVSMuSiC,wavlm_l12,12,13,jvs072,True,G->S,acoustic_full_plus_mode,classic,1,3,2,1,1,0.4454663455113939
JVS_JVSMuSiC,wavlm_l12,12,13,jvs076,True,G->S,acoustic_full_plus_mode,classic,1,13,12,1,1,0.35613073184601657
JVS_JVSMuSiC,wavlm_l12,12,13,jvs086,True,G->S,acoustic_full_plus_mode,classic,2,13,11,0,1,0.2755030641521348
JVS_JVSMuSiC,wavlm_l12,12,13,jvs095,True,G->S,acoustic_full_plus_mode,classic,4,2,-2,0,1,0.22647717401586653
JVS_JVSMuSiC,wavlm_l12,12,13,jvs097,True,G->S,acoustic_full_plus_mode,classic,1,8,7,1,1,0.5415291398995087
JVS_JVSMuSiC,wavlm_l12,12,13,jvs005,True,S->G,single_group_f0,mean_preserving,18,16,-2,0,0,-0.005203080854073727
JVS_JVSMuSiC,wavlm_l12,12,13,jvs006,True,S->G,single_group_f0,mean_preserving,19,15,-4,0,0,-0.007031647142756836
JVS_JVSMuSiC,wavlm_l12,12,13,jvs010,True,S->G,single_group_f0,mean_preserving,5,5,0,0,1,0.002874044937492104
JVS_JVSMuSiC,wavlm_l12,12,13,jvs019,True,S->G,single_group_f0,mean_preserving,4,4,0,0,1,0.004987502766503948
JVS_JVSMuSiC,wavlm_l12,12,13,jvs020,True,S->G,single_group_f0,mean_preserving,8,5,-3,0,0,0.0008774754997233902
JVS_JVSMuSiC,wavlm_l12,12,13,jvs022,True,S->G,single_group_f0,mean_preserving,12,5,-7,0,0,0.0002943432550784886
JVS_JVSMuSiC,wavlm_l12,12,13,jvs027,True,S->G,single_group_f0,mean_preserving,6,6,0,0,0,0.0029227243983548368
JVS_JVSMuSiC,wavlm_l12,12,13,jvs032,True,S->G,single_group_f0,mean_preserving,5,4,-1,0,1,0.0042431487436406234
JVS_JVSMuSiC,wavlm_l12,12,13,jvs041,True,S->G,single_group_f0,mean_preserving,5,5,0,0,1,0.0021728728939132136
JVS_JVSMuSiC,wavlm_l12,12,13,jvs042,True,S->G,single_group_f0,mean_preserving,20,19,-1,0,0,-0.00721519758036171
JVS_JVSMuSiC,wavlm_l12,12,13,jvs044,True,S->G,single_group_f0,mean_preserving,9,4,-5,0,0,0.000821247656420887
JVS_JVSMuSiC,wavlm_l12,12,13,jvs057,True,S->G,single_group_f0,mean_preserving,10,11,1,0,0,0.00013105887653752646
JVS_JVSMuSiC,wavlm_l12,12,13,jvs058,True,S->G,single_group_f0,mean_preserving,5,5,0,0,1,0.0024603948868691106
JVS_JVSMuSiC,wavlm_l12,12,13,jvs061,True,S->G,single_group_f0,mean_preserving,16,16,0,0,0,-0.001906494995721597
JVS_JVSMuSiC,wavlm_l12,12,13,jvs063,True,S->G,single_group_f0,mean_preserving,1,1,0,1,1,0.009968126220884166
JVS_JVSMuSiC,wavlm_l12,12,13,jvs072,True,S->G,single_group_f0,mean_preserving,5,5,0,0,1,0.0038036553784631666
JVS_JVSMuSiC,wavlm_l12,12,13,jvs076,True,S->G,single_group_f0,mean_preserving,1,1,0,1,1,0.009067871384710213
JVS_JVSMuSiC,wavlm_l12,12,13,jvs086,True,S->G,single_group_f0,mean_preserving,1,1,0,1,1,0.008869902300589039
JVS_JVSMuSiC,wavlm_l12,12,13,jvs095,True,S->G,single_group_f0,mean_preserving,4,4,0,0,1,0.0028970805960046864
JVS_JVSMuSiC,wavlm_l12,12,13,jvs097,True,S->G,single_group_f0,mean_preserving,5,4,-1,0,1,0.003143961757424929
JVS_JVSMuSiC,wavlm_l12,12,13,jvs005,True,G->S,single_group_f0,mean_preserving,5,5,0,0,1,0.003463479520116941
JVS_JVSMuSiC,wavlm_l12,12,13,jvs006,True,G->S,single_group_f0,mean_preserving,9,10,1,0,0,0.000728008870524266
JVS_JVSMuSiC,wavlm_l12,12,13,jvs010,True,G->S,single_group_f0,mean_preserving,4,1,-3,0,1,0.0023253606203897936
JVS_JVSMuSiC,wavlm_l12,12,13,jvs019,True,G->S,single_group_f0,mean_preserving,9,8,-1,0,0,0.0008473522560257241
JVS_JVSMuSiC,wavlm_l12,12,13,jvs020,True,G->S,single_group_f0,mean_preserving,15,12,-3,0,0,-0.0005026084400407971
JVS_JVSMuSiC,wavlm_l12,12,13,jvs022,True,G->S,single_group_f0,mean_preserving,5,3,-2,0,1,0.002368047703850684
JVS_JVSMuSiC,wavlm_l12,12,13,jvs027,True,G->S,single_group_f0,mean_preserving,1,1,0,1,1,0.006420391844693896
JVS_JVSMuSiC,wavlm_l12,12,13,jvs032,True,G->S,single_group_f0,mean_preserving,8,10,2,0,0,0.0004792062953141718
JVS_JVSMuSiC,wavlm_l12,12,13,jvs041,True,G->S,single_group_f0,mean_preserving,1,1,0,1,1,0.0068864078237952375
JVS_JVSMuSiC,wavlm_l12,12,13,jvs042,True,G->S,single_group_f0,mean_preserving,3,4,1,0,1,0.005463340465202693
JVS_JVSMuSiC,wavlm_l12,12,13,jvs044,True,G->S,single_group_f0,mean_preserving,18,19,1,0,0,-0.0031300993049719894
JVS_JVSMuSiC,wavlm_l12,12,13,jvs057,True,G->S,single_group_f0,mean_preserving,4,2,-2,0,1,0.0028898107983753585
JVS_JVSMuSiC,wavlm_l12,12,13,jvs058,True,G->S,single_group_f0,mean_preserving,6,4,-2,0,0,0.0021529104295542334
JVS_JVSMuSiC,wavlm_l12,12,13,jvs061,True,G->S,single_group_f0,mean_preserving,5,4,-1,0,1,0.0026214644590859537
JVS_JVSMuSiC,wavlm_l12,12,13,jvs063,True,G->S,single_group_f0,mean_preserving,16,11,-5,0,0,-0.0022410008225154376
JVS_JVSMuSiC,wavlm_l12,12,13,jvs072,True,G->S,single_group_f0,mean_preserving,5,3,-2,0,1,0.0030335792304372333
JVS_JVSMuSiC,wavlm_l12,12,13,jvs076,True,G->S,single_group_f0,mean_preserving,12,13,1,0,0,-0.0008531906880954176
JVS_JVSMuSiC,wavlm_l12,12,13,jvs086,True,G->S,single_group_f0,mean_preserving,14,13,-1,0,0,-0.000988249758905213
JVS_JVSMuSiC,wavlm_l12,12,13,jvs095,True,G->S,single_group_f0,mean_preserving,3,2,-1,0,1,0.004174845951951611
JVS_JVSMuSiC,wavlm_l12,12,13,jvs097,True,G->S,single_group_f0,mean_preserving,5,8,3,0,1,0.002039933724908516
JVS_JVSMuSiC,wavlm_l12,12,13,jvs005,True,S->G,single_group_energy,mean_preserving,13,16,3,0,0,-0.0008867135936319048
JVS_JVSMuSiC,wavlm_l12,12,13,jvs006,True,S->G,single_group_energy,mean_preserving,1,15,14,1,1,0.008042480538328123
JVS_JVSMuSiC,wavlm_l12,12,13,jvs010,True,S->G,single_group_energy,mean_preserving,15,5,-10,0,0,-0.002259371870311111
JVS_JVSMuSiC,wavlm_l12,12,13,jvs019,True,S->G,single_group_energy,mean_preserving,10,4,-6,0,0,0.0021375850517090234
JVS_JVSMuSiC,wavlm_l12,12,13,jvs020,True,S->G,single_group_energy,mean_preserving,1,5,4,1,1,0.0056014115175953005
JVS_JVSMuSiC,wavlm_l12,12,13,jvs022,True,S->G,single_group_energy,mean_preserving,14,5,-9,0,0,-0.0012881195958595049
JVS_JVSMuSiC,wavlm_l12,12,13,jvs027,True,S->G,single_group_energy,mean_preserving,1,6,5,1,1,0.00720846277352627
JVS_JVSMuSiC,wavlm_l12,12,13,jvs032,True,S->G,single_group_energy,mean_preserving,4,4,0,0,1,0.004332776062099475
JVS_JVSMuSiC,wavlm_l12,12,13,jvs041,True,S->G,single_group_energy,mean_preserving,17,5,-12,0,0,-0.003320078467029197
JVS_JVSMuSiC,wavlm_l12,12,13,jvs042,True,S->G,single_group_energy,mean_preserving,14,19,5,0,0,-0.002012498053407974
JVS_JVSMuSiC,wavlm_l12,12,13,jvs044,True,S->G,single_group_energy,mean_preserving,1,4,3,1,1,0.005753968074120541
JVS_JVSMuSiC,wavlm_l12,12,13,jvs057,True,S->G,single_group_energy,mean_preserving,7,11,4,0,0,0.0026176533681809833
JVS_JVSMuSiC,wavlm_l12,12,13,jvs058,True,S->G,single_group_energy,mean_preserving,1,5,4,1,1,0.008078257012296142
JVS_JVSMuSiC,wavlm_l12,12,13,jvs061,True,S->G,single_group_energy,mean_preserving,14,16,2,0,0,-0.0001750506731812429
JVS_JVSMuSiC,wavlm_l12,12,13,jvs063,True,S->G,single_group_energy,mean_preserving,4,1,-3,0,1,0.005173661780890515
JVS_JVSMuSiC,wavlm_l12,12,13,jvs072,True,S->G,single_group_energy,mean_preserving,2,5,3,0,1,0.005375485687038162
JVS_JVSMuSiC,wavlm_l12,12,13,jvs076,True,S->G,single_group_energy,mean_preserving,2,1,-1,0,1,0.0043126658806713625
JVS_JVSMuSiC,wavlm_l12,12,13,jvs086,True,S->G,single_group_energy,mean_preserving,4,1,-3,0,1,0.0024156343078103326
JVS_JVSMuSiC,wavlm_l12,12,13,jvs095,True,S->G,single_group_energy,mean_preserving,2,4,2,0,1,0.006974518012467845
JVS_JVSMuSiC,wavlm_l12,12,13,jvs097,True,S->G,single_group_energy,mean_preserving,11,4,-7,0,0,0.001199436780447427
JVS_JVSMuSiC,wavlm_l12,12,13,jvs005,True,G->S,single_group_energy,mean_preserving,2,5,3,0,1,0.0058101554301289715
JVS_JVSMuSiC,wavlm_l12,12,13,jvs006,True,G->S,single_group_energy,mean_preserving,1,10,9,1,1,0.003790290017323672
JVS_JVSMuSiC,wavlm_l12,12,13,jvs010,True,G->S,single_group_energy,mean_preserving,2,1,-1,0,1,0.0030770349065170066
JVS_JVSMuSiC,wavlm_l12,12,13,jvs019,True,G->S,single_group_energy,mean_preserving,8,8,0,0,0,0.0004512065776842711
JVS_JVSMuSiC,wavlm_l12,12,13,jvs020,True,G->S,single_group_energy,mean_preserving,5,12,7,0,1,0.0030184463403898354
JVS_JVSMuSiC,wavlm_l12,12,13,jvs022,True,G->S,single_group_energy,mean_preserving,1,3,2,1,1,0.009154489289536993
JVS_JVSMuSiC,wavlm_l12,12,13,jvs027,True,G->S,single_group_energy,mean_preserving,4,1,-3,0,1,0.0018819052561626082
JVS_JVSMuSiC,wavlm_l12,12,13,jvs032,True,G->S,single_group_energy,mean_preserving,5,10,5,0,1,0.0016023728005266635
JVS_JVSMuSiC,wavlm_l12,12,13,jvs041,True,G->S,single_group_energy,mean_preserving,2,1,-1,0,1,0.00611787429510946
JVS_JVSMuSiC,wavlm_l12,12,13,jvs042,True,G->S,single_group_energy,mean_preserving,11,4,-7,0,0,-0.0009115819439079464
JVS_JVSMuSiC,wavlm_l12,12,13,jvs044,True,G->S,single_group_energy,mean_preserving,5,19,14,0,1,0.0019505187765360699
JVS_JVSMuSiC,wavlm_l12,12,13,jvs057,True,G->S,single_group_energy,mean_preserving,1,2,1,1,1,0.004595114140200862
JVS_JVSMuSiC,wavlm_l12,12,13,jvs058,True,G->S,single_group_energy,mean_preserving,1,4,3,1,1,0.0025115184977858585
JVS_JVSMuSiC,wavlm_l12,12,13,jvs061,True,G->S,single_group_energy,mean_preserving,3,4,1,0,1,0.0036371409282511813
JVS_JVSMuSiC,wavlm_l12,12,13,jvs063,True,G->S,single_group_energy,mean_preserving,16,11,-5,0,0,-0.00138449188069667
JVS_JVSMuSiC,wavlm_l12,12,13,jvs072,True,G->S,single_group_energy,mean_preserving,7,3,-4,0,0,0.0006333809738676699
JVS_JVSMuSiC,wavlm_l12,12,13,jvs076,True,G->S,single_group_energy,mean_preserving,4,13,9,0,1,0.0019966366573659355
JVS_JVSMuSiC,wavlm_l12,12,13,jvs086,True,G->S,single_group_energy,mean_preserving,1,13,12,1,1,0.0073315904605671944
JVS_JVSMuSiC,wavlm_l12,12,13,jvs095,True,G->S,single_group_energy,mean_preserving,10,2,-8,0,0,-0.0001425011950666466
JVS_JVSMuSiC,wavlm_l12,12,13,jvs097,True,G->S,single_group_energy,mean_preserving,2,8,6,0,1,0.0041610642654774654
JVS_JVSMuSiC,wavlm_l12,12,13,jvs005,True,S->G,single_group_duration,mean_preserving,1,16,15,1,1,0.0026684409292863087
JVS_JVSMuSiC,wavlm_l12,12,13,jvs006,True,S->G,single_group_duration,mean_preserving,3,15,12,0,1,0.0031603998026590308
JVS_JVSMuSiC,wavlm_l12,12,13,jvs010,True,S->G,single_group_duration,mean_preserving,18,5,-13,0,0,-0.0025335080138795263
JVS_JVSMuSiC,wavlm_l12,12,13,jvs019,True,S->G,single_group_duration,mean_preserving,13,4,-9,0,0,-0.0003431934069724196
JVS_JVSMuSiC,wavlm_l12,12,13,jvs020,True,S->G,single_group_duration,mean_preserving,2,5,3,0,1,0.002479040342673877
JVS_JVSMuSiC,wavlm_l12,12,13,jvs022,True,S->G,single_group_duration,mean_preserving,3,5,2,0,1,0.003634151451057499
JVS_JVSMuSiC,wavlm_l12,12,13,jvs027,True,S->G,single_group_duration,mean_preserving,1,6,5,1,1,0.004470089993093951
JVS_JVSMuSiC,wavlm_l12,12,13,jvs032,True,S->G,single_group_duration,mean_preserving,2,4,2,0,1,0.0025857939645931305
JVS_JVSMuSiC,wavlm_l12,12,13,jvs041,True,S->G,single_group_duration,mean_preserving,2,5,3,0,1,0.0020643050523276862
JVS_JVSMuSiC,wavlm_l12,12,13,jvs042,True,S->G,single_group_duration,mean_preserving,5,19,14,0,1,0.0011776312045678194
JVS_JVSMuSiC,wavlm_l12,12,13,jvs044,True,S->G,single_group_duration,mean_preserving,1,4,3,1,1,0.00495808554507382
JVS_JVSMuSiC,wavlm_l12,12,13,jvs057,True,S->G,single_group_duration,mean_preserving,1,11,10,1,1,0.0032568138915087808
JVS_JVSMuSiC,wavlm_l12,12,13,jvs058,True,S->G,single_group_duration,mean_preserving,1,5,4,1,1,0.00312253215643421
JVS_JVSMuSiC,wavlm_l12,12,13,jvs061,True,S->G,single_group_duration,mean_preserving,1,16,15,1,1,0.0033208955496207837
JVS_JVSMuSiC,wavlm_l12,12,13,jvs063,True,S->G,single_group_duration,mean_preserving,2,1,-1,0,1,0.0025708753258527617
JVS_JVSMuSiC,wavlm_l12,12,13,jvs072,True,S->G,single_group_duration,mean_preserving,1,5,4,1,1,0.004949152080349628
JVS_JVSMuSiC,wavlm_l12,12,13,jvs076,True,S->G,single_group_duration,mean_preserving,3,1,-2,0,1,0.0028426949105175847
JVS_JVSMuSiC,wavlm_l12,12,13,jvs086,True,S->G,single_group_duration,mean_preserving,2,1,-1,0,1,0.004521372772584686
JVS_JVSMuSiC,wavlm_l12,12,13,jvs095,True,S->G,single_group_duration,mean_preserving,4,4,0,0,1,0.002205182476713974
JVS_JVSMuSiC,wavlm_l12,12,13,jvs097,True,S->G,single_group_duration,mean_preserving,1,4,3,1,1,0.004212685096992352
JVS_JVSMuSiC,wavlm_l12,12,13,jvs005,True,G->S,single_group_duration,mean_preserving,2,5,3,0,1,0.002457175751731766
JVS_JVSMuSiC,wavlm_l12,12,13,jvs006,True,G->S,single_group_duration,mean_preserving,2,10,8,0,1,0.002483187893211447
JVS_JVSMuSiC,wavlm_l12,12,13,jvs010,True,G->S,single_group_duration,mean_preserving,1,1,0,1,1,0.005052687064845296
JVS_JVSMuSiC,wavlm_l12,12,13,jvs019,True,G->S,single_group_duration,mean_preserving,2,8,6,0,1,0.0023938841648643017
JVS_JVSMuSiC,wavlm_l12,12,13,jvs020,True,G->S,single_group_duration,mean_preserving,2,12,10,0,1,0.00224174347246775
JVS_JVSMuSiC,wavlm_l12,12,13,jvs022,True,G->S,single_group_duration,mean_preserving,1,3,2,1,1,0.003730125690719177
JVS_JVSMuSiC,wavlm_l12,12,13,jvs027,True,G->S,single_group_duration,mean_preserving,1,1,0,1,1,0.0040119544600409895
JVS_JVSMuSiC,wavlm_l12,12,13,jvs032,True,G->S,single_group_duration,mean_preserving,1,10,9,1,1,0.003181865058430544
JVS_JVSMuSiC,wavlm_l12,12,13,jvs041,True,G->S,single_group_duration,mean_preserving,1,1,0,1,1,0.002967418178887349
JVS_JVSMuSiC,wavlm_l12,12,13,jvs042,True,G->S,single_group_duration,mean_preserving,10,4,-6,0,0,7.227741609072691e-05
JVS_JVSMuSiC,wavlm_l12,12,13,jvs044,True,G->S,single_group_duration,mean_preserving,6,19,13,0,0,0.0004100261765673796
JVS_JVSMuSiC,wavlm_l12,12,13,jvs057,True,G->S,single_group_duration,mean_preserving,1,2,1,1,1,0.003486110539365539
JVS_JVSMuSiC,wavlm_l12,12,13,jvs058,True,G->S,single_group_duration,mean_preserving,1,4,3,1,1,0.004240616156536148
JVS_JVSMuSiC,wavlm_l12,12,13,jvs061,True,G->S,single_group_duration,mean_preserving,1,4,3,1,1,0.003539151076666802
JVS_JVSMuSiC,wavlm_l12,12,13,jvs063,True,G->S,single_group_duration,mean_preserving,1,11,10,1,1,0.002556302538915589
JVS_JVSMuSiC,wavlm_l12,12,13,jvs072,True,G->S,single_group_duration,mean_preserving,1,3,2,1,1,0.0021483809383532337
JVS_JVSMuSiC,wavlm_l12,12,13,jvs076,True,G->S,single_group_duration,mean_preserving,2,13,11,0,1,0.0016743529116478584
JVS_JVSMuSiC,wavlm_l12,12,13,jvs086,True,G->S,single_group_duration,mean_preserving,3,13,10,0,1,0.002450376976419477
JVS_JVSMuSiC,wavlm_l12,12,13,jvs095,True,G->S,single_group_duration,mean_preserving,3,2,-1,0,1,0.0029604569661011437
JVS_JVSMuSiC,wavlm_l12,12,13,jvs097,True,G->S,single_group_duration,mean_preserving,1,8,7,1,1,0.003265347693193865
JVS_JVSMuSiC,wavlm_l12,12,13,jvs005,True,S->G,single_group_voicing,mean_preserving,16,16,0,0,0,-0.0030118868621623607
JVS_JVSMuSiC,wavlm_l12,12,13,jvs006,True,S->G,single_group_voicing,mean_preserving,15,15,0,0,0,-0.0032792041050707654
JVS_JVSMuSiC,wavlm_l12,12,13,jvs010,True,S->G,single_group_voicing,mean_preserving,5,5,0,0,1,0.0028466840817457095
JVS_JVSMuSiC,wavlm_l12,12,13,jvs019,True,S->G,single_group_voicing,mean_preserving,4,4,0,0,1,0.004396520329416842
JVS_JVSMuSiC,wavlm_l12,12,13,jvs020,True,S->G,single_group_voicing,mean_preserving,5,5,0,0,1,0.003154704991426671
JVS_JVSMuSiC,wavlm_l12,12,13,jvs022,True,S->G,single_group_voicing,mean_preserving,5,5,0,0,1,0.0029613122527563096
JVS_JVSMuSiC,wavlm_l12,12,13,jvs027,True,S->G,single_group_voicing,mean_preserving,6,6,0,0,0,0.0026628085858159123
JVS_JVSMuSiC,wavlm_l12,12,13,jvs032,True,S->G,single_group_voicing,mean_preserving,4,4,0,0,1,0.0049489306781217435
JVS_JVSMuSiC,wavlm_l12,12,13,jvs041,True,S->G,single_group_voicing,mean_preserving,5,5,0,0,1,0.002994809066666715
JVS_JVSMuSiC,wavlm_l12,12,13,jvs042,True,S->G,single_group_voicing,mean_preserving,19,19,0,0,0,-0.005934672828746823
JVS_JVSMuSiC,wavlm_l12,12,13,jvs044,True,S->G,single_group_voicing,mean_preserving,4,4,0,0,1,0.0031511131473279663
JVS_JVSMuSiC,wavlm_l12,12,13,jvs057,True,S->G,single_group_voicing,mean_preserving,11,11,0,0,0,-0.00014574296648672824
JVS_JVSMuSiC,wavlm_l12,12,13,jvs058,True,S->G,single_group_voicing,mean_preserving,5,5,0,0,1,0.0023003892327795317
JVS_JVSMuSiC,wavlm_l12,12,13,jvs061,True,S->G,single_group_voicing,mean_preserving,16,16,0,0,0,-0.002719257969690858
JVS_JVSMuSiC,wavlm_l12,12,13,jvs063,True,S->G,single_group_voicing,mean_preserving,1,1,0,1,1,0.009609706970608034
JVS_JVSMuSiC,wavlm_l12,12,13,jvs072,True,S->G,single_group_voicing,mean_preserving,5,5,0,0,1,0.0031378935540548047
JVS_JVSMuSiC,wavlm_l12,12,13,jvs076,True,S->G,single_group_voicing,mean_preserving,1,1,0,1,1,0.010747080026208167
JVS_JVSMuSiC,wavlm_l12,12,13,jvs086,True,S->G,single_group_voicing,mean_preserving,1,1,0,1,1,0.010593259028180313
JVS_JVSMuSiC,wavlm_l12,12,13,jvs095,True,S->G,single_group_voicing,mean_preserving,4,4,0,0,1,0.0027987143895592537
JVS_JVSMuSiC,wavlm_l12,12,13,jvs097,True,S->G,single_group_voicing,mean_preserving,4,4,0,0,1,0.0043778046277063165
JVS_JVSMuSiC,wavlm_l12,12,13,jvs005,True,G->S,single_group_voicing,mean_preserving,5,5,0,0,1,0.0035246780289426294
JVS_JVSMuSiC,wavlm_l12,12,13,jvs006,True,G->S,single_group_voicing,mean_preserving,10,10,0,0,0,0.0002425454716821207
JVS_JVSMuSiC,wavlm_l12,12,13,jvs010,True,G->S,single_group_voicing,mean_preserving,1,1,0,1,1,0.005768711388578596
JVS_JVSMuSiC,wavlm_l12,12,13,jvs019,True,G->S,single_group_voicing,mean_preserving,8,8,0,0,0,0.0024598876111350254
JVS_JVSMuSiC,wavlm_l12,12,13,jvs020,True,G->S,single_group_voicing,mean_preserving,12,12,0,0,0,-5.613176102869932e-05
JVS_JVSMuSiC,wavlm_l12,12,13,jvs022,True,G->S,single_group_voicing,mean_preserving,3,3,0,0,1,0.002958915227085801
JVS_JVSMuSiC,wavlm_l12,12,13,jvs027,True,G->S,single_group_voicing,mean_preserving,1,1,0,1,1,0.00828581779485038
JVS_JVSMuSiC,wavlm_l12,12,13,jvs032,True,G->S,single_group_voicing,mean_preserving,10,10,0,0,0,0.0004568781813022449
JVS_JVSMuSiC,wavlm_l12,12,13,jvs041,True,G->S,single_group_voicing,mean_preserving,1,1,0,1,1,0.006749462420416186
JVS_JVSMuSiC,wavlm_l12,12,13,jvs042,True,G->S,single_group_voicing,mean_preserving,4,4,0,0,1,0.0034145532720158966
JVS_JVSMuSiC,wavlm_l12,12,13,jvs044,True,G->S,single_group_voicing,mean_preserving,19,19,0,0,0,-0.003476428687946842
JVS_JVSMuSiC,wavlm_l12,12,13,jvs057,True,G->S,single_group_voicing,mean_preserving,2,2,0,0,1,0.005293721359424186
JVS_JVSMuSiC,wavlm_l12,12,13,jvs058,True,G->S,single_group_voicing,mean_preserving,4,4,0,0,1,0.004671520025502196
JVS_JVSMuSiC,wavlm_l12,12,13,jvs061,True,G->S,single_group_voicing,mean_preserving,4,4,0,0,1,0.005051282005708924
JVS_JVSMuSiC,wavlm_l12,12,13,jvs063,True,G->S,single_group_voicing,mean_preserving,11,11,0,0,0,-0.00029812282200236684
JVS_JVSMuSiC,wavlm_l12,12,13,jvs072,True,G->S,single_group_voicing,mean_preserving,3,3,0,0,1,0.00476053690691991
JVS_JVSMuSiC,wavlm_l12,12,13,jvs076,True,G->S,single_group_voicing,mean_preserving,13,13,0,0,0,-0.0013211934879984177
JVS_JVSMuSiC,wavlm_l12,12,13,jvs086,True,G->S,single_group_voicing,mean_preserving,13,13,0,0,0,-0.000424302582755276
JVS_JVSMuSiC,wavlm_l12,12,13,jvs095,True,G->S,single_group_voicing,mean_preserving,2,2,0,0,1,0.005992810035902019
JVS_JVSMuSiC,wavlm_l12,12,13,jvs097,True,G->S,single_group_voicing,mean_preserving,8,8,0,0,0,0.0015358258424824633
JVS_JVSMuSiC,wavlm_l12,12,13,jvs005,True,S->G,full_minus_f0,mean_preserving,3,16,13,0,1,0.0023167898415651367
JVS_JVSMuSiC,wavlm_l12,12,13,jvs006,True,S->G,full_minus_f0,mean_preserving,1,15,14,1,1,0.004559670827653739
JVS_JVSMuSiC,wavlm_l12,12,13,jvs010,True,S->G,full_minus_f0,mean_preserving,19,5,-14,0,0,-0.0027141798934646744
JVS_JVSMuSiC,wavlm_l12,12,13,jvs019,True,S->G,full_minus_f0,mean_preserving,16,4,-12,0,0,-0.0004919917644118366
JVS_JVSMuSiC,wavlm_l12,12,13,jvs020,True,S->G,full_minus_f0,mean_preserving,1,5,4,1,1,0.0030630191785855354
JVS_JVSMuSiC,wavlm_l12,12,13,jvs022,True,S->G,full_minus_f0,mean_preserving,4,5,1,0,1,0.0028600420612509003
JVS_JVSMuSiC,wavlm_l12,12,13,jvs027,True,S->G,full_minus_f0,mean_preserving,1,6,5,1,1,0.0040683820281529615
JVS_JVSMuSiC,wavlm_l12,12,13,jvs032,True,S->G,full_minus_f0,mean_preserving,1,4,3,1,1,0.002926629589431684
JVS_JVSMuSiC,wavlm_l12,12,13,jvs041,True,S->G,full_minus_f0,mean_preserving,8,5,-3,0,0,0.001437293886574098
JVS_JVSMuSiC,wavlm_l12,12,13,jvs042,True,S->G,full_minus_f0,mean_preserving,6,19,13,0,0,0.0014264379078577916
JVS_JVSMuSiC,wavlm_l12,12,13,jvs044,True,S->G,full_minus_f0,mean_preserving,1,4,3,1,1,0.004763492258120117
JVS_JVSMuSiC,wavlm_l12,12,13,jvs057,True,S->G,full_minus_f0,mean_preserving,2,11,9,0,1,0.0032676733576801897
JVS_JVSMuSiC,wavlm_l12,12,13,jvs058,True,S->G,full_minus_f0,mean_preserving,1,5,4,1,1,0.0029879483581866095
JVS_JVSMuSiC,wavlm_l12,12,13,jvs061,True,S->G,full_minus_f0,mean_preserving,2,16,14,0,1,0.0029178135162395424
JVS_JVSMuSiC,wavlm_l12,12,13,jvs063,True,S->G,full_minus_f0,mean_preserving,3,1,-2,0,1,0.0021901793695573435
JVS_JVSMuSiC,wavlm_l12,12,13,jvs072,True,S->G,full_minus_f0,mean_preserving,1,5,4,1,1,0.004829787847924538
JVS_JVSMuSiC,wavlm_l12,12,13,jvs076,True,S->G,full_minus_f0,mean_preserving,2,1,-1,0,1,0.002604588464637958
JVS_JVSMuSiC,wavlm_l12,12,13,jvs086,True,S->G,full_minus_f0,mean_preserving,3,1,-2,0,1,0.0028759097003816514
JVS_JVSMuSiC,wavlm_l12,12,13,jvs095,True,S->G,full_minus_f0,mean_preserving,5,4,-1,0,1,0.002057579483663252
JVS_JVSMuSiC,wavlm_l12,12,13,jvs097,True,S->G,full_minus_f0,mean_preserving,1,4,3,1,1,0.0038175994442316563
JVS_JVSMuSiC,wavlm_l12,12,13,jvs005,True,G->S,full_minus_f0,mean_preserving,1,5,4,1,1,0.002773488778570865
JVS_JVSMuSiC,wavlm_l12,12,13,jvs006,True,G->S,full_minus_f0,mean_preserving,1,10,9,1,1,0.003426632960521925
JVS_JVSMuSiC,wavlm_l12,12,13,jvs010,True,G->S,full_minus_f0,mean_preserving,1,1,0,1,1,0.0048116697473148395
JVS_JVSMuSiC,wavlm_l12,12,13,jvs019,True,G->S,full_minus_f0,mean_preserving,2,8,6,0,1,0.0018750239901951238
JVS_JVSMuSiC,wavlm_l12,12,13,jvs020,True,G->S,full_minus_f0,mean_preserving,2,12,10,0,1,0.0024646130041513503
JVS_JVSMuSiC,wavlm_l12,12,13,jvs022,True,G->S,full_minus_f0,mean_preserving,1,3,2,1,1,0.004511956644057791
JVS_JVSMuSiC,wavlm_l12,12,13,jvs027,True,G->S,full_minus_f0,mean_preserving,1,1,0,1,1,0.0027420131629367628
JVS_JVSMuSiC,wavlm_l12,12,13,jvs032,True,G->S,full_minus_f0,mean_preserving,1,10,9,1,1,0.002847460956140191
JVS_JVSMuSiC,wavlm_l12,12,13,jvs041,True,G->S,full_minus_f0,mean_preserving,1,1,0,1,1,0.003069008079264357
JVS_JVSMuSiC,wavlm_l12,12,13,jvs042,True,G->S,full_minus_f0,mean_preserving,11,4,-7,0,0,4.2299906077514215e-05
JVS_JVSMuSiC,wavlm_l12,12,13,jvs044,True,G->S,full_minus_f0,mean_preserving,2,19,17,0,1,0.001318006164311769
JVS_JVSMuSiC,wavlm_l12,12,13,jvs057,True,G->S,full_minus_f0,mean_preserving,1,2,1,1,1,0.003226851182867141
JVS_JVSMuSiC,wavlm_l12,12,13,jvs058,True,G->S,full_minus_f0,mean_preserving,1,4,3,1,1,0.0030045014837407624
JVS_JVSMuSiC,wavlm_l12,12,13,jvs061,True,G->S,full_minus_f0,mean_preserving,1,4,3,1,1,0.003047039592020573
JVS_JVSMuSiC,wavlm_l12,12,13,jvs063,True,G->S,full_minus_f0,mean_preserving,3,11,8,0,1,0.0018784048684579169
JVS_JVSMuSiC,wavlm_l12,12,13,jvs072,True,G->S,full_minus_f0,mean_preserving,1,3,2,1,1,0.0017094717193413267
JVS_JVSMuSiC,wavlm_l12,12,13,jvs076,True,G->S,full_minus_f0,mean_preserving,4,13,9,0,1,0.001209883286646174
JVS_JVSMuSiC,wavlm_l12,12,13,jvs086,True,G->S,full_minus_f0,mean_preserving,2,13,11,0,1,0.0023059845006102586
JVS_JVSMuSiC,wavlm_l12,12,13,jvs095,True,G->S,full_minus_f0,mean_preserving,4,2,-2,0,1,0.002261534744394056
JVS_JVSMuSiC,wavlm_l12,12,13,jvs097,True,G->S,full_minus_f0,mean_preserving,1,8,7,1,1,0.003238820692196831
JVS_JVSMuSiC,wavlm_l12,12,13,jvs005,True,S->G,full_minus_energy,mean_preserving,4,16,12,0,1,0.0013526542233660566
JVS_JVSMuSiC,wavlm_l12,12,13,jvs006,True,S->G,full_minus_energy,mean_preserving,4,15,11,0,1,0.0005997963960769903
JVS_JVSMuSiC,wavlm_l12,12,13,jvs010,True,S->G,full_minus_energy,mean_preserving,20,5,-15,0,0,-0.003919376240867911
JVS_JVSMuSiC,wavlm_l12,12,13,jvs019,True,S->G,full_minus_energy,mean_preserving,17,4,-13,0,0,-0.0009765337131806273
JVS_JVSMuSiC,wavlm_l12,12,13,jvs020,True,S->G,full_minus_energy,mean_preserving,6,5,-1,0,0,0.0011956540327243692
JVS_JVSMuSiC,wavlm_l12,12,13,jvs022,True,S->G,full_minus_energy,mean_preserving,2,5,3,0,1,0.002103106828986623
JVS_JVSMuSiC,wavlm_l12,12,13,jvs027,True,S->G,full_minus_energy,mean_preserving,1,6,5,1,1,0.003701422941595256
JVS_JVSMuSiC,wavlm_l12,12,13,jvs032,True,S->G,full_minus_energy,mean_preserving,3,4,1,0,1,0.0024277484528358872
JVS_JVSMuSiC,wavlm_l12,12,13,jvs041,True,S->G,full_minus_energy,mean_preserving,2,5,3,0,1,0.001952125673804872
JVS_JVSMuSiC,wavlm_l12,12,13,jvs042,True,S->G,full_minus_energy,mean_preserving,8,19,11,0,0,0.000908676797917285
JVS_JVSMuSiC,wavlm_l12,12,13,jvs044,True,S->G,full_minus_energy,mean_preserving,1,4,3,1,1,0.003765888030384801
JVS_JVSMuSiC,wavlm_l12,12,13,jvs057,True,S->G,full_minus_energy,mean_preserving,1,11,10,1,1,0.0024824778669192415
JVS_JVSMuSiC,wavlm_l12,12,13,jvs058,True,S->G,full_minus_energy,mean_preserving,1,5,4,1,1,0.0023670329219440678
JVS_JVSMuSiC,wavlm_l12,12,13,jvs061,True,S->G,full_minus_energy,mean_preserving,2,16,14,0,1,0.002448481421132187
JVS_JVSMuSiC,wavlm_l12,12,13,jvs063,True,S->G,full_minus_energy,mean_preserving,4,1,-3,0,1,0.00154607022397657
JVS_JVSMuSiC,wavlm_l12,12,13,jvs072,True,S->G,full_minus_energy,mean_preserving,1,5,4,1,1,0.004459144248930125
JVS_JVSMuSiC,wavlm_l12,12,13,jvs076,True,S->G,full_minus_energy,mean_preserving,4,1,-3,0,1,0.0019949124073865843
JVS_JVSMuSiC,wavlm_l12,12,13,jvs086,True,S->G,full_minus_energy,mean_preserving,1,1,0,1,1,0.0037423960140908763
JVS_JVSMuSiC,wavlm_l12,12,13,jvs095,True,S->G,full_minus_energy,mean_preserving,5,4,-1,0,1,0.0011792784547276502
JVS_JVSMuSiC,wavlm_l12,12,13,jvs097,True,S->G,full_minus_energy,mean_preserving,1,4,3,1,1,0.003697721536355947
JVS_JVSMuSiC,wavlm_l12,12,13,jvs005,True,G->S,full_minus_energy,mean_preserving,3,5,2,0,1,0.0013271637305638517
JVS_JVSMuSiC,wavlm_l12,12,13,jvs006,True,G->S,full_minus_energy,mean_preserving,7,10,3,0,0,0.0012281736474130112
JVS_JVSMuSiC,wavlm_l12,12,13,jvs010,True,G->S,full_minus_energy,mean_preserving,1,1,0,1,1,0.002936308997036896
JVS_JVSMuSiC,wavlm_l12,12,13,jvs019,True,G->S,full_minus_energy,mean_preserving,1,8,7,1,1,0.0018252206191049503
JVS_JVSMuSiC,wavlm_l12,12,13,jvs020,True,G->S,full_minus_energy,mean_preserving,6,12,6,0,0,0.0008613616053745332
JVS_JVSMuSiC,wavlm_l12,12,13,jvs022,True,G->S,full_minus_energy,mean_preserving,2,3,1,0,1,0.0018548691869152423
JVS_JVSMuSiC,wavlm_l12,12,13,jvs027,True,G->S,full_minus_energy,mean_preserving,1,1,0,1,1,0.0031209215894786313
JVS_JVSMuSiC,wavlm_l12,12,13,jvs032,True,G->S,full_minus_energy,mean_preserving,1,10,9,1,1,0.0027105539668788037
JVS_JVSMuSiC,wavlm_l12,12,13,jvs041,True,G->S,full_minus_energy,mean_preserving,1,1,0,1,1,0.0022878714543357326
JVS_JVSMuSiC,wavlm_l12,12,13,jvs042,True,G->S,full_minus_energy,mean_preserving,8,4,-4,0,0,0.0005647106463045892
JVS_JVSMuSiC,wavlm_l12,12,13,jvs044,True,G->S,full_minus_energy,mean_preserving,14,19,5,0,0,-0.0004833236031853705
JVS_JVSMuSiC,wavlm_l12,12,13,jvs057,True,G->S,full_minus_energy,mean_preserving,1,2,1,1,1,0.0023026005313551146
JVS_JVSMuSiC,wavlm_l12,12,13,jvs058,True,G->S,full_minus_energy,mean_preserving,1,4,3,1,1,0.002617194192958916
JVS_JVSMuSiC,wavlm_l12,12,13,jvs061,True,G->S,full_minus_energy,mean_preserving,1,4,3,1,1,0.0028948825942458623
JVS_JVSMuSiC,wavlm_l12,12,13,jvs063,True,G->S,full_minus_energy,mean_preserving,1,11,10,1,1,0.0016187270729728365
JVS_JVSMuSiC,wavlm_l12,12,13,jvs072,True,G->S,full_minus_energy,mean_preserving,1,3,2,1,1,0.001715939855446602
JVS_JVSMuSiC,wavlm_l12,12,13,jvs076,True,G->S,full_minus_energy,mean_preserving,2,13,11,0,1,0.0014278975010846295
JVS_JVSMuSiC,wavlm_l12,12,13,jvs086,True,G->S,full_minus_energy,mean_preserving,5,13,8,0,1,0.0010560278267023326
JVS_JVSMuSiC,wavlm_l12,12,13,jvs095,True,G->S,full_minus_energy,mean_preserving,3,2,-1,0,1,0.0021507096635157152
JVS_JVSMuSiC,wavlm_l12,12,13,jvs097,True,G->S,full_minus_energy,mean_preserving,1,8,7,1,1,0.0030108674406037483
JVS_JVSMuSiC,wavlm_l12,12,13,jvs005,True,S->G,full_minus_duration,mean_preserving,13,16,3,0,0,-0.0016184865526445158
JVS_JVSMuSiC,wavlm_l12,12,13,jvs006,True,S->G,full_minus_duration,mean_preserving,1,15,14,1,1,0.008040833848135143
JVS_JVSMuSiC,wavlm_l12,12,13,jvs010,True,S->G,full_minus_duration,mean_preserving,18,5,-13,0,0,-0.004996686188542987
JVS_JVSMuSiC,wavlm_l12,12,13,jvs019,True,S->G,full_minus_duration,mean_preserving,10,4,-6,0,0,0.0010033527579212942
JVS_JVSMuSiC,wavlm_l12,12,13,jvs020,True,S->G,full_minus_duration,mean_preserving,1,5,4,1,1,0.005132827271702944
JVS_JVSMuSiC,wavlm_l12,12,13,jvs022,True,S->G,full_minus_duration,mean_preserving,16,5,-11,0,0,-0.0022322991989425223
JVS_JVSMuSiC,wavlm_l12,12,13,jvs027,True,S->G,full_minus_duration,mean_preserving,1,6,5,1,1,0.006215751615389231
JVS_JVSMuSiC,wavlm_l12,12,13,jvs032,True,S->G,full_minus_duration,mean_preserving,6,4,-2,0,0,0.0037560318659051184
JVS_JVSMuSiC,wavlm_l12,12,13,jvs041,True,S->G,full_minus_duration,mean_preserving,17,5,-12,0,0,-0.0032911136400038954
JVS_JVSMuSiC,wavlm_l12,12,13,jvs042,True,S->G,full_minus_duration,mean_preserving,13,19,6,0,0,-0.0010881687120118944
JVS_JVSMuSiC,wavlm_l12,12,13,jvs044,True,S->G,full_minus_duration,mean_preserving,1,4,3,1,1,0.006540312970880091
JVS_JVSMuSiC,wavlm_l12,12,13,jvs057,True,S->G,full_minus_duration,mean_preserving,10,11,1,0,0,0.0012756425578582808
JVS_JVSMuSiC,wavlm_l12,12,13,jvs058,True,S->G,full_minus_duration,mean_preserving,1,5,4,1,1,0.006336713371881575
JVS_JVSMuSiC,wavlm_l12,12,13,jvs061,True,S->G,full_minus_duration,mean_preserving,16,16,0,0,0,-0.001916791876824142
JVS_JVSMuSiC,wavlm_l12,12,13,jvs063,True,S->G,full_minus_duration,mean_preserving,7,1,-6,0,0,0.0038721849734512093
JVS_JVSMuSiC,wavlm_l12,12,13,jvs072,True,S->G,full_minus_duration,mean_preserving,3,5,2,0,1,0.004372758778923402
JVS_JVSMuSiC,wavlm_l12,12,13,jvs076,True,S->G,full_minus_duration,mean_preserving,6,1,-5,0,0,0.0038408514160730434
JVS_JVSMuSiC,wavlm_l12,12,13,jvs086,True,S->G,full_minus_duration,mean_preserving,4,1,-3,0,1,0.002252889769398747
JVS_JVSMuSiC,wavlm_l12,12,13,jvs095,True,S->G,full_minus_duration,mean_preserving,3,4,1,0,1,0.005798550953243109
JVS_JVSMuSiC,wavlm_l12,12,13,jvs097,True,S->G,full_minus_duration,mean_preserving,11,4,-7,0,0,0.0007146597087471784
JVS_JVSMuSiC,wavlm_l12,12,13,jvs005,True,G->S,full_minus_duration,mean_preserving,2,5,3,0,1,0.004070168168023747
JVS_JVSMuSiC,wavlm_l12,12,13,jvs006,True,G->S,full_minus_duration,mean_preserving,4,10,6,0,1,0.000925865457343189
JVS_JVSMuSiC,wavlm_l12,12,13,jvs010,True,G->S,full_minus_duration,mean_preserving,4,1,-3,0,1,0.002308517717697023
JVS_JVSMuSiC,wavlm_l12,12,13,jvs019,True,G->S,full_minus_duration,mean_preserving,9,8,-1,0,0,0.0005178555199433221
JVS_JVSMuSiC,wavlm_l12,12,13,jvs020,True,G->S,full_minus_duration,mean_preserving,8,12,4,0,0,0.0009397849909211775
JVS_JVSMuSiC,wavlm_l12,12,13,jvs022,True,G->S,full_minus_duration,mean_preserving,1,3,2,1,1,0.00637830333312972
JVS_JVSMuSiC,wavlm_l12,12,13,jvs027,True,G->S,full_minus_duration,mean_preserving,5,1,-4,0,1,0.001686870186073719
JVS_JVSMuSiC,wavlm_l12,12,13,jvs032,True,G->S,full_minus_duration,mean_preserving,5,10,5,0,1,0.00157316277805164
JVS_JVSMuSiC,wavlm_l12,12,13,jvs041,True,G->S,full_minus_duration,mean_preserving,2,1,-1,0,1,0.0053458799561261205
JVS_JVSMuSiC,wavlm_l12,12,13,jvs042,True,G->S,full_minus_duration,mean_preserving,16,4,-12,0,0,-0.0017290646279377597
JVS_JVSMuSiC,wavlm_l12,12,13,jvs044,True,G->S,full_minus_duration,mean_preserving,8,19,11,0,0,0.0006898529464451908
JVS_JVSMuSiC,wavlm_l12,12,13,jvs057,True,G->S,full_minus_duration,mean_preserving,2,2,0,0,1,0.00415843950692063
JVS_JVSMuSiC,wavlm_l12,12,13,jvs058,True,G->S,full_minus_duration,mean_preserving,2,4,2,0,1,0.0016381503862836766
JVS_JVSMuSiC,wavlm_l12,12,13,jvs061,True,G->S,full_minus_duration,mean_preserving,2,4,2,0,1,0.005181780472756081
JVS_JVSMuSiC,wavlm_l12,12,13,jvs063,True,G->S,full_minus_duration,mean_preserving,17,11,-6,0,0,-0.001686292208949447
JVS_JVSMuSiC,wavlm_l12,12,13,jvs072,True,G->S,full_minus_duration,mean_preserving,7,3,-4,0,0,0.0010453970898213205
JVS_JVSMuSiC,wavlm_l12,12,13,jvs076,True,G->S,full_minus_duration,mean_preserving,4,13,9,0,1,0.0018221189723256481
JVS_JVSMuSiC,wavlm_l12,12,13,jvs086,True,G->S,full_minus_duration,mean_preserving,1,13,12,1,1,0.0058291456417451926
JVS_JVSMuSiC,wavlm_l12,12,13,jvs095,True,G->S,full_minus_duration,mean_preserving,14,2,-12,0,0,-0.0005944605864951491
JVS_JVSMuSiC,wavlm_l12,12,13,jvs097,True,G->S,full_minus_duration,mean_preserving,3,8,5,0,1,0.003908339990314369
JVS_JVSMuSiC,wavlm_l12,12,13,jvs005,True,S->G,full_minus_voicing,mean_preserving,4,16,12,0,1,0.0012461871541730174
JVS_JVSMuSiC,wavlm_l12,12,13,jvs006,True,S->G,full_minus_voicing,mean_preserving,1,15,14,1,1,0.0027280409853854826
JVS_JVSMuSiC,wavlm_l12,12,13,jvs010,True,S->G,full_minus_voicing,mean_preserving,20,5,-15,0,0,-0.004316567060970389
JVS_JVSMuSiC,wavlm_l12,12,13,jvs019,True,S->G,full_minus_voicing,mean_preserving,17,4,-13,0,0,-0.0010687627644716535
JVS_JVSMuSiC,wavlm_l12,12,13,jvs020,True,S->G,full_minus_voicing,mean_preserving,2,5,3,0,1,0.0021063503370626346
JVS_JVSMuSiC,wavlm_l12,12,13,jvs022,True,S->G,full_minus_voicing,mean_preserving,5,5,0,0,1,0.0015011300730107813
JVS_JVSMuSiC,wavlm_l12,12,13,jvs027,True,S->G,full_minus_voicing,mean_preserving,1,6,5,1,1,0.0034635759470583727
JVS_JVSMuSiC,wavlm_l12,12,13,jvs032,True,S->G,full_minus_voicing,mean_preserving,2,4,2,0,1,0.0027233411259741658
JVS_JVSMuSiC,wavlm_l12,12,13,jvs041,True,S->G,full_minus_voicing,mean_preserving,6,5,-1,0,0,0.0013246756721755348
JVS_JVSMuSiC,wavlm_l12,12,13,jvs042,True,S->G,full_minus_voicing,mean_preserving,7,19,12,0,0,0.0013006431653965755
JVS_JVSMuSiC,wavlm_l12,12,13,jvs044,True,S->G,full_minus_voicing,mean_preserving,1,4,3,1,1,0.004782170732465674
JVS_JVSMuSiC,wavlm_l12,12,13,jvs057,True,S->G,full_minus_voicing,mean_preserving,2,11,9,0,1,0.0024019619356383526
JVS_JVSMuSiC,wavlm_l12,12,13,jvs058,True,S->G,full_minus_voicing,mean_preserving,1,5,4,1,1,0.0020928598697671497
JVS_JVSMuSiC,wavlm_l12,12,13,jvs061,True,S->G,full_minus_voicing,mean_preserving,4,16,12,0,1,0.001806778986394142
JVS_JVSMuSiC,wavlm_l12,12,13,jvs063,True,S->G,full_minus_voicing,mean_preserving,5,1,-4,0,1,0.001286772968211669
JVS_JVSMuSiC,wavlm_l12,12,13,jvs072,True,S->G,full_minus_voicing,mean_preserving,1,5,4,1,1,0.004361619280969231
JVS_JVSMuSiC,wavlm_l12,12,13,jvs076,True,S->G,full_minus_voicing,mean_preserving,2,1,-1,0,1,0.002049253644248017
JVS_JVSMuSiC,wavlm_l12,12,13,jvs086,True,S->G,full_minus_voicing,mean_preserving,1,1,0,1,1,0.002523972713677769
JVS_JVSMuSiC,wavlm_l12,12,13,jvs095,True,S->G,full_minus_voicing,mean_preserving,9,4,-5,0,0,0.00111291242889755
JVS_JVSMuSiC,wavlm_l12,12,13,jvs097,True,S->G,full_minus_voicing,mean_preserving,1,4,3,1,1,0.0035022955974087777
JVS_JVSMuSiC,wavlm_l12,12,13,jvs005,True,G->S,full_minus_voicing,mean_preserving,3,5,2,0,1,0.0016445554670669882
JVS_JVSMuSiC,wavlm_l12,12,13,jvs006,True,G->S,full_minus_voicing,mean_preserving,3,10,7,0,1,0.0013217104302775118
JVS_JVSMuSiC,wavlm_l12,12,13,jvs010,True,G->S,full_minus_voicing,mean_preserving,1,1,0,1,1,0.0029425254874643203
JVS_JVSMuSiC,wavlm_l12,12,13,jvs019,True,G->S,full_minus_voicing,mean_preserving,1,8,7,1,1,0.001618895569415968
JVS_JVSMuSiC,wavlm_l12,12,13,jvs020,True,G->S,full_minus_voicing,mean_preserving,6,12,6,0,0,0.0007359798632721182
JVS_JVSMuSiC,wavlm_l12,12,13,jvs022,True,G->S,full_minus_voicing,mean_preserving,1,3,2,1,1,0.0029534974638785183
JVS_JVSMuSiC,wavlm_l12,12,13,jvs027,True,G->S,full_minus_voicing,mean_preserving,1,1,0,1,1,0.002281717341052203
JVS_JVSMuSiC,wavlm_l12,12,13,jvs032,True,G->S,full_minus_voicing,mean_preserving,1,10,9,1,1,0.0025592416028186182
JVS_JVSMuSiC,wavlm_l12,12,13,jvs041,True,G->S,full_minus_voicing,mean_preserving,1,1,0,1,1,0.0023374686134847167
JVS_JVSMuSiC,wavlm_l12,12,13,jvs042,True,G->S,full_minus_voicing,mean_preserving,4,4,0,0,1,0.0007049002880014088
JVS_JVSMuSiC,wavlm_l12,12,13,jvs044,True,G->S,full_minus_voicing,mean_preserving,6,19,13,0,0,0.000592192286177462
JVS_JVSMuSiC,wavlm_l12,12,13,jvs057,True,G->S,full_minus_voicing,mean_preserving,1,2,1,1,1,0.0022687262267901964
JVS_JVSMuSiC,wavlm_l12,12,13,jvs058,True,G->S,full_minus_voicing,mean_preserving,1,4,3,1,1,0.0018239281373781946
JVS_JVSMuSiC,wavlm_l12,12,13,jvs061,True,G->S,full_minus_voicing,mean_preserving,1,4,3,1,1,0.003045641470530547
JVS_JVSMuSiC,wavlm_l12,12,13,jvs063,True,G->S,full_minus_voicing,mean_preserving,4,11,7,0,1,0.0012876250810710532
JVS_JVSMuSiC,wavlm_l12,12,13,jvs072,True,G->S,full_minus_voicing,mean_preserving,1,3,2,1,1,0.001565300036380779
JVS_JVSMuSiC,wavlm_l12,12,13,jvs076,True,G->S,full_minus_voicing,mean_preserving,3,13,10,0,1,0.0012747447799322797
JVS_JVSMuSiC,wavlm_l12,12,13,jvs086,True,G->S,full_minus_voicing,mean_preserving,3,13,10,0,1,0.0012570278223932307
JVS_JVSMuSiC,wavlm_l12,12,13,jvs095,True,G->S,full_minus_voicing,mean_preserving,2,2,0,0,1,0.0017557846968755397
JVS_JVSMuSiC,wavlm_l12,12,13,jvs097,True,G->S,full_minus_voicing,mean_preserving,1,8,7,1,1,0.002957750128212755
JVS_JVSMuSiC,wavlm_l12,12,13,jvs005,True,S->G,row_shuffled_nuisance,mean_preserving,15,16,1,0,0,-0.002082500896865014
JVS_JVSMuSiC,wavlm_l12,12,13,jvs006,True,S->G,row_shuffled_nuisance,mean_preserving,7,15,8,0,0,0.0016814229180104334
JVS_JVSMuSiC,wavlm_l12,12,13,jvs010,True,S->G,row_shuffled_nuisance,mean_preserving,5,5,0,0,1,0.0030932290871066304
JVS_JVSMuSiC,wavlm_l12,12,13,jvs019,True,S->G,row_shuffled_nuisance,mean_preserving,3,4,1,0,1,0.004155451480102879
JVS_JVSMuSiC,wavlm_l12,12,13,jvs020,True,S->G,row_shuffled_nuisance,mean_preserving,4,5,1,0,1,0.003336543346618037
JVS_JVSMuSiC,wavlm_l12,12,13,jvs022,True,S->G,row_shuffled_nuisance,mean_preserving,9,5,-4,0,0,0.0006503929756146443
JVS_JVSMuSiC,wavlm_l12,12,13,jvs027,True,S->G,row_shuffled_nuisance,mean_preserving,4,6,2,0,1,0.004198255226418479
JVS_JVSMuSiC,wavlm_l12,12,13,jvs032,True,S->G,row_shuffled_nuisance,mean_preserving,3,4,1,0,1,0.004616732216591424
JVS_JVSMuSiC,wavlm_l12,12,13,jvs041,True,S->G,row_shuffled_nuisance,mean_preserving,5,5,0,0,1,0.002305994765457897
JVS_JVSMuSiC,wavlm_l12,12,13,jvs042,True,S->G,row_shuffled_nuisance,mean_preserving,15,19,4,0,0,-0.0028295828793826194
JVS_JVSMuSiC,wavlm_l12,12,13,jvs044,True,S->G,row_shuffled_nuisance,mean_preserving,4,4,0,0,1,0.003910371315404837
JVS_JVSMuSiC,wavlm_l12,12,13,jvs057,True,S->G,row_shuffled_nuisance,mean_preserving,10,11,1,0,0,0.00016511227807536333
JVS_JVSMuSiC,wavlm_l12,12,13,jvs058,True,S->G,row_shuffled_nuisance,mean_preserving,5,5,0,0,1,0.0034396482152044827
JVS_JVSMuSiC,wavlm_l12,12,13,jvs061,True,S->G,row_shuffled_nuisance,mean_preserving,16,16,0,0,0,-0.003283352712173171
JVS_JVSMuSiC,wavlm_l12,12,13,jvs063,True,S->G,row_shuffled_nuisance,mean_preserving,1,1,0,1,1,0.010298754358254558
JVS_JVSMuSiC,wavlm_l12,12,13,jvs072,True,S->G,row_shuffled_nuisance,mean_preserving,4,5,1,0,1,0.003292510470360388
JVS_JVSMuSiC,wavlm_l12,12,13,jvs076,True,S->G,row_shuffled_nuisance,mean_preserving,1,1,0,1,1,0.010814519119867194
JVS_JVSMuSiC,wavlm_l12,12,13,jvs086,True,S->G,row_shuffled_nuisance,mean_preserving,2,1,-1,0,1,0.008691730922247731
JVS_JVSMuSiC,wavlm_l12,12,13,jvs095,True,S->G,row_shuffled_nuisance,mean_preserving,3,4,1,0,1,0.004991867582233467
JVS_JVSMuSiC,wavlm_l12,12,13,jvs097,True,S->G,row_shuffled_nuisance,mean_preserving,4,4,0,0,1,0.002401483697366591
JVS_JVSMuSiC,wavlm_l12,12,13,jvs005,True,G->S,row_shuffled_nuisance,mean_preserving,2,5,3,0,1,0.004905086944582249
JVS_JVSMuSiC,wavlm_l12,12,13,jvs006,True,G->S,row_shuffled_nuisance,mean_preserving,15,10,-5,0,0,-0.0014834148166283923
JVS_JVSMuSiC,wavlm_l12,12,13,jvs010,True,G->S,row_shuffled_nuisance,mean_preserving,1,1,0,1,1,0.005653944717166182
JVS_JVSMuSiC,wavlm_l12,12,13,jvs019,True,G->S,row_shuffled_nuisance,mean_preserving,8,8,0,0,0,0.0020548676075917705
JVS_JVSMuSiC,wavlm_l12,12,13,jvs020,True,G->S,row_shuffled_nuisance,mean_preserving,8,12,4,0,0,0.0013991266222430632
JVS_JVSMuSiC,wavlm_l12,12,13,jvs022,True,G->S,row_shuffled_nuisance,mean_preserving,3,3,0,0,1,0.003875534998955321
JVS_JVSMuSiC,wavlm_l12,12,13,jvs027,True,G->S,row_shuffled_nuisance,mean_preserving,1,1,0,1,1,0.0069860411499138575
JVS_JVSMuSiC,wavlm_l12,12,13,jvs032,True,G->S,row_shuffled_nuisance,mean_preserving,8,10,2,0,0,0.0014218905916560942
JVS_JVSMuSiC,wavlm_l12,12,13,jvs041,True,G->S,row_shuffled_nuisance,mean_preserving,1,1,0,1,1,0.007359898163515455
JVS_JVSMuSiC,wavlm_l12,12,13,jvs042,True,G->S,row_shuffled_nuisance,mean_preserving,5,4,-1,0,1,0.0020638391753814433
JVS_JVSMuSiC,wavlm_l12,12,13,jvs044,True,G->S,row_shuffled_nuisance,mean_preserving,13,19,6,0,0,-0.001005196937927555
JVS_JVSMuSiC,wavlm_l12,12,13,jvs057,True,G->S,row_shuffled_nuisance,mean_preserving,2,2,0,0,1,0.004805418640852821
JVS_JVSMuSiC,wavlm_l12,12,13,jvs058,True,G->S,row_shuffled_nuisance,mean_preserving,2,4,2,0,1,0.005337848991555427
JVS_JVSMuSiC,wavlm_l12,12,13,jvs061,True,G->S,row_shuffled_nuisance,mean_preserving,1,4,3,1,1,0.007299646073051447
JVS_JVSMuSiC,wavlm_l12,12,13,jvs063,True,G->S,row_shuffled_nuisance,mean_preserving,12,11,-1,0,0,-0.00012199797736844875
JVS_JVSMuSiC,wavlm_l12,12,13,jvs072,True,G->S,row_shuffled_nuisance,mean_preserving,1,3,2,1,1,0.005055118149929538
JVS_JVSMuSiC,wavlm_l12,12,13,jvs076,True,G->S,row_shuffled_nuisance,mean_preserving,11,13,2,0,0,-0.0002072092750451393
JVS_JVSMuSiC,wavlm_l12,12,13,jvs086,True,G->S,row_shuffled_nuisance,mean_preserving,7,13,6,0,0,0.0007687112061233181
JVS_JVSMuSiC,wavlm_l12,12,13,jvs095,True,G->S,row_shuffled_nuisance,mean_preserving,4,2,-2,0,1,0.004207683471263102
JVS_JVSMuSiC,wavlm_l12,12,13,jvs097,True,G->S,row_shuffled_nuisance,mean_preserving,3,8,5,0,1,0.00347174598970168
JVS_JVSMuSiC,wavlm_l12,12,13,jvs005,True,S->G,random_gaussian_nuisance,mean_preserving,8,16,8,0,0,0.0010768401114845672
JVS_JVSMuSiC,wavlm_l12,12,13,jvs006,True,S->G,random_gaussian_nuisance,mean_preserving,20,15,-5,0,0,-0.007582761530595339
JVS_JVSMuSiC,wavlm_l12,12,13,jvs010,True,S->G,random_gaussian_nuisance,mean_preserving,4,5,1,0,1,0.005541776382188779
JVS_JVSMuSiC,wavlm_l12,12,13,jvs019,True,S->G,random_gaussian_nuisance,mean_preserving,2,4,2,0,1,0.008383757489556776
JVS_JVSMuSiC,wavlm_l12,12,13,jvs020,True,S->G,random_gaussian_nuisance,mean_preserving,1,5,4,1,1,0.010344798258479226
JVS_JVSMuSiC,wavlm_l12,12,13,jvs022,True,S->G,random_gaussian_nuisance,mean_preserving,10,5,-5,0,0,-0.00047977080915106995
JVS_JVSMuSiC,wavlm_l12,12,13,jvs027,True,S->G,random_gaussian_nuisance,mean_preserving,4,6,2,0,1,0.00463663546280757
JVS_JVSMuSiC,wavlm_l12,12,13,jvs032,True,S->G,random_gaussian_nuisance,mean_preserving,5,4,-1,0,1,0.005250454660895132
JVS_JVSMuSiC,wavlm_l12,12,13,jvs041,True,S->G,random_gaussian_nuisance,mean_preserving,16,5,-11,0,0,-0.0034725680228044897
JVS_JVSMuSiC,wavlm_l12,12,13,jvs042,True,S->G,random_gaussian_nuisance,mean_preserving,19,19,0,0,0,-0.007766379006043045
JVS_JVSMuSiC,wavlm_l12,12,13,jvs044,True,S->G,random_gaussian_nuisance,mean_preserving,1,4,3,1,1,0.010353236972009183
JVS_JVSMuSiC,wavlm_l12,12,13,jvs057,True,S->G,random_gaussian_nuisance,mean_preserving,11,11,0,0,0,0.0008413486198440845
JVS_JVSMuSiC,wavlm_l12,12,13,jvs058,True,S->G,random_gaussian_nuisance,mean_preserving,5,5,0,0,1,0.00598484955418932
JVS_JVSMuSiC,wavlm_l12,12,13,jvs061,True,S->G,random_gaussian_nuisance,mean_preserving,9,16,7,0,0,0.00109076897872884
JVS_JVSMuSiC,wavlm_l12,12,13,jvs063,True,S->G,random_gaussian_nuisance,mean_preserving,14,1,-13,0,0,-0.0012652925666253312
JVS_JVSMuSiC,wavlm_l12,12,13,jvs072,True,S->G,random_gaussian_nuisance,mean_preserving,10,5,-5,0,0,0.0011318459647160495
JVS_JVSMuSiC,wavlm_l12,12,13,jvs076,True,S->G,random_gaussian_nuisance,mean_preserving,1,1,0,1,1,0.011116029683619133
JVS_JVSMuSiC,wavlm_l12,12,13,jvs086,True,S->G,random_gaussian_nuisance,mean_preserving,5,1,-4,0,1,0.005537738669049053
JVS_JVSMuSiC,wavlm_l12,12,13,jvs095,True,S->G,random_gaussian_nuisance,mean_preserving,11,4,-7,0,0,7.973917944248399e-05
JVS_JVSMuSiC,wavlm_l12,12,13,jvs097,True,S->G,random_gaussian_nuisance,mean_preserving,4,4,0,0,1,0.007020195581813327
JVS_JVSMuSiC,wavlm_l12,12,13,jvs005,True,G->S,random_gaussian_nuisance,mean_preserving,3,5,2,0,1,0.005797316754940995
JVS_JVSMuSiC,wavlm_l12,12,13,jvs006,True,G->S,random_gaussian_nuisance,mean_preserving,7,10,3,0,0,0.002918357471266342
JVS_JVSMuSiC,wavlm_l12,12,13,jvs010,True,G->S,random_gaussian_nuisance,mean_preserving,3,1,-2,0,1,0.005527386219360664
JVS_JVSMuSiC,wavlm_l12,12,13,jvs019,True,G->S,random_gaussian_nuisance,mean_preserving,11,8,-3,0,0,0.0005283648964602428
JVS_JVSMuSiC,wavlm_l12,12,13,jvs020,True,G->S,random_gaussian_nuisance,mean_preserving,11,12,1,0,0,-0.0005176536340972815
JVS_JVSMuSiC,wavlm_l12,12,13,jvs022,True,G->S,random_gaussian_nuisance,mean_preserving,1,3,2,1,1,0.0060008550650394454
JVS_JVSMuSiC,wavlm_l12,12,13,jvs027,True,G->S,random_gaussian_nuisance,mean_preserving,1,1,0,1,1,0.009866775476305212
JVS_JVSMuSiC,wavlm_l12,12,13,jvs032,True,G->S,random_gaussian_nuisance,mean_preserving,9,10,1,0,0,-5.238635894100341e-05
JVS_JVSMuSiC,wavlm_l12,12,13,jvs041,True,G->S,random_gaussian_nuisance,mean_preserving,4,1,-3,0,1,0.003531337425439096
JVS_JVSMuSiC,wavlm_l12,12,13,jvs042,True,G->S,random_gaussian_nuisance,mean_preserving,6,4,-2,0,0,0.002643065295261593
JVS_JVSMuSiC,wavlm_l12,12,13,jvs044,True,G->S,random_gaussian_nuisance,mean_preserving,15,19,4,0,0,-0.0017084512156166909
JVS_JVSMuSiC,wavlm_l12,12,13,jvs057,True,G->S,random_gaussian_nuisance,mean_preserving,5,2,-3,0,1,0.0017957631864433665
JVS_JVSMuSiC,wavlm_l12,12,13,jvs058,True,G->S,random_gaussian_nuisance,mean_preserving,8,4,-4,0,0,0.0012186426738250988
JVS_JVSMuSiC,wavlm_l12,12,13,jvs061,True,G->S,random_gaussian_nuisance,mean_preserving,3,4,1,0,1,0.005393353725192118
JVS_JVSMuSiC,wavlm_l12,12,13,jvs063,True,G->S,random_gaussian_nuisance,mean_preserving,5,11,6,0,1,0.0027255250667852504
JVS_JVSMuSiC,wavlm_l12,12,13,jvs072,True,G->S,random_gaussian_nuisance,mean_preserving,3,3,0,0,1,0.004407665302773034
JVS_JVSMuSiC,wavlm_l12,12,13,jvs076,True,G->S,random_gaussian_nuisance,mean_preserving,20,13,-7,0,0,-0.005556588812373531
JVS_JVSMuSiC,wavlm_l12,12,13,jvs086,True,G->S,random_gaussian_nuisance,mean_preserving,3,13,10,0,1,0.004504730624730224
JVS_JVSMuSiC,wavlm_l12,12,13,jvs095,True,G->S,random_gaussian_nuisance,mean_preserving,2,2,0,0,1,0.009079924476706025
JVS_JVSMuSiC,wavlm_l12,12,13,jvs097,True,G->S,random_gaussian_nuisance,mean_preserving,12,8,-4,0,0,-0.00028074000589606296
JVS_JVSMuSiC,wavlm_l12,12,13,jvs005,True,S->G,random_low_rank_projection,mean_preserving,16,16,0,0,0,-0.0030301960800278582
JVS_JVSMuSiC,wavlm_l12,12,13,jvs006,True,S->G,random_low_rank_projection,mean_preserving,15,15,0,0,0,-0.003269548905916464
JVS_JVSMuSiC,wavlm_l12,12,13,jvs010,True,S->G,random_low_rank_projection,mean_preserving,5,5,0,0,1,0.002894792622703868
JVS_JVSMuSiC,wavlm_l12,12,13,jvs019,True,S->G,random_low_rank_projection,mean_preserving,4,4,0,0,1,0.004339390261700049
JVS_JVSMuSiC,wavlm_l12,12,13,jvs020,True,S->G,random_low_rank_projection,mean_preserving,5,5,0,0,1,0.003093995460230814
JVS_JVSMuSiC,wavlm_l12,12,13,jvs022,True,S->G,random_low_rank_projection,mean_preserving,5,5,0,0,1,0.0029274799930468776
JVS_JVSMuSiC,wavlm_l12,12,13,jvs027,True,S->G,random_low_rank_projection,mean_preserving,6,6,0,0,0,0.0026216239839038646
JVS_JVSMuSiC,wavlm_l12,12,13,jvs032,True,S->G,random_low_rank_projection,mean_preserving,4,4,0,0,1,0.004899293497586554
JVS_JVSMuSiC,wavlm_l12,12,13,jvs041,True,S->G,random_low_rank_projection,mean_preserving,5,5,0,0,1,0.003004825863859084
JVS_JVSMuSiC,wavlm_l12,12,13,jvs042,True,S->G,random_low_rank_projection,mean_preserving,19,19,0,0,0,-0.005887909250155032
JVS_JVSMuSiC,wavlm_l12,12,13,jvs044,True,S->G,random_low_rank_projection,mean_preserving,4,4,0,0,1,0.003132672351449872
JVS_JVSMuSiC,wavlm_l12,12,13,jvs057,True,S->G,random_low_rank_projection,mean_preserving,11,11,0,0,0,-0.00015618350877755205
JVS_JVSMuSiC,wavlm_l12,12,13,jvs058,True,S->G,random_low_rank_projection,mean_preserving,5,5,0,0,1,0.0022741409853946903
JVS_JVSMuSiC,wavlm_l12,12,13,jvs061,True,S->G,random_low_rank_projection,mean_preserving,16,16,0,0,0,-0.0027438169808344792
JVS_JVSMuSiC,wavlm_l12,12,13,jvs063,True,S->G,random_low_rank_projection,mean_preserving,1,1,0,1,1,0.009514840810573189
JVS_JVSMuSiC,wavlm_l12,12,13,jvs072,True,S->G,random_low_rank_projection,mean_preserving,5,5,0,0,1,0.0031365221315147185
JVS_JVSMuSiC,wavlm_l12,12,13,jvs076,True,S->G,random_low_rank_projection,mean_preserving,1,1,0,1,1,0.010721969224467554
JVS_JVSMuSiC,wavlm_l12,12,13,jvs086,True,S->G,random_low_rank_projection,mean_preserving,1,1,0,1,1,0.010597146289593407
JVS_JVSMuSiC,wavlm_l12,12,13,jvs095,True,S->G,random_low_rank_projection,mean_preserving,4,4,0,0,1,0.0027569063976808916
JVS_JVSMuSiC,wavlm_l12,12,13,jvs097,True,S->G,random_low_rank_projection,mean_preserving,4,4,0,0,1,0.004354572226500153
JVS_JVSMuSiC,wavlm_l12,12,13,jvs005,True,G->S,random_low_rank_projection,mean_preserving,5,5,0,0,1,0.0035001588714078657
JVS_JVSMuSiC,wavlm_l12,12,13,jvs006,True,G->S,random_low_rank_projection,mean_preserving,10,10,0,0,0,0.00024460540923032514
JVS_JVSMuSiC,wavlm_l12,12,13,jvs010,True,G->S,random_low_rank_projection,mean_preserving,2,1,-1,0,1,0.0056977450299736665
JVS_JVSMuSiC,wavlm_l12,12,13,jvs019,True,G->S,random_low_rank_projection,mean_preserving,8,8,0,0,0,0.0024422812908316827
JVS_JVSMuSiC,wavlm_l12,12,13,jvs020,True,G->S,random_low_rank_projection,mean_preserving,12,12,0,0,0,-3.059216531986486e-05
JVS_JVSMuSiC,wavlm_l12,12,13,jvs022,True,G->S,random_low_rank_projection,mean_preserving,3,3,0,0,1,0.0029153700005419836
JVS_JVSMuSiC,wavlm_l12,12,13,jvs027,True,G->S,random_low_rank_projection,mean_preserving,1,1,0,1,1,0.008276335515363109
JVS_JVSMuSiC,wavlm_l12,12,13,jvs032,True,G->S,random_low_rank_projection,mean_preserving,10,10,0,0,0,0.0004564569484598602
JVS_JVSMuSiC,wavlm_l12,12,13,jvs041,True,G->S,random_low_rank_projection,mean_preserving,1,1,0,1,1,0.006727741509037766
JVS_JVSMuSiC,wavlm_l12,12,13,jvs042,True,G->S,random_low_rank_projection,mean_preserving,4,4,0,0,1,0.003376125574553024
JVS_JVSMuSiC,wavlm_l12,12,13,jvs044,True,G->S,random_low_rank_projection,mean_preserving,19,19,0,0,0,-0.0034946315835576724
JVS_JVSMuSiC,wavlm_l12,12,13,jvs057,True,G->S,random_low_rank_projection,mean_preserving,2,2,0,0,1,0.005249952283835957
JVS_JVSMuSiC,wavlm_l12,12,13,jvs058,True,G->S,random_low_rank_projection,mean_preserving,4,4,0,0,1,0.004655009375044927
JVS_JVSMuSiC,wavlm_l12,12,13,jvs061,True,G->S,random_low_rank_projection,mean_preserving,4,4,0,0,1,0.005047226614661948
JVS_JVSMuSiC,wavlm_l12,12,13,jvs063,True,G->S,random_low_rank_projection,mean_preserving,11,11,0,0,0,-0.0002821051599422031
JVS_JVSMuSiC,wavlm_l12,12,13,jvs072,True,G->S,random_low_rank_projection,mean_preserving,3,3,0,0,1,0.0047376590198192625
JVS_JVSMuSiC,wavlm_l12,12,13,jvs076,True,G->S,random_low_rank_projection,mean_preserving,13,13,0,0,0,-0.0013460292871184665
JVS_JVSMuSiC,wavlm_l12,12,13,jvs086,True,G->S,random_low_rank_projection,mean_preserving,13,13,0,0,0,-0.00044878247641000346
JVS_JVSMuSiC,wavlm_l12,12,13,jvs095,True,G->S,random_low_rank_projection,mean_preserving,2,2,0,0,1,0.005941070826899542
JVS_JVSMuSiC,wavlm_l12,12,13,jvs097,True,G->S,random_low_rank_projection,mean_preserving,8,8,0,0,0,0.001516919777180159
