dataset,model,layer,split_seed,split_protocol,duration_balanced,residualization_variant,formula,nuisance_columns,direction,test_speakers_N,chance_R1,R1_num,R1_den,R1,R1_boot_CI_low,R1_boot_CI_high,R5_boot_CI_low,R5_boot_CI_high,MRR_boot_CI_low,MRR_boot_CI_high,margin_boot_CI_low,margin_boot_CI_high,R5,MRR,median_rank,same_minus_impostor_margin,delta_R1_vs_raw,mode_AUC,variance_removed,B_rank
JVS_JVSMuSiC,wavlm_l12,12,13,60_20_20_speaker_disjoint,True,raw,raw,,S->G,20,0.05,3,20,0.15,0.011250000000000005,0.3387499999999999,0.51125,0.8887499999999999,0.17868249102870817,0.41714762759170654,0.0007200415595671632,0.004988011228824125,0.7,0.29759370015948966,5.0,0.0027795483115108377,0.0,1.0,0.0,0
JVS_JVSMuSiC,wavlm_l12,12,13,60_20_20_speaker_disjoint,True,raw,raw,,G->S,20,0.05,3,20,0.15,0.05,0.3,0.4,0.7274999999999998,0.17251576493681758,0.4312331232364127,0.0017128324027332836,0.004190949277088779,0.55,0.3223693411851306,4.5,0.002779548311510849,0.0,1.0,0.0,0
JVS_JVSMuSiC,wavlm_l12,12,13,60_20_20_speaker_disjoint,True,center_only_classic,classic,,S->G,20,0.05,9,20,0.45,0.25,0.65,0.85,1.0,0.5534114583333333,0.8323958333333332,0.14541747041991893,0.21273231159892528,0.95,0.6614583333333333,2.0,0.17373974071595583,0.30000000000000004,1.0,0.9737370277993381,0
JVS_JVSMuSiC,wavlm_l12,12,13,60_20_20_speaker_disjoint,True,center_only_classic,classic,,G->S,20,0.05,4,20,0.2,0.05,0.35,0.47250000000000003,0.85,0.31950419372294364,0.5660915854978354,0.09272623751652452,0.23162682994334072,0.65,0.4331764069264069,2.5,0.17373974071595583,0.05000000000000002,1.0,0.9737370277993381,0
JVS_JVSMuSiC,wavlm_l12,12,13,60_20_20_speaker_disjoint,True,mode_dummy_only,mean_preserving,mode_dummy,S->G,20,0.05,8,20,0.4,0.25,0.6,0.7112499999999999,1.0,0.4422420634920635,0.7589831349206348,0.001994876805737113,0.0033578987741241873,0.85,0.6051587301587301,2.0,0.0028492206028652768,0.25,0.4329411764705882,0.008939209052401642,1
JVS_JVSMuSiC,wavlm_l12,12,13,60_20_20_speaker_disjoint,True,mode_dummy_only,mean_preserving,mode_dummy,G->S,20,0.05,16,20,0.8,0.65,0.9887499999999999,0.9,1.0,0.7678124999999999,0.9608125000000001,0.0024196638324085022,0.003215545412300645,0.95,0.8675,1.0,0.00284922060286521,0.65,0.4329411764705882,0.008939209052401642,1
JVS_JVSMuSiC,wavlm_l12,12,13,60_20_20_speaker_disjoint,True,mode_dummy_only,classic,mode_dummy,S->G,20,0.05,15,20,0.75,0.5725,0.9,0.85,1.0,0.73575,0.95,0.3488597512865125,0.4674323908644326,0.95,0.8466666666666667,1.0,0.4207587476060094,0.6,0.4329411764705882,0.9826643574563391,1
JVS_JVSMuSiC,wavlm_l12,12,13,60_20_20_speaker_disjoint,True,mode_dummy_only,classic,mode_dummy,G->S,20,0.05,17,20,0.85,0.7,0.95,0.9,1.0,0.77875,0.9915624999999999,0.3487224358102823,0.4866099195546944,0.95,0.8805555555555555,1.0,0.4207587476060094,0.7,0.4329411764705882,0.9826643574563391,1
JVS_JVSMuSiC,wavlm_l12,12,13,60_20_20_speaker_disjoint,True,acoustic_full_no_mode,mean_preserving,logf0_mean;logf0_std;logf0_p05;logf0_p50;logf0_p95;logf0_range;rms_mean;rms_std;duration_s;voiced_rate;energy_mean;energy_std,S->G,20,0.05,7,20,0.35,0.15,0.6387499999999999,0.48375,0.9887499999999999,0.3888462885154061,0.68175,0.0005997628539360719,0.002518946799993032,0.75,0.5214729225023342,2.0,0.0018464606396235983,0.19999999999999998,0.5741176470588235,0.01150639248034202,9
JVS_JVSMuSiC,wavlm_l12,12,13,60_20_20_speaker_disjoint,True,acoustic_full_no_mode,mean_preserving,logf0_mean;logf0_std;logf0_p05;logf0_p50;logf0_p95;logf0_range;rms_mean;rms_std;duration_s;voiced_rate;energy_mean;energy_std,G->S,20,0.05,11,20,0.55,0.35,0.8,0.76125,1.0,0.5458333333333333,0.7939583333333333,0.0016107748912472398,0.0021336368913444028,0.9,0.6833333333333333,1.0,0.001846460639623676,0.4,0.5741176470588235,0.01150639248034202,9
JVS_JVSMuSiC,wavlm_l12,12,13,60_20_20_speaker_disjoint,True,acoustic_full_no_mode,classic,logf0_mean;logf0_std;logf0_p05;logf0_p50;logf0_p95;logf0_range;rms_mean;rms_std;duration_s;voiced_rate;energy_mean;energy_std,S->G,20,0.05,13,20,0.65,0.45,0.8387499999999999,0.9,1.0,0.6303645833333333,0.8830729166666665,0.28756127589350966,0.3794202704310996,0.95,0.76875,1.0,0.3246079659622323,0.5,0.5741176470588235,0.9853042549778116,9
JVS_JVSMuSiC,wavlm_l12,12,13,60_20_20_speaker_disjoint,True,acoustic_full_no_mode,classic,logf0_mean;logf0_std;logf0_p05;logf0_p50;logf0_p95;logf0_range;rms_mean;rms_std;duration_s;voiced_rate;energy_mean;energy_std,G->S,20,0.05,13,20,0.65,0.36125,0.9,1.0,1.0,0.5990624999999999,0.8846875,0.26329230215930155,0.3658369923613636,1.0,0.7575000000000001,1.0,0.32460796596223224,0.5,0.5741176470588235,0.9853042549778116,9
JVS_JVSMuSiC,wavlm_l12,12,13,60_20_20_speaker_disjoint,True,acoustic_full_plus_mode,mean_preserving,logf0_mean;logf0_std;logf0_p05;logf0_p50;logf0_p95;logf0_range;rms_mean;rms_std;duration_s;voiced_rate;energy_mean;energy_std;mode_dummy,S->G,20,0.05,7,20,0.35,0.15,0.53875,0.7,1.0,0.39363060224089635,0.687516631652661,0.0013340631896847242,0.0027943386854165893,0.85,0.5459173669467787,2.0,0.0020696643513491543,0.19999999999999998,0.4288235294117647,0.01242056668431668,10
JVS_JVSMuSiC,wavlm_l12,12,13,60_20_20_speaker_disjoint,True,acoustic_full_plus_mode,mean_preserving,logf0_mean;logf0_std;logf0_p05;logf0_p50;logf0_p95;logf0_range;rms_mean;rms_std;duration_s;voiced_rate;energy_mean;energy_std;mode_dummy,G->S,20,0.05,12,20,0.6,0.41125,0.78875,0.81125,1.0,0.5753125,0.84140625,0.00184987794699665,0.0022749599068433678,0.95,0.7229166666666667,1.0,0.002069664351349121,0.44999999999999996,0.4288235294117647,0.01242056668431668,10
JVS_JVSMuSiC,wavlm_l12,12,13,60_20_20_speaker_disjoint,True,acoustic_full_plus_mode,classic,logf0_mean;logf0_std;logf0_p05;logf0_p50;logf0_p95;logf0_range;rms_mean;rms_std;duration_s;voiced_rate;energy_mean;energy_std;mode_dummy,S->G,20,0.05,15,20,0.75,0.56125,0.9,1.0,1.0,0.7377916666666666,0.9651666666666666,0.30692884187919905,0.3905279476219338,1.0,0.8516666666666666,1.0,0.35626531485780577,0.6,0.4288235294117647,0.9861750643122706,10
JVS_JVSMuSiC,wavlm_l12,12,13,60_20_20_speaker_disjoint,True,acoustic_full_plus_mode,classic,logf0_mean;logf0_std;logf0_p05;logf0_p50;logf0_p95;logf0_range;rms_mean;rms_std;duration_s;voiced_rate;energy_mean;energy_std;mode_dummy,G->S,20,0.05,15,20,0.75,0.6,0.9,1.0,1.0,0.6653749999999999,0.9221875,0.3135480752251714,0.391533832390208,1.0,0.8324999999999999,1.0,0.35626531485780577,0.6,0.4288235294117647,0.9861750643122706,10
JVS_JVSMuSiC,wavlm_l12,12,13,60_20_20_speaker_disjoint,True,single_group_f0,mean_preserving,logf0_mean;logf0_std;logf0_p05;logf0_p50;logf0_p95;logf0_range,S->G,20,0.05,3,20,0.15,0.0,0.3,0.31124999999999997,0.7387499999999999,0.15543539839181286,0.4059932383040935,1.0538526733347443e-05,0.004234983925496017,0.55,0.27533991228070176,5.0,0.001908949548984823,0.0,1.0,0.001508543894612302,5
JVS_JVSMuSiC,wavlm_l12,12,13,60_20_20_speaker_disjoint,True,single_group_f0,mean_preserving,logf0_mean;logf0_std;logf0_p05;logf0_p50;logf0_p95;logf0_range,G->S,20,0.05,2,20,0.1,0.011250000000000005,0.2,0.35,0.78875,0.17012673611111115,0.3982167658730158,0.0009137410517197036,0.0028988129165065228,0.55,0.25100198412698405,5.0,0.0019089495489848728,-0.04999999999999999,1.0,0.001508543894612302,5
JVS_JVSMuSiC,wavlm_l12,12,13,60_20_20_speaker_disjoint,True,single_group_energy,mean_preserving,rms_mean;rms_std;energy_mean;energy_std,S->G,20,0.05,5,20,0.25,0.1,0.4387499999999999,0.3225,0.75,0.2422359748095042,0.5396814264167205,0.0017688400386657724,0.0045701770593490456,0.55,0.40002326105267283,4.0,0.002964108229688028,0.1,0.9794117647058823,0.00644941905833496,3
JVS_JVSMuSiC,wavlm_l12,12,13,60_20_20_speaker_disjoint,True,single_group_energy,mean_preserving,rms_mean;rms_std;energy_mean;energy_std,G->S,20,0.05,5,20,0.25,0.11125,0.4,0.6,0.9,0.3332337662337662,0.5755480248917748,0.0020740811294178547,0.004151038398416958,0.75,0.44772997835497835,3.5,0.002964108229688023,0.1,0.9794117647058823,0.00644941905833496,3
JVS_JVSMuSiC,wavlm_l12,12,13,60_20_20_speaker_disjoint,True,single_group_duration,mean_preserving,duration_s,S->G,20,0.05,8,20,0.4,0.21125000000000002,0.6,0.76125,1.0,0.4581784188034188,0.7384182692307693,0.0021442371231992015,0.0033441188962514794,0.9,0.6041239316239315,2.0,0.002766172056252797,0.25,0.6394117647058823,0.00863713684389733,1
JVS_JVSMuSiC,wavlm_l12,12,13,60_20_20_speaker_disjoint,True,single_group_duration,mean_preserving,duration_s,G->S,20,0.05,11,20,0.55,0.35,0.7387499999999999,0.75,1.0,0.564375,0.8334166666666666,0.002303177085833794,0.0031225817080066335,0.9,0.7216666666666668,1.0,0.002766172056252819,0.4,0.6394117647058823,0.00863713684389733,1
JVS_JVSMuSiC,wavlm_l12,12,13,60_20_20_speaker_disjoint,True,single_group_voicing,mean_preserving,voiced_rate,S->G,20,0.05,3,20,0.15,0.05,0.3,0.5,0.9387499999999999,0.1645673594497608,0.4473330592105263,0.0008598525299587331,0.004185972652514052,0.7,0.29759370015948966,5.0,0.0027795483115108377,0.0,1.0,0.0,0
JVS_JVSMuSiC,wavlm_l12,12,13,60_20_20_speaker_disjoint,True,single_group_voicing,mean_preserving,voiced_rate,G->S,20,0.05,3,20,0.15,0.05,0.3387499999999999,0.26125,0.75,0.18443377729726415,0.45326492531591217,0.0011603741179937348,0.0038174427565730784,0.55,0.3223693411851306,4.5,0.002779548311510849,0.0,1.0,0.0,0
JVS_JVSMuSiC,wavlm_l12,12,13,60_20_20_speaker_disjoint,True,full_minus_f0,mean_preserving,rms_mean;rms_std;duration_s;voiced_rate;energy_mean;energy_std,S->G,20,0.05,8,20,0.4,0.21125000000000002,0.6,0.6,0.95,0.3895915570175439,0.7426041666666666,0.0020349287049410748,0.0033164565941639895,0.8,0.5678399122807017,2.0,0.0025882332731909097,0.25,0.6070588235294118,0.009882207164536472,4
JVS_JVSMuSiC,wavlm_l12,12,13,60_20_20_speaker_disjoint,True,full_minus_f0,mean_preserving,rms_mean;rms_std;duration_s;voiced_rate;energy_mean;energy_std,G->S,20,0.05,12,20,0.6,0.5,0.8,0.86125,1.0,0.5969412878787879,0.8744791666666666,0.002121434499302206,0.0030432194623602683,0.95,0.7462121212121212,1.0,0.0025882332731908763,0.44999999999999996,0.6070588235294118,0.009882207164536472,4
JVS_JVSMuSiC,wavlm_l12,12,13,60_20_20_speaker_disjoint,True,full_minus_energy,mean_preserving,logf0_mean;logf0_std;logf0_p05;logf0_p50;logf0_p95;logf0_range;duration_s;voiced_rate,S->G,20,0.05,7,20,0.35,0.2,0.5,0.61125,0.9387499999999999,0.42406617647058825,0.6721305147058824,0.001343142997876096,0.0026264613348475773,0.8,0.5216911764705883,2.5,0.0018514339259553426,0.19999999999999998,0.6405882352941177,0.01016608197488178,6
JVS_JVSMuSiC,wavlm_l12,12,13,60_20_20_speaker_disjoint,True,full_minus_energy,mean_preserving,logf0_mean;logf0_std;logf0_p05;logf0_p50;logf0_p95;logf0_range;duration_s;voiced_rate,G->S,20,0.05,11,20,0.55,0.31124999999999997,0.75,0.61125,0.95,0.5261369047619048,0.7991785714285713,0.0014173293320304862,0.002189518107923941,0.8,0.6686309523809524,1.0,0.0018514339259553315,0.4,0.6405882352941177,0.01016608197488178,6
JVS_JVSMuSiC,wavlm_l12,12,13,60_20_20_speaker_disjoint,True,full_minus_duration,mean_preserving,logf0_mean;logf0_std;logf0_p05;logf0_p50;logf0_p95;logf0_range;rms_mean;rms_std;voiced_rate;energy_mean;energy_std,S->G,20,0.05,5,20,0.25,0.05,0.35,0.17250000000000001,0.6662499999999998,0.204138302261464,0.5314765427587118,0.0009655328084736749,0.004200124689120931,0.4,0.3538495736289854,6.5,0.0022004907845270204,0.1,0.9829411764705882,0.008177831688780834,8
JVS_JVSMuSiC,wavlm_l12,12,13,60_20_20_speaker_disjoint,True,full_minus_duration,mean_preserving,logf0_mean;logf0_std;logf0_p05;logf0_p50;logf0_p95;logf0_range;rms_mean;rms_std;voiced_rate;energy_mean;energy_std,G->S,20,0.05,2,20,0.1,0.0,0.23874999999999993,0.5,0.78875,0.25026116071428567,0.46474012313258634,0.0014654068885556716,0.003017764884799849,0.65,0.33400268440709613,4.0,0.0022004907845269706,-0.04999999999999999,0.9829411764705882,0.008177831688780834,8
JVS_JVSMuSiC,wavlm_l12,12,13,60_20_20_speaker_disjoint,True,full_minus_voicing,mean_preserving,logf0_mean;logf0_std;logf0_p05;logf0_p50;logf0_p95;logf0_range;rms_mean;rms_std;duration_s;energy_mean;energy_std,S->G,20,0.05,7,20,0.35,0.2,0.5887499999999999,0.51125,0.95,0.3638568510737628,0.6102563025210083,0.0011279658637209148,0.0023934100102483633,0.75,0.5214729225023342,2.0,0.0018464606396236428,0.19999999999999998,0.5741176470588235,0.011506392480338468,9
JVS_JVSMuSiC,wavlm_l12,12,13,60_20_20_speaker_disjoint,True,full_minus_voicing,mean_preserving,logf0_mean;logf0_std;logf0_p05;logf0_p50;logf0_p95;logf0_range;rms_mean;rms_std;duration_s;energy_mean;energy_std,G->S,20,0.05,11,20,0.55,0.35,0.78875,0.76125,1.0,0.5205208333333333,0.8254166666666666,0.0015612224633603426,0.0021716004651961274,0.9,0.6833333333333333,1.0,0.0018464606396237204,0.4,0.5741176470588235,0.011506392480338468,9
JVS_JVSMuSiC,wavlm_l12,12,13,60_20_20_speaker_disjoint,True,row_shuffled_nuisance,mean_preserving,logf0_mean;logf0_std;logf0_p05;logf0_p50;logf0_p95;logf0_range;rms_mean;rms_std;duration_s;voiced_rate;energy_mean;energy_std,S->G,20,0.05,2,20,0.1,0.0,0.25,0.5,0.8387499999999999,0.1892420634920635,0.38469444444444445,0.002285516109955989,0.004711053153115499,0.7,0.29499007936507937,4.0,0.0031924291743257115,-0.04999999999999999,1.0,-2.509303776410121e-05,9
JVS_JVSMuSiC,wavlm_l12,12,13,60_20_20_speaker_disjoint,True,row_shuffled_nuisance,mean_preserving,logf0_mean;logf0_std;logf0_p05;logf0_p50;logf0_p95;logf0_range;rms_mean;rms_std;duration_s;voiced_rate;energy_mean;energy_std,G->S,20,0.05,5,20,0.25,0.1,0.4387499999999999,0.36125,0.78875,0.27580244755244754,0.5600658300033299,0.0020643661892766414,0.004110142785184381,0.6,0.4226177988677988,3.5,0.0031924291743256616,0.1,1.0,-2.509303776410121e-05,9
JVS_JVSMuSiC,wavlm_l12,12,13,60_20_20_speaker_disjoint,True,random_gaussian_nuisance,mean_preserving,logf0_mean;logf0_std;logf0_p05;logf0_p50;logf0_p95;logf0_range;rms_mean;rms_std;duration_s;voiced_rate;energy_mean;energy_std,S->G,20,0.05,3,20,0.15,0.011250000000000005,0.3,0.3,0.6887499999999999,0.15015102267980557,0.4010737520885547,0.001158530477469948,0.005027031554089165,0.5,0.28522447216526164,6.5,0.0028911621816802126,0.0,1.0,0.0001254398405209356,12
JVS_JVSMuSiC,wavlm_l12,12,13,60_20_20_speaker_disjoint,True,random_gaussian_nuisance,mean_preserving,logf0_mean;logf0_std;logf0_p05;logf0_p50;logf0_p95;logf0_range;rms_mean;rms_std;duration_s;voiced_rate;energy_mean;energy_std,G->S,20,0.05,2,20,0.1,0.0,0.25,0.41125,0.75,0.18704987373737375,0.41559438131313126,0.0011117548924219082,0.004427777519652572,0.55,0.28720598845598844,5.0,0.002891162181680207,-0.04999999999999999,1.0,0.0001254398405209356,12
JVS_JVSMuSiC,wavlm_l12,12,13,60_20_20_speaker_disjoint,True,random_low_rank_projection,mean_preserving,random_dir_0;random_dir_1;random_dir_2;random_dir_3;random_dir_4;random_dir_5;random_dir_6;random_dir_7;random_dir_8;random_dir_9;random_dir_10;random_dir_11,S->G,20,0.05,3,20,0.15,0.011250000000000005,0.25,0.55,0.9,0.19594981060606062,0.4126957236842105,0.0007400670515700596,0.004896727392090018,0.7,0.29759370015948966,5.0,0.00275912586872471,0.0,1.0,0.00015561873122249548,12
JVS_JVSMuSiC,wavlm_l12,12,13,60_20_20_speaker_disjoint,True,random_low_rank_projection,mean_preserving,random_dir_0;random_dir_1;random_dir_2;random_dir_3;random_dir_4;random_dir_5;random_dir_6;random_dir_7;random_dir_8;random_dir_9;random_dir_10;random_dir_11,G->S,20,0.05,2,20,0.1,0.0,0.3,0.31124999999999997,0.75,0.19179216507177035,0.45241906284504957,0.001607705828561146,0.0037961485653192923,0.55,0.2973693411851306,4.5,0.0027591258687246433,-0.04999999999999999,1.0,0.00015561873122249548,12
