dataset,model,layer,split_seed,global_vector_cosine_to_full_utterance_global,matched_global_norm,full_global_norm,train_speakers
GTSinger_same_text_control_fixed_frames,wavlm_l12,12,13,0.9551948498785376,1.2365661839792905,1.3492176831533005,DE-Soprano-1;DE-Tenor-1;EN-Alto-2;EN-Tenor-1;ES-Bass-1;ES-Soprano-1;IT-Bass-2;JA-Tenor-1;KO-Soprano-2;RU-Alto-1
GTSinger_same_text_control_fixed_frames,wavlm_l12,12,17,0.9392110018991798,1.110503710434803,1.2624810113151406,EN-Alto-2;EN-Tenor-1;ES-Bass-1;ES-Soprano-1;FR-Tenor-1;IT-Bass-1;JA-Soprano-1;KO-Soprano-1;KO-Tenor-1;RU-Alto-1
GTSinger_same_text_control_fixed_frames,wavlm_l12,12,19,0.9414454267948842,1.172501568586294,1.3182919687691,DE-Tenor-1;EN-Alto-1;EN-Tenor-1;ES-Bass-1;FR-Tenor-1;IT-Bass-1;JA-Soprano-1;KO-Soprano-1;KO-Tenor-1;ZH-Alto-1
GTSinger_same_text_control_fixed_frames,wavlm_l12,12,23,0.9560741043487588,1.2615979787854068,1.3848413252126865,DE-Tenor-1;EN-Alto-2;ES-Bass-1;FR-Soprano-1;IT-Soprano-1;JA-Soprano-1;JA-Tenor-1;KO-Soprano-1;ZH-Alto-1;ZH-Tenor-1
GTSinger_same_text_control_fixed_frames,wavlm_l12,12,29,0.937855618225461,1.210633796665483,1.3287380647159839,DE-Soprano-1;DE-Tenor-1;EN-Alto-2;EN-Tenor-1;ES-Bass-1;FR-Soprano-1;FR-Tenor-1;IT-Soprano-1;KO-Soprano-1;KO-Tenor-1
GTSinger_same_text_control_fixed_frames,wavlm_l12,12,31,0.9544332512560781,1.0674075821364382,1.202701540279063,DE-Soprano-1;EN-Alto-1;EN-Tenor-1;ES-Soprano-1;FR-Soprano-1;IT-Soprano-1;KO-Soprano-2;KO-Tenor-1;RU-Alto-1;ZH-Tenor-1
GTSinger_same_text_control_fixed_frames,wavlm_l12,12,37,0.9386769868343805,1.1581542108224756,1.300645666128674,DE-Soprano-1;DE-Tenor-1;EN-Alto-2;FR-Soprano-1;FR-Tenor-1;IT-Bass-2;KO-Soprano-1;KO-Tenor-1;RU-Alto-1;ZH-Alto-1
GTSinger_same_text_control_fixed_frames,wavlm_l12,12,41,0.9465276477692888,1.161426420550988,1.2728548352524347,DE-Soprano-1;DE-Tenor-1;EN-Alto-1;ES-Bass-1;FR-Tenor-1;IT-Bass-1;IT-Soprano-1;JA-Soprano-1;KO-Soprano-2;ZH-Tenor-1
GTSinger_same_text_control_fixed_frames,wavlm_l12,12,43,0.9454525666443222,1.228182809563148,1.3462669681517478,EN-Alto-1;ES-Soprano-1;FR-Soprano-1;FR-Tenor-1;IT-Bass-2;JA-Soprano-1;JA-Tenor-1;RU-Alto-1;ZH-Alto-1;ZH-Tenor-1
GTSinger_same_text_control_fixed_frames,wavlm_l12,12,47,0.949419760286032,1.1369192165015163,1.2084665226032456,DE-Soprano-1;EN-Alto-1;EN-Alto-2;ES-Bass-1;ES-Soprano-1;FR-Tenor-1;JA-Soprano-1;RU-Alto-1;ZH-Alto-1;ZH-Tenor-1
GTSinger_same_text_control_fixed_frames,wavlm_l12,12,53,0.9450263444702859,1.1565987536314015,1.3247091627499725,DE-Soprano-1;EN-Alto-2;EN-Tenor-1;FR-Soprano-1;IT-Bass-1;IT-Bass-2;JA-Soprano-1;KO-Soprano-2;KO-Tenor-1;ZH-Tenor-1
GTSinger_same_text_control_fixed_frames,wavlm_l12,12,59,0.9453014896183064,1.113497834090651,1.2776278424383012,EN-Alto-1;EN-Tenor-1;ES-Bass-1;ES-Soprano-1;IT-Bass-1;IT-Bass-2;IT-Soprano-1;JA-Soprano-1;KO-Tenor-1;ZH-Tenor-1
GTSinger_same_text_control_fixed_frames,wavlm_l12,12,61,0.9450360954720103,1.09116866978962,1.2332711417165894,EN-Alto-1;EN-Alto-2;FR-Soprano-1;IT-Bass-1;IT-Bass-2;IT-Soprano-1;JA-Soprano-1;RU-Alto-1;ZH-Alto-1;ZH-Tenor-1
GTSinger_same_text_control_fixed_frames,wavlm_l12,12,67,0.9519762925416206,1.22704845919554,1.3383152290851306,EN-Alto-1;EN-Alto-2;ES-Bass-1;ES-Soprano-1;FR-Soprano-1;IT-Bass-2;JA-Soprano-1;JA-Tenor-1;ZH-Alto-1;ZH-Tenor-1
GTSinger_same_text_control_fixed_frames,wavlm_l12,12,71,0.9359968066297674,1.1601043086033411,1.3006291556105742,DE-Tenor-1;EN-Alto-1;ES-Bass-1;FR-Soprano-1;FR-Tenor-1;IT-Bass-1;IT-Bass-2;JA-Soprano-1;KO-Soprano-2;ZH-Tenor-1
GTSinger_same_text_control_fixed_frames,wavlm_l12,12,73,0.950431133043041,1.0585769737027233,1.1860437502164476,DE-Soprano-1;EN-Alto-1;EN-Tenor-1;ES-Bass-1;FR-Soprano-1;KO-Soprano-1;KO-Soprano-2;KO-Tenor-1;RU-Alto-1;ZH-Alto-1
GTSinger_same_text_control_fixed_frames,wavlm_l12,12,79,0.9507760781365052,1.3098481374770603,1.4285301236286436,DE-Soprano-1;DE-Tenor-1;EN-Tenor-1;FR-Soprano-1;FR-Tenor-1;IT-Soprano-1;JA-Tenor-1;KO-Soprano-1;KO-Soprano-2;ZH-Tenor-1
GTSinger_same_text_control_fixed_frames,wavlm_l12,12,83,0.9289582655265974,1.2676772525561375,1.4088896380774973,DE-Tenor-1;EN-Alto-1;EN-Tenor-1;ES-Soprano-1;FR-Soprano-1;FR-Tenor-1;IT-Bass-1;IT-Bass-2;JA-Tenor-1;KO-Soprano-1
GTSinger_same_text_control_fixed_frames,wavlm_l12,12,89,0.9531735812559435,1.2260492472527948,1.3975537129391105,EN-Alto-2;EN-Tenor-1;FR-Soprano-1;IT-Bass-1;JA-Soprano-1;JA-Tenor-1;KO-Soprano-1;KO-Tenor-1;ZH-Alto-1;ZH-Tenor-1
GTSinger_same_text_control_fixed_frames,wavlm_l12,12,97,0.9401096488090234,1.1069346976760428,1.2537604244686413,EN-Alto-1;EN-Alto-2;ES-Bass-1;FR-Soprano-1;IT-Bass-2;IT-Soprano-1;JA-Soprano-1;KO-Soprano-1;KO-Soprano-2;KO-Tenor-1
GTSinger_same_text_control_fixed_frames,wavlm_l12,12,101,0.9418063530440794,1.1894437345140885,1.3209842259907718,DE-Soprano-1;DE-Tenor-1;EN-Alto-1;EN-Alto-2;FR-Soprano-1;IT-Bass-1;IT-Soprano-1;JA-Soprano-1;JA-Tenor-1;RU-Alto-1
GTSinger_same_text_control_fixed_frames,wavlm_l12,12,103,0.9480395691409538,1.3400236190386552,1.450005612665981,DE-Soprano-1;EN-Alto-2;EN-Tenor-1;FR-Tenor-1;IT-Bass-1;IT-Bass-2;JA-Soprano-1;JA-Tenor-1;ZH-Alto-1;ZH-Tenor-1
GTSinger_same_text_control_fixed_frames,wavlm_l12,12,107,0.9442786104418982,1.063525336056086,1.2116261886001285,EN-Alto-1;EN-Tenor-1;ES-Soprano-1;FR-Soprano-1;IT-Bass-1;IT-Bass-2;IT-Soprano-1;KO-Soprano-2;RU-Alto-1;ZH-Tenor-1
GTSinger_same_text_control_fixed_frames,wavlm_l12,12,109,0.952019009120982,1.208738286488511,1.3660814852280356,DE-Soprano-1;DE-Tenor-1;EN-Alto-2;EN-Tenor-1;IT-Bass-1;IT-Bass-2;IT-Soprano-1;JA-Soprano-1;KO-Soprano-1;ZH-Tenor-1
GTSinger_same_text_control_fixed_frames,wavlm_l12,12,113,0.9551859584242005,1.1402499198738016,1.2877110018636624,DE-Soprano-1;DE-Tenor-1;EN-Alto-2;ES-Soprano-1;FR-Soprano-1;IT-Bass-2;JA-Soprano-1;KO-Soprano-2;RU-Alto-1;ZH-Tenor-1
GTSinger_same_text_control_fixed_frames,wavlm_l12,12,127,0.9514151360610112,1.213022843629244,1.3094408238274502,DE-Tenor-1;EN-Alto-2;EN-Tenor-1;ES-Bass-1;ES-Soprano-1;FR-Soprano-1;FR-Tenor-1;KO-Soprano-2;ZH-Alto-1;ZH-Tenor-1
GTSinger_same_text_control_fixed_frames,wavlm_l12,12,131,0.9502909926839497,1.0736517314216374,1.1922302584442095,DE-Soprano-1;EN-Alto-1;EN-Alto-2;EN-Tenor-1;FR-Soprano-1;IT-Bass-1;IT-Soprano-1;KO-Soprano-2;RU-Alto-1;ZH-Tenor-1
GTSinger_same_text_control_fixed_frames,wavlm_l12,12,137,0.9502173498185474,1.1496137518960998,1.3186440994774637,DE-Tenor-1;EN-Alto-2;EN-Tenor-1;FR-Soprano-1;IT-Bass-1;IT-Bass-2;JA-Soprano-1;KO-Soprano-2;RU-Alto-1;ZH-Tenor-1
GTSinger_same_text_control_fixed_frames,wavlm_l12,12,139,0.9409976767985349,1.112484478834086,1.2283286075845505,DE-Soprano-1;DE-Tenor-1;EN-Alto-2;ES-Bass-1;FR-Tenor-1;IT-Bass-1;IT-Soprano-1;KO-Soprano-1;KO-Soprano-2;RU-Alto-1
GTSinger_same_text_control_fixed_frames,wavlm_l12,12,149,0.9520697602156343,1.14607101863186,1.3121919624208025,DE-Soprano-1;DE-Tenor-1;EN-Tenor-1;ES-Bass-1;FR-Soprano-1;IT-Bass-2;KO-Soprano-1;KO-Soprano-2;KO-Tenor-1;ZH-Tenor-1
GTSinger_same_text_control_fixed_frames,wavlm_l12,12,151,0.9484617669212966,1.1075299641327707,1.2406847415090583,DE-Tenor-1;EN-Alto-1;EN-Alto-2;ES-Soprano-1;FR-Tenor-1;IT-Soprano-1;KO-Soprano-1;KO-Tenor-1;RU-Alto-1;ZH-Alto-1
GTSinger_same_text_control_fixed_frames,wavlm_l12,12,157,0.9613246863849678,1.1989157934130956,1.3111931972566406,DE-Soprano-1;DE-Tenor-1;EN-Alto-1;EN-Alto-2;EN-Tenor-1;ES-Bass-1;JA-Soprano-1;KO-Tenor-1;ZH-Alto-1;ZH-Tenor-1
GTSinger_same_text_control_fixed_frames,wavlm_l12,12,163,0.9357089146554255,1.2254945238539616,1.348363509720146,EN-Alto-1;ES-Bass-1;ES-Soprano-1;FR-Tenor-1;IT-Bass-1;IT-Bass-2;JA-Soprano-1;JA-Tenor-1;KO-Soprano-1;ZH-Alto-1
GTSinger_same_text_control_fixed_frames,wavlm_l12,12,167,0.9609917283617474,1.1746089272157614,1.296926021390073,DE-Tenor-1;EN-Alto-2;EN-Tenor-1;ES-Soprano-1;IT-Bass-2;IT-Soprano-1;KO-Soprano-2;RU-Alto-1;ZH-Alto-1;ZH-Tenor-1
GTSinger_same_text_control_fixed_frames,wavlm_l12,12,173,0.9278640783881538,1.254934575756212,1.3730912554705552,DE-Soprano-1;DE-Tenor-1;EN-Alto-1;EN-Alto-2;ES-Soprano-1;FR-Soprano-1;FR-Tenor-1;IT-Bass-1;IT-Bass-2;JA-Tenor-1
GTSinger_same_text_control_fixed_frames,wavlm_l12,12,179,0.9563078067310491,1.2051291497438175,1.3604963307626043,DE-Soprano-1;EN-Alto-1;EN-Alto-2;EN-Tenor-1;IT-Bass-1;JA-Soprano-1;JA-Tenor-1;KO-Soprano-1;KO-Tenor-1;ZH-Tenor-1
GTSinger_same_text_control_fixed_frames,wavlm_l12,12,181,0.943705799013797,1.2321219527050753,1.3393581074940644,DE-Soprano-1;EN-Alto-1;ES-Bass-1;FR-Soprano-1;IT-Bass-2;IT-Soprano-1;JA-Soprano-1;JA-Tenor-1;KO-Soprano-1;ZH-Alto-1
GTSinger_same_text_control_fixed_frames,wavlm_l12,12,191,0.9444367077608035,1.206977110860778,1.3379306852400255,DE-Tenor-1;EN-Tenor-1;ES-Bass-1;ES-Soprano-1;FR-Soprano-1;FR-Tenor-1;IT-Bass-1;JA-Soprano-1;ZH-Alto-1;ZH-Tenor-1
GTSinger_same_text_control_fixed_frames,wavlm_l12,12,193,0.95359920016042,1.1582126400057908,1.2629193664167568,EN-Alto-1;EN-Tenor-1;ES-Bass-1;ES-Soprano-1;FR-Soprano-1;IT-Soprano-1;JA-Tenor-1;KO-Soprano-2;RU-Alto-1;ZH-Tenor-1
GTSinger_same_text_control_fixed_frames,wavlm_l12,12,197,0.9501500772841984,1.048309199237852,1.2116795974107415,DE-Soprano-1;DE-Tenor-1;EN-Alto-1;ES-Bass-1;ES-Soprano-1;FR-Soprano-1;IT-Bass-2;KO-Tenor-1;RU-Alto-1;ZH-Tenor-1
GTSinger_same_text_control_fixed_frames,wavlm_l12,12,199,0.9487559887128514,1.1007780223027686,1.219667665512002,DE-Soprano-1;EN-Alto-2;EN-Tenor-1;ES-Bass-1;ES-Soprano-1;FR-Tenor-1;IT-Bass-1;KO-Soprano-1;RU-Alto-1;ZH-Tenor-1
GTSinger_same_text_control_fixed_frames,wavlm_l12,12,211,0.9505263717347783,1.1272926319521988,1.2370931456168752,DE-Soprano-1;EN-Alto-1;EN-Alto-2;ES-Bass-1;FR-Soprano-1;JA-Tenor-1;KO-Soprano-2;KO-Tenor-1;RU-Alto-1;ZH-Alto-1
GTSinger_same_text_control_fixed_frames,wavlm_l12,12,223,0.9547053007040889,1.2682586482814755,1.3871004591930132,DE-Soprano-1;EN-Alto-2;EN-Tenor-1;ES-Soprano-1;IT-Bass-2;IT-Soprano-1;JA-Tenor-1;KO-Soprano-2;KO-Tenor-1;ZH-Alto-1
GTSinger_same_text_control_fixed_frames,wavlm_l12,12,227,0.9331726629483423,1.2267775738218376,1.360832613886615,DE-Soprano-1;EN-Tenor-1;ES-Bass-1;FR-Soprano-1;FR-Tenor-1;IT-Bass-1;JA-Tenor-1;KO-Soprano-1;KO-Soprano-2;KO-Tenor-1
GTSinger_same_text_control_fixed_frames,wavlm_l12,12,229,0.9337758334845541,1.0719922705309168,1.2433623842374235,DE-Tenor-1;ES-Bass-1;ES-Soprano-1;FR-Soprano-1;IT-Bass-1;IT-Bass-2;IT-Soprano-1;KO-Tenor-1;RU-Alto-1;ZH-Alto-1
GTSinger_same_text_control_fixed_frames,wavlm_l12,12,233,0.9389396805702862,1.1901743147909312,1.3215925369321795,DE-Soprano-1;DE-Tenor-1;EN-Alto-1;EN-Tenor-1;FR-Soprano-1;FR-Tenor-1;IT-Bass-1;IT-Bass-2;KO-Soprano-2;ZH-Tenor-1
GTSinger_same_text_control_fixed_frames,wavlm_l12,12,239,0.9385936418980195,1.2063737080398595,1.3587811124114915,DE-Tenor-1;EN-Tenor-1;FR-Soprano-1;FR-Tenor-1;IT-Bass-1;IT-Bass-2;IT-Soprano-1;KO-Soprano-1;KO-Soprano-2;ZH-Tenor-1
GTSinger_same_text_control_fixed_frames,wavlm_l12,12,241,0.9373108330984277,1.216070496216554,1.3531872853438722,DE-Soprano-1;EN-Alto-1;FR-Tenor-1;IT-Bass-1;IT-Soprano-1;JA-Soprano-1;JA-Tenor-1;KO-Soprano-1;KO-Soprano-2;KO-Tenor-1
GTSinger_same_text_control_fixed_frames,wavlm_l12,12,251,0.9513881687557887,1.2696823110858586,1.396702499323529,DE-Soprano-1;EN-Tenor-1;FR-Tenor-1;IT-Bass-1;IT-Soprano-1;JA-Tenor-1;KO-Soprano-2;KO-Tenor-1;ZH-Alto-1;ZH-Tenor-1
GTSinger_same_text_control_fixed_frames,wavlm_l12,12,257,0.9466226601598665,1.1805746013235894,1.2945770257494444,DE-Soprano-1;EN-Alto-2;ES-Bass-1;FR-Soprano-1;FR-Tenor-1;JA-Tenor-1;KO-Soprano-2;KO-Tenor-1;RU-Alto-1;ZH-Tenor-1
GTSinger_same_text_control_fixed_frames,mert_l3,3,13,0.9427101948447052,1.9739272572820152,2.155631531995858,DE-Soprano-1;DE-Tenor-1;EN-Alto-2;EN-Tenor-1;ES-Bass-1;ES-Soprano-1;IT-Bass-2;JA-Tenor-1;KO-Soprano-2;RU-Alto-1
GTSinger_same_text_control_fixed_frames,mert_l3,3,17,0.9139444200984697,1.72449766524003,1.898232560740117,EN-Alto-2;EN-Tenor-1;ES-Bass-1;ES-Soprano-1;FR-Tenor-1;IT-Bass-1;JA-Soprano-1;KO-Soprano-1;KO-Tenor-1;RU-Alto-1
GTSinger_same_text_control_fixed_frames,mert_l3,3,19,0.9206691554454504,1.770239482095466,1.938854216031449,DE-Tenor-1;EN-Alto-1;EN-Tenor-1;ES-Bass-1;FR-Tenor-1;IT-Bass-1;JA-Soprano-1;KO-Soprano-1;KO-Tenor-1;ZH-Alto-1
GTSinger_same_text_control_fixed_frames,mert_l3,3,23,0.9406809488052622,1.9644457569062947,2.0735650028619665,DE-Tenor-1;EN-Alto-2;ES-Bass-1;FR-Soprano-1;IT-Soprano-1;JA-Soprano-1;JA-Tenor-1;KO-Soprano-1;ZH-Alto-1;ZH-Tenor-1
GTSinger_same_text_control_fixed_frames,mert_l3,3,29,0.9205513132169405,1.84709093621725,2.0187398031835646,DE-Soprano-1;DE-Tenor-1;EN-Alto-2;EN-Tenor-1;ES-Bass-1;FR-Soprano-1;FR-Tenor-1;IT-Soprano-1;KO-Soprano-1;KO-Tenor-1
GTSinger_same_text_control_fixed_frames,mert_l3,3,31,0.9409057285839502,1.7252018115926693,1.8970192846806377,DE-Soprano-1;EN-Alto-1;EN-Tenor-1;ES-Soprano-1;FR-Soprano-1;IT-Soprano-1;KO-Soprano-2;KO-Tenor-1;RU-Alto-1;ZH-Tenor-1
GTSinger_same_text_control_fixed_frames,mert_l3,3,37,0.9182511981656155,1.704184575832684,1.8831689549945645,DE-Soprano-1;DE-Tenor-1;EN-Alto-2;FR-Soprano-1;FR-Tenor-1;IT-Bass-2;KO-Soprano-1;KO-Tenor-1;RU-Alto-1;ZH-Alto-1
GTSinger_same_text_control_fixed_frames,mert_l3,3,41,0.9254362156806238,1.6525118321103418,1.806656586911582,DE-Soprano-1;DE-Tenor-1;EN-Alto-1;ES-Bass-1;FR-Tenor-1;IT-Bass-1;IT-Soprano-1;JA-Soprano-1;KO-Soprano-2;ZH-Tenor-1
GTSinger_same_text_control_fixed_frames,mert_l3,3,43,0.9315757620865809,1.8567038351649718,1.9598298726284726,EN-Alto-1;ES-Soprano-1;FR-Soprano-1;FR-Tenor-1;IT-Bass-2;JA-Soprano-1;JA-Tenor-1;RU-Alto-1;ZH-Alto-1;ZH-Tenor-1
GTSinger_same_text_control_fixed_frames,mert_l3,3,47,0.9389021136053352,1.7769918311173785,1.8507506486136156,DE-Soprano-1;EN-Alto-1;EN-Alto-2;ES-Bass-1;ES-Soprano-1;FR-Tenor-1;JA-Soprano-1;RU-Alto-1;ZH-Alto-1;ZH-Tenor-1
GTSinger_same_text_control_fixed_frames,mert_l3,3,53,0.9189731804997522,1.778206067789564,1.9767718645600374,DE-Soprano-1;EN-Alto-2;EN-Tenor-1;FR-Soprano-1;IT-Bass-1;IT-Bass-2;JA-Soprano-1;KO-Soprano-2;KO-Tenor-1;ZH-Tenor-1
GTSinger_same_text_control_fixed_frames,mert_l3,3,59,0.9256865127892561,1.730197859796164,1.9347277279677388,EN-Alto-1;EN-Tenor-1;ES-Bass-1;ES-Soprano-1;IT-Bass-1;IT-Bass-2;IT-Soprano-1;JA-Soprano-1;KO-Tenor-1;ZH-Tenor-1
GTSinger_same_text_control_fixed_frames,mert_l3,3,61,0.9139627470797898,1.6063540959585028,1.7238107097283837,EN-Alto-1;EN-Alto-2;FR-Soprano-1;IT-Bass-1;IT-Bass-2;IT-Soprano-1;JA-Soprano-1;RU-Alto-1;ZH-Alto-1;ZH-Tenor-1
GTSinger_same_text_control_fixed_frames,mert_l3,3,67,0.9360695832737512,1.9200984429872028,2.03103936386462,EN-Alto-1;EN-Alto-2;ES-Bass-1;ES-Soprano-1;FR-Soprano-1;IT-Bass-2;JA-Soprano-1;JA-Tenor-1;ZH-Alto-1;ZH-Tenor-1
GTSinger_same_text_control_fixed_frames,mert_l3,3,71,0.9114421675238862,1.6498270209953854,1.8349574735540368,DE-Tenor-1;EN-Alto-1;ES-Bass-1;FR-Soprano-1;FR-Tenor-1;IT-Bass-1;IT-Bass-2;JA-Soprano-1;KO-Soprano-2;ZH-Tenor-1
GTSinger_same_text_control_fixed_frames,mert_l3,3,73,0.9332391244237329,1.7515216158341333,1.8908593614338078,DE-Soprano-1;EN-Alto-1;EN-Tenor-1;ES-Bass-1;FR-Soprano-1;KO-Soprano-1;KO-Soprano-2;KO-Tenor-1;RU-Alto-1;ZH-Alto-1
GTSinger_same_text_control_fixed_frames,mert_l3,3,79,0.945292402411748,2.0389530062682524,2.1750813359595234,DE-Soprano-1;DE-Tenor-1;EN-Tenor-1;FR-Soprano-1;FR-Tenor-1;IT-Soprano-1;JA-Tenor-1;KO-Soprano-1;KO-Soprano-2;ZH-Tenor-1
GTSinger_same_text_control_fixed_frames,mert_l3,3,83,0.9091099881306328,1.88713896532071,2.03755835289999,DE-Tenor-1;EN-Alto-1;EN-Tenor-1;ES-Soprano-1;FR-Soprano-1;FR-Tenor-1;IT-Bass-1;IT-Bass-2;JA-Tenor-1;KO-Soprano-1
GTSinger_same_text_control_fixed_frames,mert_l3,3,89,0.9349124522396774,2.000475729958713,2.1210454754001513,EN-Alto-2;EN-Tenor-1;FR-Soprano-1;IT-Bass-1;JA-Soprano-1;JA-Tenor-1;KO-Soprano-1;KO-Tenor-1;ZH-Alto-1;ZH-Tenor-1
GTSinger_same_text_control_fixed_frames,mert_l3,3,97,0.9045008974646995,1.6246080041881732,1.812797542785064,EN-Alto-1;EN-Alto-2;ES-Bass-1;FR-Soprano-1;IT-Bass-2;IT-Soprano-1;JA-Soprano-1;KO-Soprano-1;KO-Soprano-2;KO-Tenor-1
GTSinger_same_text_control_fixed_frames,mert_l3,3,101,0.9088523321085876,1.721397944301403,1.8610381697208807,DE-Soprano-1;DE-Tenor-1;EN-Alto-1;EN-Alto-2;FR-Soprano-1;IT-Bass-1;IT-Soprano-1;JA-Soprano-1;JA-Tenor-1;RU-Alto-1
GTSinger_same_text_control_fixed_frames,mert_l3,3,103,0.9383166843802649,2.0962233600195104,2.1921295152382325,DE-Soprano-1;EN-Alto-2;EN-Tenor-1;FR-Tenor-1;IT-Bass-1;IT-Bass-2;JA-Soprano-1;JA-Tenor-1;ZH-Alto-1;ZH-Tenor-1
GTSinger_same_text_control_fixed_frames,mert_l3,3,107,0.9254131378213647,1.6201431513431437,1.7960869053746171,EN-Alto-1;EN-Tenor-1;ES-Soprano-1;FR-Soprano-1;IT-Bass-1;IT-Bass-2;IT-Soprano-1;KO-Soprano-2;RU-Alto-1;ZH-Tenor-1
GTSinger_same_text_control_fixed_frames,mert_l3,3,109,0.9335129852465391,1.8095249183709867,2.005746765186369,DE-Soprano-1;DE-Tenor-1;EN-Alto-2;EN-Tenor-1;IT-Bass-1;IT-Bass-2;IT-Soprano-1;JA-Soprano-1;KO-Soprano-1;ZH-Tenor-1
GTSinger_same_text_control_fixed_frames,mert_l3,3,113,0.9351120412116611,1.6893487118014974,1.898563454874655,DE-Soprano-1;DE-Tenor-1;EN-Alto-2;ES-Soprano-1;FR-Soprano-1;IT-Bass-2;JA-Soprano-1;KO-Soprano-2;RU-Alto-1;ZH-Tenor-1
GTSinger_same_text_control_fixed_frames,mert_l3,3,127,0.9468198481762432,1.9089303269632096,2.064713795834374,DE-Tenor-1;EN-Alto-2;EN-Tenor-1;ES-Bass-1;ES-Soprano-1;FR-Soprano-1;FR-Tenor-1;KO-Soprano-2;ZH-Alto-1;ZH-Tenor-1
GTSinger_same_text_control_fixed_frames,mert_l3,3,131,0.9323466211063353,1.688478609808064,1.8142801314053223,DE-Soprano-1;EN-Alto-1;EN-Alto-2;EN-Tenor-1;FR-Soprano-1;IT-Bass-1;IT-Soprano-1;KO-Soprano-2;RU-Alto-1;ZH-Tenor-1
GTSinger_same_text_control_fixed_frames,mert_l3,3,137,0.9293949132637558,1.732374846682887,1.9419877754639434,DE-Tenor-1;EN-Alto-2;EN-Tenor-1;FR-Soprano-1;IT-Bass-1;IT-Bass-2;JA-Soprano-1;KO-Soprano-2;RU-Alto-1;ZH-Tenor-1
GTSinger_same_text_control_fixed_frames,mert_l3,3,139,0.9176667357124658,1.5938006662968582,1.7580015759004646,DE-Soprano-1;DE-Tenor-1;EN-Alto-2;ES-Bass-1;FR-Tenor-1;IT-Bass-1;IT-Soprano-1;KO-Soprano-1;KO-Soprano-2;RU-Alto-1
GTSinger_same_text_control_fixed_frames,mert_l3,3,149,0.938944207630963,1.8367661016764179,2.0591319056696697,DE-Soprano-1;DE-Tenor-1;EN-Tenor-1;ES-Bass-1;FR-Soprano-1;IT-Bass-2;KO-Soprano-1;KO-Soprano-2;KO-Tenor-1;ZH-Tenor-1
GTSinger_same_text_control_fixed_frames,mert_l3,3,151,0.9302484291573744,1.6441068095402838,1.8092360475076252,DE-Tenor-1;EN-Alto-1;EN-Alto-2;ES-Soprano-1;FR-Tenor-1;IT-Soprano-1;KO-Soprano-1;KO-Tenor-1;RU-Alto-1;ZH-Alto-1
GTSinger_same_text_control_fixed_frames,mert_l3,3,157,0.9467030902970651,1.930988277497684,2.070265827173742,DE-Soprano-1;DE-Tenor-1;EN-Alto-1;EN-Alto-2;EN-Tenor-1;ES-Bass-1;JA-Soprano-1;KO-Tenor-1;ZH-Alto-1;ZH-Tenor-1
GTSinger_same_text_control_fixed_frames,mert_l3,3,163,0.9161742138810646,1.7957857810314448,1.9205733290124536,EN-Alto-1;ES-Bass-1;ES-Soprano-1;FR-Tenor-1;IT-Bass-1;IT-Bass-2;JA-Soprano-1;JA-Tenor-1;KO-Soprano-1;ZH-Alto-1
GTSinger_same_text_control_fixed_frames,mert_l3,3,167,0.9530581909296614,1.8285594389480766,2.0101554331287814,DE-Tenor-1;EN-Alto-2;EN-Tenor-1;ES-Soprano-1;IT-Bass-2;IT-Soprano-1;KO-Soprano-2;RU-Alto-1;ZH-Alto-1;ZH-Tenor-1
GTSinger_same_text_control_fixed_frames,mert_l3,3,173,0.8972269199666935,1.7777031182990146,1.932137162322359,DE-Soprano-1;DE-Tenor-1;EN-Alto-1;EN-Alto-2;ES-Soprano-1;FR-Soprano-1;FR-Tenor-1;IT-Bass-1;IT-Bass-2;JA-Tenor-1
GTSinger_same_text_control_fixed_frames,mert_l3,3,179,0.9377185456649745,1.96024514456487,2.082986135076482,DE-Soprano-1;EN-Alto-1;EN-Alto-2;EN-Tenor-1;IT-Bass-1;JA-Soprano-1;JA-Tenor-1;KO-Soprano-1;KO-Tenor-1;ZH-Tenor-1
GTSinger_same_text_control_fixed_frames,mert_l3,3,181,0.9207303199862533,1.8618209501547773,1.9703912154311596,DE-Soprano-1;EN-Alto-1;ES-Bass-1;FR-Soprano-1;IT-Bass-2;IT-Soprano-1;JA-Soprano-1;JA-Tenor-1;KO-Soprano-1;ZH-Alto-1
GTSinger_same_text_control_fixed_frames,mert_l3,3,191,0.9311901158408233,1.847950939876202,2.0186542887286274,DE-Tenor-1;EN-Tenor-1;ES-Bass-1;ES-Soprano-1;FR-Soprano-1;FR-Tenor-1;IT-Bass-1;JA-Soprano-1;ZH-Alto-1;ZH-Tenor-1
GTSinger_same_text_control_fixed_frames,mert_l3,3,193,0.9486703656715716,1.9174016139784569,2.0391187981432006,EN-Alto-1;EN-Tenor-1;ES-Bass-1;ES-Soprano-1;FR-Soprano-1;IT-Soprano-1;JA-Tenor-1;KO-Soprano-2;RU-Alto-1;ZH-Tenor-1
GTSinger_same_text_control_fixed_frames,mert_l3,3,197,0.9283123418956698,1.6233175375220672,1.8433787953159055,DE-Soprano-1;DE-Tenor-1;EN-Alto-1;ES-Bass-1;ES-Soprano-1;FR-Soprano-1;IT-Bass-2;KO-Tenor-1;RU-Alto-1;ZH-Tenor-1
GTSinger_same_text_control_fixed_frames,mert_l3,3,199,0.9398639855899371,1.7774835549458246,1.9074177898672027,DE-Soprano-1;EN-Alto-2;EN-Tenor-1;ES-Bass-1;ES-Soprano-1;FR-Tenor-1;IT-Bass-1;KO-Soprano-1;RU-Alto-1;ZH-Tenor-1
GTSinger_same_text_control_fixed_frames,mert_l3,3,211,0.9322954724977185,1.8208428147215794,1.9282871890022337,DE-Soprano-1;EN-Alto-1;EN-Alto-2;ES-Bass-1;FR-Soprano-1;JA-Tenor-1;KO-Soprano-2;KO-Tenor-1;RU-Alto-1;ZH-Alto-1
GTSinger_same_text_control_fixed_frames,mert_l3,3,223,0.9412523661758655,2.0040692741382458,2.1682821130032424,DE-Soprano-1;EN-Alto-2;EN-Tenor-1;ES-Soprano-1;IT-Bass-2;IT-Soprano-1;JA-Tenor-1;KO-Soprano-2;KO-Tenor-1;ZH-Alto-1
GTSinger_same_text_control_fixed_frames,mert_l3,3,227,0.9146016776705111,1.9392284418080554,2.0634425134542043,DE-Soprano-1;EN-Tenor-1;ES-Bass-1;FR-Soprano-1;FR-Tenor-1;IT-Bass-1;JA-Tenor-1;KO-Soprano-1;KO-Soprano-2;KO-Tenor-1
GTSinger_same_text_control_fixed_frames,mert_l3,3,229,0.8990703513104366,1.5445837638548654,1.7715839974240501,DE-Tenor-1;ES-Bass-1;ES-Soprano-1;FR-Soprano-1;IT-Bass-1;IT-Bass-2;IT-Soprano-1;KO-Tenor-1;RU-Alto-1;ZH-Alto-1
GTSinger_same_text_control_fixed_frames,mert_l3,3,233,0.9222231993965727,1.758778986750452,1.937869021775078,DE-Soprano-1;DE-Tenor-1;EN-Alto-1;EN-Tenor-1;FR-Soprano-1;FR-Tenor-1;IT-Bass-1;IT-Bass-2;KO-Soprano-2;ZH-Tenor-1
GTSinger_same_text_control_fixed_frames,mert_l3,3,239,0.9248340019617283,1.7532710780166636,1.9435975763359883,DE-Tenor-1;EN-Tenor-1;FR-Soprano-1;FR-Tenor-1;IT-Bass-1;IT-Bass-2;IT-Soprano-1;KO-Soprano-1;KO-Soprano-2;ZH-Tenor-1
GTSinger_same_text_control_fixed_frames,mert_l3,3,241,0.9096542758368513,1.7590619572324167,1.8892221929630917,DE-Soprano-1;EN-Alto-1;FR-Tenor-1;IT-Bass-1;IT-Soprano-1;JA-Soprano-1;JA-Tenor-1;KO-Soprano-1;KO-Soprano-2;KO-Tenor-1
GTSinger_same_text_control_fixed_frames,mert_l3,3,251,0.9414971818065926,2.0165673840721547,2.1298606052833096,DE-Soprano-1;EN-Tenor-1;FR-Tenor-1;IT-Bass-1;IT-Soprano-1;JA-Tenor-1;KO-Soprano-2;KO-Tenor-1;ZH-Alto-1;ZH-Tenor-1
GTSinger_same_text_control_fixed_frames,mert_l3,3,257,0.9388141446992015,1.889320644498636,2.008869866494024,DE-Soprano-1;EN-Alto-2;ES-Bass-1;FR-Soprano-1;FR-Tenor-1;JA-Tenor-1;KO-Soprano-2;KO-Tenor-1;RU-Alto-1;ZH-Tenor-1
GTSinger_same_text_control_fixed_frames,hubert_l6,6,13,0.9204191028212522,1.8041440346470028,1.9886774357512613,DE-Soprano-1;DE-Tenor-1;EN-Alto-2;EN-Tenor-1;ES-Bass-1;ES-Soprano-1;IT-Bass-2;JA-Tenor-1;KO-Soprano-2;RU-Alto-1
GTSinger_same_text_control_fixed_frames,hubert_l6,6,17,0.9002696785882133,1.6173440178139777,1.8422461140345276,EN-Alto-2;EN-Tenor-1;ES-Bass-1;ES-Soprano-1;FR-Tenor-1;IT-Bass-1;JA-Soprano-1;KO-Soprano-1;KO-Tenor-1;RU-Alto-1
GTSinger_same_text_control_fixed_frames,hubert_l6,6,19,0.9039294488350642,1.7224152473450787,1.9402506309832974,DE-Tenor-1;EN-Alto-1;EN-Tenor-1;ES-Bass-1;FR-Tenor-1;IT-Bass-1;JA-Soprano-1;KO-Soprano-1;KO-Tenor-1;ZH-Alto-1
GTSinger_same_text_control_fixed_frames,hubert_l6,6,23,0.9251352134150613,1.7930878022787065,2.0289558797212024,DE-Tenor-1;EN-Alto-2;ES-Bass-1;FR-Soprano-1;IT-Soprano-1;JA-Soprano-1;JA-Tenor-1;KO-Soprano-1;ZH-Alto-1;ZH-Tenor-1
GTSinger_same_text_control_fixed_frames,hubert_l6,6,29,0.9055986260562019,1.7511028264309176,1.9334253037163294,DE-Soprano-1;DE-Tenor-1;EN-Alto-2;EN-Tenor-1;ES-Bass-1;FR-Soprano-1;FR-Tenor-1;IT-Soprano-1;KO-Soprano-1;KO-Tenor-1
GTSinger_same_text_control_fixed_frames,hubert_l6,6,31,0.9255730562390602,1.605694210551268,1.8536416483800713,DE-Soprano-1;EN-Alto-1;EN-Tenor-1;ES-Soprano-1;FR-Soprano-1;IT-Soprano-1;KO-Soprano-2;KO-Tenor-1;RU-Alto-1;ZH-Tenor-1
GTSinger_same_text_control_fixed_frames,hubert_l6,6,37,0.9089674254176017,1.6860386346532463,1.9276767103542163,DE-Soprano-1;DE-Tenor-1;EN-Alto-2;FR-Soprano-1;FR-Tenor-1;IT-Bass-2;KO-Soprano-1;KO-Tenor-1;RU-Alto-1;ZH-Alto-1
GTSinger_same_text_control_fixed_frames,hubert_l6,6,41,0.9130786987783976,1.6752551276281076,1.8656656002576308,DE-Soprano-1;DE-Tenor-1;EN-Alto-1;ES-Bass-1;FR-Tenor-1;IT-Bass-1;IT-Soprano-1;JA-Soprano-1;KO-Soprano-2;ZH-Tenor-1
GTSinger_same_text_control_fixed_frames,hubert_l6,6,43,0.919033596446837,1.7829540737280214,2.0093600678622057,EN-Alto-1;ES-Soprano-1;FR-Soprano-1;FR-Tenor-1;IT-Bass-2;JA-Soprano-1;JA-Tenor-1;RU-Alto-1;ZH-Alto-1;ZH-Tenor-1
GTSinger_same_text_control_fixed_frames,hubert_l6,6,47,0.9222658687019705,1.693968964230093,1.8510490524857752,DE-Soprano-1;EN-Alto-1;EN-Alto-2;ES-Bass-1;ES-Soprano-1;FR-Tenor-1;JA-Soprano-1;RU-Alto-1;ZH-Alto-1;ZH-Tenor-1
GTSinger_same_text_control_fixed_frames,hubert_l6,6,53,0.9103094506502729,1.6794439384144324,1.9483700227615028,DE-Soprano-1;EN-Alto-2;EN-Tenor-1;FR-Soprano-1;IT-Bass-1;IT-Bass-2;JA-Soprano-1;KO-Soprano-2;KO-Tenor-1;ZH-Tenor-1
GTSinger_same_text_control_fixed_frames,hubert_l6,6,59,0.9048707726605688,1.6061266104486887,1.8638430931929781,EN-Alto-1;EN-Tenor-1;ES-Bass-1;ES-Soprano-1;IT-Bass-1;IT-Bass-2;IT-Soprano-1;JA-Soprano-1;KO-Tenor-1;ZH-Tenor-1
GTSinger_same_text_control_fixed_frames,hubert_l6,6,61,0.9189095394415154,1.5950468811743972,1.852549362848343,EN-Alto-1;EN-Alto-2;FR-Soprano-1;IT-Bass-1;IT-Bass-2;IT-Soprano-1;JA-Soprano-1;RU-Alto-1;ZH-Alto-1;ZH-Tenor-1
GTSinger_same_text_control_fixed_frames,hubert_l6,6,67,0.9227072587137234,1.7699966552434716,1.9830877100345825,EN-Alto-1;EN-Alto-2;ES-Bass-1;ES-Soprano-1;FR-Soprano-1;IT-Bass-2;JA-Soprano-1;JA-Tenor-1;ZH-Alto-1;ZH-Tenor-1
GTSinger_same_text_control_fixed_frames,hubert_l6,6,71,0.9017247815091228,1.648853591114145,1.8763248950066316,DE-Tenor-1;EN-Alto-1;ES-Bass-1;FR-Soprano-1;FR-Tenor-1;IT-Bass-1;IT-Bass-2;JA-Soprano-1;KO-Soprano-2;ZH-Tenor-1
GTSinger_same_text_control_fixed_frames,hubert_l6,6,73,0.9187445147822589,1.616516656443384,1.841976182696288,DE-Soprano-1;EN-Alto-1;EN-Tenor-1;ES-Bass-1;FR-Soprano-1;KO-Soprano-1;KO-Soprano-2;KO-Tenor-1;RU-Alto-1;ZH-Alto-1
GTSinger_same_text_control_fixed_frames,hubert_l6,6,79,0.92334647437448,1.8908744111755909,2.10375357063136,DE-Soprano-1;DE-Tenor-1;EN-Tenor-1;FR-Soprano-1;FR-Tenor-1;IT-Soprano-1;JA-Tenor-1;KO-Soprano-1;KO-Soprano-2;ZH-Tenor-1
GTSinger_same_text_control_fixed_frames,hubert_l6,6,83,0.8984022884502765,1.8361806429972534,2.0451143176423074,DE-Tenor-1;EN-Alto-1;EN-Tenor-1;ES-Soprano-1;FR-Soprano-1;FR-Tenor-1;IT-Bass-1;IT-Bass-2;JA-Tenor-1;KO-Soprano-1
GTSinger_same_text_control_fixed_frames,hubert_l6,6,89,0.9201480270217546,1.788968840840708,2.0800900683689783,EN-Alto-2;EN-Tenor-1;FR-Soprano-1;IT-Bass-1;JA-Soprano-1;JA-Tenor-1;KO-Soprano-1;KO-Tenor-1;ZH-Alto-1;ZH-Tenor-1
GTSinger_same_text_control_fixed_frames,hubert_l6,6,97,0.9026568482658973,1.552352996564444,1.7988146357369164,EN-Alto-1;EN-Alto-2;ES-Bass-1;FR-Soprano-1;IT-Bass-2;IT-Soprano-1;JA-Soprano-1;KO-Soprano-1;KO-Soprano-2;KO-Tenor-1
GTSinger_same_text_control_fixed_frames,hubert_l6,6,101,0.9100573645127388,1.730023282561835,1.9426488678345155,DE-Soprano-1;DE-Tenor-1;EN-Alto-1;EN-Alto-2;FR-Soprano-1;IT-Bass-1;IT-Soprano-1;JA-Soprano-1;JA-Tenor-1;RU-Alto-1
GTSinger_same_text_control_fixed_frames,hubert_l6,6,103,0.9201046063654931,1.949105799630331,2.1436490820758793,DE-Soprano-1;EN-Alto-2;EN-Tenor-1;FR-Tenor-1;IT-Bass-1;IT-Bass-2;JA-Soprano-1;JA-Tenor-1;ZH-Alto-1;ZH-Tenor-1
GTSinger_same_text_control_fixed_frames,hubert_l6,6,107,0.9166249853328259,1.5767777867096642,1.8337167830024212,EN-Alto-1;EN-Tenor-1;ES-Soprano-1;FR-Soprano-1;IT-Bass-1;IT-Bass-2;IT-Soprano-1;KO-Soprano-2;RU-Alto-1;ZH-Tenor-1
GTSinger_same_text_control_fixed_frames,hubert_l6,6,109,0.9182687972837499,1.7264983414992094,1.975871046164139,DE-Soprano-1;DE-Tenor-1;EN-Alto-2;EN-Tenor-1;IT-Bass-1;IT-Bass-2;IT-Soprano-1;JA-Soprano-1;KO-Soprano-1;ZH-Tenor-1
GTSinger_same_text_control_fixed_frames,hubert_l6,6,113,0.923795134768133,1.6473795690452675,1.896352419958463,DE-Soprano-1;DE-Tenor-1;EN-Alto-2;ES-Soprano-1;FR-Soprano-1;IT-Bass-2;JA-Soprano-1;KO-Soprano-2;RU-Alto-1;ZH-Tenor-1
GTSinger_same_text_control_fixed_frames,hubert_l6,6,127,0.9243222895857032,1.8034874228366928,1.980874760307581,DE-Tenor-1;EN-Alto-2;EN-Tenor-1;ES-Bass-1;ES-Soprano-1;FR-Soprano-1;FR-Tenor-1;KO-Soprano-2;ZH-Alto-1;ZH-Tenor-1
GTSinger_same_text_control_fixed_frames,hubert_l6,6,131,0.9247451747583657,1.621135002971659,1.8392126421922108,DE-Soprano-1;EN-Alto-1;EN-Alto-2;EN-Tenor-1;FR-Soprano-1;IT-Bass-1;IT-Soprano-1;KO-Soprano-2;RU-Alto-1;ZH-Tenor-1
GTSinger_same_text_control_fixed_frames,hubert_l6,6,137,0.9171685297572372,1.6606711536589611,1.9337678140772454,DE-Tenor-1;EN-Alto-2;EN-Tenor-1;FR-Soprano-1;IT-Bass-1;IT-Bass-2;JA-Soprano-1;KO-Soprano-2;RU-Alto-1;ZH-Tenor-1
GTSinger_same_text_control_fixed_frames,hubert_l6,6,139,0.9084401889807192,1.6142440384201415,1.8074523496273414,DE-Soprano-1;DE-Tenor-1;EN-Alto-2;ES-Bass-1;FR-Tenor-1;IT-Bass-1;IT-Soprano-1;KO-Soprano-1;KO-Soprano-2;RU-Alto-1
GTSinger_same_text_control_fixed_frames,hubert_l6,6,149,0.9151577818255177,1.6567422860949113,1.9305552126567822,DE-Soprano-1;DE-Tenor-1;EN-Tenor-1;ES-Bass-1;FR-Soprano-1;IT-Bass-2;KO-Soprano-1;KO-Soprano-2;KO-Tenor-1;ZH-Tenor-1
GTSinger_same_text_control_fixed_frames,hubert_l6,6,151,0.9188298478821219,1.6230482532598849,1.860946019031532,DE-Tenor-1;EN-Alto-1;EN-Alto-2;ES-Soprano-1;FR-Tenor-1;IT-Soprano-1;KO-Soprano-1;KO-Tenor-1;RU-Alto-1;ZH-Alto-1
GTSinger_same_text_control_fixed_frames,hubert_l6,6,157,0.9281159843943076,1.764527864477061,1.9691540955544788,DE-Soprano-1;DE-Tenor-1;EN-Alto-1;EN-Alto-2;EN-Tenor-1;ES-Bass-1;JA-Soprano-1;KO-Tenor-1;ZH-Alto-1;ZH-Tenor-1
GTSinger_same_text_control_fixed_frames,hubert_l6,6,163,0.9016211554468525,1.7619437804574671,1.960764346071453,EN-Alto-1;ES-Bass-1;ES-Soprano-1;FR-Tenor-1;IT-Bass-1;IT-Bass-2;JA-Soprano-1;JA-Tenor-1;KO-Soprano-1;ZH-Alto-1
GTSinger_same_text_control_fixed_frames,hubert_l6,6,167,0.9348678795446731,1.7231526605486212,1.9600189607449054,DE-Tenor-1;EN-Alto-2;EN-Tenor-1;ES-Soprano-1;IT-Bass-2;IT-Soprano-1;KO-Soprano-2;RU-Alto-1;ZH-Alto-1;ZH-Tenor-1
GTSinger_same_text_control_fixed_frames,hubert_l6,6,173,0.8990217119796851,1.8183459849543877,1.9974618498051173,DE-Soprano-1;DE-Tenor-1;EN-Alto-1;EN-Alto-2;ES-Soprano-1;FR-Soprano-1;FR-Tenor-1;IT-Bass-1;IT-Bass-2;JA-Tenor-1
GTSinger_same_text_control_fixed_frames,hubert_l6,6,179,0.9206718132408022,1.7497842124892153,2.012471396781528,DE-Soprano-1;EN-Alto-1;EN-Alto-2;EN-Tenor-1;IT-Bass-1;JA-Soprano-1;JA-Tenor-1;KO-Soprano-1;KO-Tenor-1;ZH-Tenor-1
GTSinger_same_text_control_fixed_frames,hubert_l6,6,181,0.9125070022496429,1.772784237641319,1.9678241688755511,DE-Soprano-1;EN-Alto-1;ES-Bass-1;FR-Soprano-1;IT-Bass-2;IT-Soprano-1;JA-Soprano-1;JA-Tenor-1;KO-Soprano-1;ZH-Alto-1
GTSinger_same_text_control_fixed_frames,hubert_l6,6,191,0.9125800127223531,1.7897103536834196,1.9917538815694296,DE-Tenor-1;EN-Tenor-1;ES-Bass-1;ES-Soprano-1;FR-Soprano-1;FR-Tenor-1;IT-Bass-1;JA-Soprano-1;ZH-Alto-1;ZH-Tenor-1
GTSinger_same_text_control_fixed_frames,hubert_l6,6,193,0.9252363755523292,1.7090391354526613,1.920984778703183,EN-Alto-1;EN-Tenor-1;ES-Bass-1;ES-Soprano-1;FR-Soprano-1;IT-Soprano-1;JA-Tenor-1;KO-Soprano-2;RU-Alto-1;ZH-Tenor-1
GTSinger_same_text_control_fixed_frames,hubert_l6,6,197,0.9138810899045712,1.5369075378480535,1.8089799754051739,DE-Soprano-1;DE-Tenor-1;EN-Alto-1;ES-Bass-1;ES-Soprano-1;FR-Soprano-1;IT-Bass-2;KO-Tenor-1;RU-Alto-1;ZH-Tenor-1
GTSinger_same_text_control_fixed_frames,hubert_l6,6,199,0.9180594816931685,1.6411446988325795,1.8407855476336017,DE-Soprano-1;EN-Alto-2;EN-Tenor-1;ES-Bass-1;ES-Soprano-1;FR-Tenor-1;IT-Bass-1;KO-Soprano-1;RU-Alto-1;ZH-Tenor-1
GTSinger_same_text_control_fixed_frames,hubert_l6,6,211,0.9194698514037898,1.692890411212301,1.9031819617407204,DE-Soprano-1;EN-Alto-1;EN-Alto-2;ES-Bass-1;FR-Soprano-1;JA-Tenor-1;KO-Soprano-2;KO-Tenor-1;RU-Alto-1;ZH-Alto-1
GTSinger_same_text_control_fixed_frames,hubert_l6,6,223,0.9223757018575109,1.8632865712090043,2.0713088228936867,DE-Soprano-1;EN-Alto-2;EN-Tenor-1;ES-Soprano-1;IT-Bass-2;IT-Soprano-1;JA-Tenor-1;KO-Soprano-2;KO-Tenor-1;ZH-Alto-1
GTSinger_same_text_control_fixed_frames,hubert_l6,6,227,0.899214873064235,1.797532129882408,2.002238689733078,DE-Soprano-1;EN-Tenor-1;ES-Bass-1;FR-Soprano-1;FR-Tenor-1;IT-Bass-1;JA-Tenor-1;KO-Soprano-1;KO-Soprano-2;KO-Tenor-1
GTSinger_same_text_control_fixed_frames,hubert_l6,6,229,0.8943968360782469,1.574433604618105,1.8428710325829374,DE-Tenor-1;ES-Bass-1;ES-Soprano-1;FR-Soprano-1;IT-Bass-1;IT-Bass-2;IT-Soprano-1;KO-Tenor-1;RU-Alto-1;ZH-Alto-1
GTSinger_same_text_control_fixed_frames,hubert_l6,6,233,0.9109267400126599,1.7519572155432637,1.9641098084560111,DE-Soprano-1;DE-Tenor-1;EN-Alto-1;EN-Tenor-1;FR-Soprano-1;FR-Tenor-1;IT-Bass-1;IT-Bass-2;KO-Soprano-2;ZH-Tenor-1
GTSinger_same_text_control_fixed_frames,hubert_l6,6,239,0.9094217501383748,1.7240317514839714,1.9758668122291647,DE-Tenor-1;EN-Tenor-1;FR-Soprano-1;FR-Tenor-1;IT-Bass-1;IT-Bass-2;IT-Soprano-1;KO-Soprano-1;KO-Soprano-2;ZH-Tenor-1
GTSinger_same_text_control_fixed_frames,hubert_l6,6,241,0.9025636009611434,1.7419650452703208,1.9651509087482086,DE-Soprano-1;EN-Alto-1;FR-Tenor-1;IT-Bass-1;IT-Soprano-1;JA-Soprano-1;JA-Tenor-1;KO-Soprano-1;KO-Soprano-2;KO-Tenor-1
GTSinger_same_text_control_fixed_frames,hubert_l6,6,251,0.9222324615625096,1.8816840686543832,2.1086643798738764,DE-Soprano-1;EN-Tenor-1;FR-Tenor-1;IT-Bass-1;IT-Soprano-1;JA-Tenor-1;KO-Soprano-2;KO-Tenor-1;ZH-Alto-1;ZH-Tenor-1
GTSinger_same_text_control_fixed_frames,hubert_l6,6,257,0.9163857062568322,1.7157334108291626,1.9359162323210943,DE-Soprano-1;EN-Alto-2;ES-Bass-1;FR-Soprano-1;FR-Tenor-1;JA-Tenor-1;KO-Soprano-2;KO-Tenor-1;RU-Alto-1;ZH-Tenor-1
