dataset,model,speaker_id,test_split_appearances,raw_rank_mean,corrected_rank_mean,rank_improvement_mean,raw_hit1_rate,corrected_hit1_rate,retrieval_success_change_mean,alignment_cosine_mean,raw_genuine_score_mean,corrected_genuine_score_mean,raw_impostor_score_mean,corrected_impostor_score_mean
JVS_JVSMuSiC,wavlm_l12,jvs005,6,12.833333333333334,2.3333333333333335,10.5,0.0,0.0,0.0,0.9251302414329641,0.9677616907630068,0.9953225919143435,0.9694967536282002,0.9927403222920792
JVS_JVSMuSiC,wavlm_l12,jvs006,4,13.25,1.75,11.5,0.0,0.5,0.5,0.9334371476926084,0.9645408465134655,0.9950822588997442,0.966746599294259,0.9917674340975721
JVS_JVSMuSiC,wavlm_l12,jvs010,6,4.333333333333333,17.0,-12.666666666666666,0.0,0.0,0.0,0.8116141346765522,0.9747375009607012,0.990747359474069,0.969173799231923,0.9928789601574661
JVS_JVSMuSiC,wavlm_l12,jvs019,3,4.333333333333333,13.333333333333334,-9.0,0.0,0.0,0.0,0.8767469292417842,0.9752729424102077,0.9939849872031319,0.9697319172202371,0.9942416098835553
JVS_JVSMuSiC,wavlm_l12,jvs020,4,5.25,1.0,4.25,0.0,1.0,1.0,0.9365541174569768,0.9703125866765061,0.9964110257375671,0.9656158069593581,0.9924921828850954
JVS_JVSMuSiC,wavlm_l12,jvs022,1,7.0,3.0,4.0,0.0,0.0,0.0,0.9147837873070822,0.971168427918419,0.9953681721490705,0.969122066913367,0.9923993820512117
JVS_JVSMuSiC,wavlm_l12,jvs027,8,7.375,1.0,6.375,0.0,1.0,1.0,0.9477610631396179,0.9775734511449123,0.9976373728853647,0.9741122074653803,0.9933465213845057
JVS_JVSMuSiC,wavlm_l12,jvs032,6,4.0,2.6666666666666665,1.3333333333333333,0.0,0.0,0.0,0.9104145208751971,0.9721287324993674,0.9953552417303889,0.9661916693396077,0.9935489410411393
JVS_JVSMuSiC,wavlm_l12,jvs041,5,4.4,1.2,3.2,0.0,0.8,0.8,0.9251226684512117,0.9771809354883219,0.9965193309146319,0.9721723504297174,0.9941265779976269
JVS_JVSMuSiC,wavlm_l12,jvs042,7,16.857142857142858,7.428571428571429,9.428571428571429,0.0,0.0,0.0,0.8946832708361588,0.9672478935261309,0.9935116081530001,0.9724887881884706,0.9922608667207911
JVS_JVSMuSiC,wavlm_l12,jvs044,4,5.0,1.0,4.0,0.0,1.0,1.0,0.94224138294783,0.9659606858533019,0.9960237546889388,0.9615534510230226,0.9912602561852244
JVS_JVSMuSiC,wavlm_l12,jvs057,3,11.333333333333334,3.0,8.333333333333334,0.0,0.0,0.0,0.9416116174616732,0.9720913446963421,0.9968674326796592,0.9720260718354354,0.9943977890349854
JVS_JVSMuSiC,wavlm_l12,jvs058,4,6.5,1.25,5.25,0.0,0.75,0.75,0.9231662377366148,0.9744386284074498,0.9963460951691001,0.970880403327665,0.9928693102262712
JVS_JVSMuSiC,wavlm_l12,jvs061,4,13.0,1.25,11.75,0.0,0.75,0.75,0.9528301258391461,0.9691855366549573,0.9970319670241882,0.9709487839011305,0.9940100482783651
JVS_JVSMuSiC,wavlm_l12,jvs063,4,1.0,3.25,-2.25,1.0,0.0,-1.0,0.9115250299021556,0.9773164534446572,0.995969650292318,0.9677290659116868,0.9939077887807009
JVS_JVSMuSiC,wavlm_l12,jvs072,3,6.666666666666667,1.0,5.666666666666667,0.0,1.0,1.0,0.9550873118208334,0.9739581328228697,0.9977301246976049,0.9712519511851386,0.9928993170139826
JVS_JVSMuSiC,wavlm_l12,jvs076,6,1.1666666666666667,3.6666666666666665,-2.5,0.8333333333333334,0.0,-0.8333333333333334,0.903297061951772,0.9781312914562809,0.9955654732679026,0.9670598835258222,0.9934019441590326
JVS_JVSMuSiC,wavlm_l12,jvs086,6,1.1666666666666667,2.1666666666666665,-1.0,0.8333333333333334,0.16666666666666666,-0.6666666666666666,0.9047145534110452,0.9749742275126394,0.9953150899328153,0.9636406287891769,0.9918939139656967
JVS_JVSMuSiC,wavlm_l12,jvs095,7,6.285714285714286,3.857142857142857,2.4285714285714284,0.0,0.0,0.0,0.9139744868375638,0.9759429633449808,0.9959125084265354,0.972332731728965,0.993482264934265
JVS_JVSMuSiC,wavlm_l12,jvs097,5,4.8,1.0,3.8,0.0,1.0,1.0,0.9524671722872027,0.9753203067575991,0.9977457634918998,0.9704474814744879,0.9944769594858089
JVS_JVSMuSiC,wavlm_l12,jvs002,1,17.0,1.0,16.0,0.0,1.0,1.0,0.9520521602105786,0.9710814612815575,0.9972885471363448,0.974153381926972,0.9943605108914545
JVS_JVSMuSiC,wavlm_l12,jvs011,4,8.75,1.0,7.75,0.0,1.0,1.0,0.9577314499291317,0.9716650031739036,0.9976744299923072,0.9695432853679973,0.994229426375729
JVS_JVSMuSiC,wavlm_l12,jvs030,6,10.333333333333334,4.5,5.833333333333333,0.0,0.0,0.0,0.9258242559682692,0.9742511948769249,0.9963233091395797,0.9719797764563588,0.9940406921545333
JVS_JVSMuSiC,wavlm_l12,jvs040,6,7.333333333333333,1.0,6.333333333333333,0.0,1.0,1.0,0.9504991824672743,0.9762708014925919,0.9976649033486433,0.9727974314441146,0.9936958445098648
JVS_JVSMuSiC,wavlm_l12,jvs048,3,1.0,11.0,-10.0,1.0,0.0,-1.0,0.829777044873961,0.9779821029646248,0.9922771591607814,0.9674810203444183,0.9920813769337823
JVS_JVSMuSiC,wavlm_l12,jvs050,6,1.0,3.5,-2.5,1.0,0.0,-1.0,0.8549342593982194,0.9810619886893402,0.9939170158134226,0.9693666092419454,0.9912510764462491
JVS_JVSMuSiC,wavlm_l12,jvs056,6,16.5,1.1666666666666667,15.333333333333334,0.0,0.8333333333333334,0.8333333333333334,0.9582775145911965,0.9652027610766228,0.9966285959158077,0.969977789953853,0.9929165805409719
JVS_JVSMuSiC,wavlm_l12,jvs065,4,5.0,1.0,4.0,0.0,1.0,1.0,0.9438136862833154,0.9742888546275733,0.9972000343517935,0.9691044821927994,0.9933449347486804
JVS_JVSMuSiC,wavlm_l12,jvs069,5,1.8,4.4,-2.6,0.4,0.2,-0.2,0.9118141590864539,0.9808920572872525,0.9959825715685178,0.9728687840775067,0.9938459840178172
JVS_JVSMuSiC,wavlm_l12,jvs073,5,4.0,1.4,2.6,0.0,0.8,0.8,0.9324340042965099,0.9768973081379713,0.9967770941566533,0.9710768762260699,0.993415083690747
JVS_JVSMuSiC,wavlm_l12,jvs075,4,5.25,1.75,3.5,0.0,0.5,0.5,0.9459691617144645,0.9763994697526174,0.9974125505401202,0.9711716086290435,0.9942058439627639
JVS_JVSMuSiC,wavlm_l12,jvs080,3,3.3333333333333335,1.0,2.3333333333333335,0.0,1.0,1.0,0.9369205954833507,0.973714039376655,0.9968290601022055,0.9673972258622531,0.993022887703579
JVS_JVSMuSiC,wavlm_l12,jvs083,5,1.0,1.2,-0.2,1.0,0.8,-0.2,0.8754154562128237,0.9725167607607001,0.9936504014060764,0.9541487206479189,0.9850513731281618
JVS_JVSMuSiC,wavlm_l12,jvs090,6,7.666666666666667,1.3333333333333333,6.333333333333333,0.0,0.6666666666666666,0.6666666666666666,0.9383990089386026,0.9724087411469221,0.9967424119071414,0.9692177412705494,0.9931630401900259
JVS_JVSMuSiC,wavlm_l12,jvs091,3,16.666666666666668,16.0,0.6666666666666666,0.0,0.0,0.0,0.8829546661990944,0.9659853824228604,0.9925461677571326,0.9722848610452716,0.9939882545522792
JVS_JVSMuSiC,wavlm_l12,jvs003,4,7.5,19.25,-11.75,0.0,0.0,0.0,0.7617264334440892,0.9749181883537594,0.9883555198033356,0.970766045529423,0.9933185328428028
JVS_JVSMuSiC,wavlm_l12,jvs009,5,17.2,2.2,15.0,0.0,0.2,0.2,0.9273965968575473,0.9646340870118001,0.9947308061183824,0.9705515314806465,0.9919426380318923
JVS_JVSMuSiC,wavlm_l12,jvs023,4,8.0,7.0,1.0,0.0,0.0,0.0,0.9008115745481294,0.9710638569915158,0.9945969737686325,0.9677652237000464,0.9932995546979101
JVS_JVSMuSiC,wavlm_l12,jvs039,3,18.333333333333332,9.666666666666666,8.666666666666666,0.0,0.0,0.0,0.9564013652569591,0.9570022716714801,0.9945383729987726,0.9666716224267179,0.9938775064695715
JVS_JVSMuSiC,wavlm_l12,jvs046,7,11.428571428571429,4.0,7.428571428571429,0.0,0.0,0.0,0.9209265860543978,0.9639228223844424,0.9941906514500475,0.9638777152424209,0.9921409679172551
JVS_JVSMuSiC,wavlm_l12,jvs051,5,12.8,2.8,10.0,0.0,0.0,0.0,0.9541622603028861,0.9654342963241467,0.9964527442868751,0.9675604258255435,0.993783755321498
JVS_JVSMuSiC,wavlm_l12,jvs052,6,4.166666666666667,1.0,3.1666666666666665,0.0,1.0,1.0,0.9298456449405688,0.9750805328051361,0.9965369897419594,0.9684449632482246,0.9928447888427859
JVS_JVSMuSiC,wavlm_l12,jvs055,5,13.2,1.0,12.2,0.0,1.0,1.0,0.9605458227429654,0.9690719392071445,0.9975056194865364,0.970827133378242,0.9934965008776736
JVS_JVSMuSiC,wavlm_l12,jvs062,5,4.2,3.2,1.0,0.0,0.0,0.0,0.9041113107490893,0.978237707767778,0.9955310532529438,0.9720345358564906,0.9933690524704419
JVS_JVSMuSiC,wavlm_l12,jvs084,4,2.5,1.5,1.0,0.25,0.5,0.25,0.7428315077117301,0.9492830091098662,0.9777853725703824,0.9275955234084595,0.9632385114171991
JVS_JVSMuSiC,wavlm_l12,jvs088,4,2.75,2.0,0.75,0.0,0.0,0.0,0.9300376179891768,0.9735523801436758,0.9964334403289368,0.9660552612226925,0.9938685366779131
JVS_JVSMuSiC,wavlm_l12,jvs092,7,12.857142857142858,1.5714285714285714,11.285714285714286,0.0,0.42857142857142855,0.42857142857142855,0.951178921734875,0.9698612161991448,0.9970565734045668,0.9711774461713191,0.994353197567002
JVS_JVSMuSiC,wavlm_l12,jvs099,2,1.5,5.5,-4.0,0.5,0.0,-0.5,0.884761300594199,0.9787936969653346,0.9946813329787845,0.9681754137053101,0.992875379051577
JVS_JVSMuSiC,wavlm_l12,jvs012,4,12.25,2.25,10.0,0.0,0.25,0.25,0.9477504253400986,0.9623365475197214,0.995411242103486,0.9648359539950678,0.9921693278080475
JVS_JVSMuSiC,wavlm_l12,jvs015,6,16.666666666666668,1.1666666666666667,15.5,0.0,0.8333333333333334,0.8333333333333334,0.9551381303840886,0.9665489940928976,0.9967477687162459,0.9721283216874187,0.9916408276873746
JVS_JVSMuSiC,wavlm_l12,jvs018,4,4.0,1.25,2.75,0.0,0.75,0.75,0.9126528067919776,0.9782513907278749,0.995964574843619,0.9727087465991545,0.9930998868960168
JVS_JVSMuSiC,wavlm_l12,jvs033,5,15.4,6.6,8.8,0.0,0.0,0.0,0.9367412410757174,0.958166146803954,0.9935833799394006,0.9629579335066939,0.9926584267039086
JVS_JVSMuSiC,wavlm_l12,jvs035,3,2.0,1.0,1.0,0.3333333333333333,1.0,0.6666666666666666,0.90954651364346,0.9731801859603545,0.9953525810626891,0.9649899983263185,0.9891062164759928
JVS_JVSMuSiC,wavlm_l12,jvs053,7,2.2857142857142856,2.142857142857143,0.14285714285714285,0.14285714285714285,0.2857142857142857,0.14285714285714285,0.9235035031743847,0.9773386025567853,0.9964150963407867,0.9682419884961198,0.9934256203977837
JVS_JVSMuSiC,wavlm_l12,jvs070,2,6.0,3.5,2.5,0.0,0.0,0.0,0.9267146492361786,0.9706067432369174,0.9958621609800835,0.9662439124987481,0.9934981144277697
JVS_JVSMuSiC,wavlm_l12,jvs004,4,5.5,1.0,4.5,0.0,1.0,1.0,0.9380202770334591,0.973672707413015,0.996866569528569,0.9708149415460906,0.9935096751624375
JVS_JVSMuSiC,wavlm_l12,jvs024,4,20.0,20.0,0.0,0.0,0.0,0.0,0.8946586734578167,0.942516189178745,0.9853337496999065,0.9690611206419504,0.994358990459461
JVS_JVSMuSiC,wavlm_l12,jvs045,5,14.0,1.0,13.0,0.0,1.0,1.0,0.9661900961727902,0.9656725581336328,0.9972351596268595,0.9674359526542634,0.9932068241617674
JVS_JVSMuSiC,wavlm_l12,jvs059,4,12.5,3.0,9.5,0.0,0.0,0.0,0.9267360583897419,0.9707507815094047,0.99606484984226,0.9703725170720163,0.9936132191167218
JVS_JVSMuSiC,wavlm_l12,jvs077,3,4.333333333333333,3.3333333333333335,1.0,0.0,0.0,0.0,0.893665020172144,0.9744348649506915,0.9950481760654775,0.9693812728634986,0.9925576126106049
JVS_JVSMuSiC,wavlm_l12,jvs085,9,1.0,8.666666666666666,-7.666666666666667,1.0,0.0,-1.0,0.8894932363385928,0.9814883443746376,0.9950219096269232,0.9704928432966443,0.9939558854050549
JVS_JVSMuSiC,wavlm_l12,jvs017,5,20.0,11.0,9.0,0.0,0.0,0.0,0.9165332752565917,0.959093111960766,0.9926086394006788,0.9708953652950003,0.9927654529116359
JVS_JVSMuSiC,wavlm_l12,jvs031,4,9.75,1.75,8.0,0.0,0.5,0.5,0.9217055131512903,0.9698755290263698,0.9955192739595935,0.9687398468635139,0.9919735471260175
JVS_JVSMuSiC,wavlm_l12,jvs036,3,1.0,1.3333333333333333,-0.3333333333333333,1.0,0.6666666666666666,-0.3333333333333333,0.8742334727461588,0.9750676187838218,0.9939705981541388,0.9569932419490801,0.985364823894549
JVS_JVSMuSiC,wavlm_l12,jvs066,7,11.0,4.285714285714286,6.714285714285714,0.0,0.0,0.0,0.9241569280004919,0.9725643892543098,0.9960719463548827,0.9714052537627318,0.9939558489850858
JVS_JVSMuSiC,wavlm_l12,jvs071,4,3.75,6.75,-3.0,0.0,0.0,0.0,0.7900704471240989,0.9598780426110235,0.985330134338762,0.9511872010770989,0.9826512026797369
JVS_JVSMuSiC,wavlm_l12,jvs098,1,12.0,1.0,11.0,0.0,1.0,1.0,0.9460860832837785,0.966320127823602,0.9962642048116911,0.967135470547337,0.9930914058331616
JVS_JVSMuSiC,wavlm_l12,jvs013,3,16.666666666666668,7.333333333333333,9.333333333333334,0.0,0.0,0.0,0.9159572751354307,0.9571048528317623,0.9922174337772867,0.9640429058592482,0.9900738434859861
JVS_JVSMuSiC,wavlm_l12,jvs028,7,9.142857142857142,1.7142857142857142,7.428571428571429,0.0,0.5714285714285714,0.5714285714285714,0.8822084022515749,0.9768214419927171,0.9947042372584567,0.9751565092832608,0.9907767669468163
JVS_JVSMuSiC,wavlm_l12,jvs029,1,2.0,1.0,1.0,0.0,1.0,1.0,0.9390134018555951,0.9797653264097248,0.9971578194196753,0.9721085748814646,0.9927679475489244
JVS_JVSMuSiC,wavlm_l12,jvs038,2,14.0,1.5,12.5,0.0,0.5,0.5,0.9547896126691103,0.9671272635565226,0.9968137808375654,0.9697147416836592,0.992938562839843
JVS_JVSMuSiC,wavlm_l12,jvs060,3,10.666666666666666,1.6666666666666667,9.0,0.0,0.3333333333333333,0.3333333333333333,0.9524078745647134,0.9706785853485534,0.9972733472223273,0.9705628739148322,0.9941539261851512
JVS_JVSMuSiC,wavlm_l12,jvs087,4,1.25,1.25,0.0,0.75,0.75,0.0,0.9284835082340381,0.9760704367506792,0.9965417297388299,0.963713864310163,0.9924635027971997
JVS_JVSMuSiC,wavlm_l12,jvs089,5,7.2,7.2,0.0,0.0,0.0,0.0,0.8758907288168146,0.9709239740999946,0.9933994504821367,0.9679015949177131,0.9920130445997233
JVS_JVSMuSiC,wavlm_l12,jvs096,4,6.25,1.0,5.25,0.0,1.0,1.0,0.9659577950201238,0.972789369295548,0.9981893537458716,0.9675677233966573,0.993346221127501
JVS_JVSMuSiC,wavlm_l12,jvs021,2,11.5,7.0,4.5,0.0,0.0,0.0,0.9319654702952076,0.9645772336766063,0.9950550460875736,0.9654549044431248,0.9934752485765418
JVS_JVSMuSiC,wavlm_l12,jvs034,2,9.0,3.0,6.0,0.0,0.0,0.0,0.921807807607854,0.9674870114671275,0.9951042256266014,0.9649780769197904,0.9926262276737925
JVS_JVSMuSiC,wavlm_l12,jvs064,4,18.75,9.5,9.25,0.0,0.0,0.0,0.9299492331381611,0.9587436167342436,0.993479902027872,0.967384211403816,0.9928559764616183
JVS_JVSMuSiC,wavlm_l12,jvs079,3,1.0,2.6666666666666665,-1.6666666666666667,1.0,0.0,-1.0,0.9037123867465334,0.9797217079777042,0.9954263177296371,0.9649160663570733,0.9927264000320322
JVS_JVSMuSiC,wavlm_l12,jvs081,5,4.2,5.6,-1.4,0.0,0.0,0.0,0.8980399043002937,0.9761224050601645,0.9952395459367006,0.971232840248762,0.9932620192839987
JVS_JVSMuSiC,wavlm_l12,jvs100,4,12.75,15.25,-2.5,0.0,0.0,0.0,0.8723537509043391,0.9711089026279252,0.9931069853793961,0.9718333544513834,0.9943036857071585
JVS_JVSMuSiC,wavlm_l12,jvs001,4,15.25,1.0,14.25,0.0,1.0,1.0,0.9412340767344352,0.9688880742127308,0.9963690944201907,0.971777827905575,0.9919110044758929
JVS_JVSMuSiC,wavlm_l12,jvs016,4,14.5,1.25,13.25,0.0,0.75,0.75,0.9516439045401863,0.9664544222125581,0.9965317892258043,0.9700134889224988,0.9931303224889195
JVS_JVSMuSiC,wavlm_l12,jvs047,5,9.6,3.0,6.6,0.0,0.0,0.0,0.9161514227766914,0.9732387015802327,0.9957110018436902,0.9710394383016832,0.9936553207235704
JVS_JVSMuSiC,wavlm_l12,jvs068,3,5.0,5.666666666666667,-0.6666666666666666,0.0,0.0,0.0,0.9112205587011107,0.9708127874807616,0.9950942708455769,0.9657118444976197,0.9935763284110329
JVS_JVSMuSiC,wavlm_l12,jvs074,3,14.333333333333334,14.666666666666666,-0.3333333333333333,0.0,0.0,0.0,0.8990166015539063,0.9630788017101853,0.9928115184875583,0.9665163488231675,0.9933960049213116
JVS_JVSMuSiC,wavlm_l12,jvs082,3,13.666666666666666,3.3333333333333335,10.333333333333334,0.0,0.0,0.0,0.9461115549380333,0.9678866101573641,0.9965232022293488,0.9718337212445274,0.9942128968510886
JVS_JVSMuSiC,wavlm_l12,jvs078,3,5.333333333333333,1.6666666666666667,3.6666666666666665,0.0,0.3333333333333333,0.3333333333333333,0.9274982203763796,0.9734438952732836,0.9962980821609184,0.9684880072217514,0.9928340930436891
JVS_JVSMuSiC,wavlm_l12,jvs093,1,18.0,6.0,12.0,0.0,0.0,0.0,0.9055701796495936,0.9657596112551368,0.993898350160169,0.9740830431541315,0.9916633439920686
JVS_JVSMuSiC,wavlm_l12,jvs094,3,3.3333333333333335,2.3333333333333335,1.0,0.0,0.3333333333333333,0.3333333333333333,0.9071734558308514,0.9734274144380564,0.9953125734818467,0.9650424439694555,0.991227994121633
JVS_JVSMuSiC,wavlm_l12,jvs026,1,14.0,1.0,13.0,0.0,1.0,1.0,0.9319792116958652,0.9739445836875176,0.9966727873964529,0.9734516878733239,0.9920216365874005
JVS_JVSMuSiC,wavlm_l12,jvs067,3,1.6666666666666667,13.333333333333334,-11.666666666666666,0.3333333333333333,0.0,-0.3333333333333333,0.8107664876835209,0.9779846684552084,0.9913733733758713,0.9682866353650502,0.992057684856602
JVS_JVSMuSiC,wavlm_l12,jvs054,3,18.333333333333332,5.333333333333333,13.0,0.0,0.0,0.0,0.9453407163675588,0.9635356485434091,0.9954845139350885,0.9697793309785867,0.9938220974098245
JVS_JVSMuSiC,wavlm_l12,jvs049,1,1.0,2.0,-1.0,1.0,0.0,-1.0,0.9093692698024194,0.9762783531198839,0.995609602623295,0.9649633853987366,0.9933895627135344
JVS_JVSMuSiC,wavlm_l12,jvs007,3,12.333333333333334,2.0,10.333333333333334,0.0,0.0,0.0,0.9528542946801121,0.9643292291376261,0.9961420591310279,0.9665135584701338,0.9939331102824397
JVS_JVSMuSiC,wavlm_l12,jvs008,1,17.0,2.0,15.0,0.0,0.0,0.0,0.9527346196424364,0.9681201479524475,0.9967787575182747,0.971983402303549,0.9932463546354532
JVS_JVSMuSiC,wavlm_l12,jvs014,1,2.0,1.0,1.0,0.0,1.0,1.0,0.9462469884434549,0.9736561809460851,0.997295401122356,0.9676712307908404,0.9936331018895679
JVS_JVSMuSiC,wavlm_l12,jvs025,1,14.0,7.0,7.0,0.0,0.0,0.0,0.9237361726149624,0.9682048232856708,0.995315240853317,0.9708516302082807,0.994296492077028
JVS_JVSMuSiC,mert_l3,jvs005,6,12.833333333333334,3.8333333333333335,9.0,0.0,0.0,0.0,0.7973170305723573,0.9597378252953108,0.9851180572903396,0.960595661284505,0.9800196374176874
JVS_JVSMuSiC,mert_l3,jvs006,4,4.25,2.5,1.75,0.0,0.25,0.25,0.7826944552484945,0.945852373984507,0.977214777469059,0.938023430235895,0.967757468417908
JVS_JVSMuSiC,mert_l3,jvs010,6,1.0,1.1666666666666667,-0.16666666666666666,1.0,0.8333333333333334,-0.16666666666666666,0.7456304274357364,0.977659977057585,0.9891295891106969,0.956329716676294,0.976928208700138
JVS_JVSMuSiC,mert_l3,jvs019,3,1.0,1.3333333333333333,-0.3333333333333333,1.0,0.6666666666666666,-0.3333333333333333,0.7521497653129008,0.9751293959165217,0.988773485444351,0.9593571205916219,0.9801394882517753
JVS_JVSMuSiC,mert_l3,jvs020,4,7.0,1.0,6.0,0.0,1.0,1.0,0.8714089166263661,0.9655959691582222,0.9912791000306549,0.9605091090151494,0.9789032037780713
JVS_JVSMuSiC,mert_l3,jvs022,1,2.0,2.0,0.0,0.0,0.0,0.0,0.7327969961602586,0.9685129228789653,0.9853913683481066,0.9579929436042876,0.9801990556795624
JVS_JVSMuSiC,mert_l3,jvs027,8,4.25,1.0,3.25,0.0,1.0,1.0,0.8425408825709764,0.9746135773564205,0.9926289884246442,0.9663937491529482,0.980256717607271
JVS_JVSMuSiC,mert_l3,jvs032,6,1.5,1.0,0.5,0.5,1.0,0.5,0.8717434240322738,0.9706004923722986,0.9928457448536606,0.9584009877486016,0.9815436665508153
JVS_JVSMuSiC,mert_l3,jvs041,5,1.0,1.6,-0.6,1.0,0.6,-0.4,0.766481162949643,0.9736418171419494,0.9887477524877782,0.9596758087311299,0.9813622436656987
JVS_JVSMuSiC,mert_l3,jvs042,7,2.857142857142857,1.0,1.8571428571428572,0.0,1.0,1.0,0.8015497857973167,0.9681268897817291,0.988619294329171,0.9586880500208165,0.976312868557809
JVS_JVSMuSiC,mert_l3,jvs044,4,1.25,1.0,0.25,0.75,1.0,0.25,0.8310251948228039,0.9639201735996095,0.9886842121669974,0.9421907790381938,0.9741720524899731
JVS_JVSMuSiC,mert_l3,jvs057,3,2.0,1.0,1.0,0.3333333333333333,1.0,0.6666666666666666,0.8573007325478864,0.974151654546838,0.9931418963423063,0.9656283009115407,0.9829434109050368
JVS_JVSMuSiC,mert_l3,jvs058,4,2.5,1.0,1.5,0.0,1.0,1.0,0.8253337150763369,0.9720949115920974,0.9911180759070125,0.9616973089158396,0.9798985108722127
JVS_JVSMuSiC,mert_l3,jvs061,4,6.5,1.75,4.75,0.0,0.5,0.5,0.8458787340327324,0.967351567447154,0.9905649891352633,0.9629692625033844,0.9806629315760732
JVS_JVSMuSiC,mert_l3,jvs063,4,1.5,1.0,0.5,0.5,1.0,0.5,0.8421166732345596,0.9759940138839018,0.9929385046631205,0.9634590824052484,0.9804102996631073
JVS_JVSMuSiC,mert_l3,jvs072,3,1.3333333333333333,1.0,0.3333333333333333,0.6666666666666666,1.0,0.3333333333333333,0.8550046059789883,0.9745403325504881,0.9931469180081155,0.9611414517816333,0.9774604280794366
JVS_JVSMuSiC,mert_l3,jvs076,6,1.0,1.0,0.0,1.0,1.0,0.0,0.8500692390796215,0.9729127974504951,0.9925288697320273,0.9569934894229394,0.9805057485155255
JVS_JVSMuSiC,mert_l3,jvs086,6,1.3333333333333333,7.0,-5.666666666666667,0.6666666666666666,0.0,-0.6666666666666666,0.7118152750959426,0.9664005970705968,0.9834667440237411,0.9529461068837426,0.980810618079925
JVS_JVSMuSiC,mert_l3,jvs095,7,1.0,1.0,0.0,1.0,1.0,0.0,0.7831544035571811,0.9784823941426603,0.9909775847572557,0.9634379294994424,0.9787308112396034
JVS_JVSMuSiC,mert_l3,jvs097,5,3.2,1.0,2.2,0.4,1.0,0.6,0.8807757060478479,0.9714066559366913,0.99355735825617,0.9640090298117331,0.9810995410161635
JVS_JVSMuSiC,mert_l3,jvs002,1,7.0,1.0,6.0,0.0,1.0,1.0,0.8091410844943651,0.9729419414815939,0.9905887828025055,0.9695931474435099,0.9816995423333053
JVS_JVSMuSiC,mert_l3,jvs011,4,1.75,1.0,0.75,0.25,1.0,0.75,0.8397938588356982,0.9704077045133832,0.9913045980878628,0.9561743089795175,0.9809126352211166
JVS_JVSMuSiC,mert_l3,jvs030,6,3.1666666666666665,2.1666666666666665,1.0,0.0,0.3333333333333333,0.3333333333333333,0.7720558040089003,0.9728762346235311,0.9888017918159986,0.9617535687080511,0.9799659243363755
JVS_JVSMuSiC,mert_l3,jvs040,6,2.8333333333333335,1.0,1.8333333333333333,0.3333333333333333,1.0,0.6666666666666666,0.8000428176247244,0.9796589943459882,0.9918436757183756,0.9708016207098592,0.9805101836980225
JVS_JVSMuSiC,mert_l3,jvs048,3,1.0,1.0,0.0,1.0,1.0,0.0,0.6805745812762125,0.978623085006344,0.9868508456697125,0.943769237398441,0.9697962765498428
JVS_JVSMuSiC,mert_l3,jvs050,6,1.0,1.0,0.0,1.0,1.0,0.0,0.7617664410570387,0.9790667739598938,0.9902772171629711,0.9587698001574988,0.976874927201893
JVS_JVSMuSiC,mert_l3,jvs056,6,9.833333333333334,1.3333333333333333,8.5,0.0,0.6666666666666666,0.6666666666666666,0.850179795037453,0.9616858526984826,0.988749365402707,0.9596941582243862,0.9801076294240856
JVS_JVSMuSiC,mert_l3,jvs065,4,3.5,1.0,2.5,0.0,1.0,1.0,0.8853080804257142,0.9705338886460539,0.9935378184787029,0.9625550871662114,0.9809295517497516
JVS_JVSMuSiC,mert_l3,jvs069,5,1.0,2.2,-1.2,1.0,0.2,-0.8,0.7185666128627515,0.9814600799020681,0.9891944080208365,0.9702343578664527,0.9814015431164884
JVS_JVSMuSiC,mert_l3,jvs073,5,4.0,1.4,2.6,0.0,0.6,0.6,0.8001210413379226,0.9687526519558645,0.9887411486461133,0.9610942540027543,0.9803058659257087
JVS_JVSMuSiC,mert_l3,jvs075,4,1.0,1.0,0.0,1.0,1.0,0.0,0.8810372304250427,0.9733140456977426,0.9940801534388392,0.9594680644628937,0.9823204545158237
JVS_JVSMuSiC,mert_l3,jvs080,3,1.0,1.0,0.0,1.0,1.0,0.0,0.8641500946144159,0.9748323601116341,0.9935673993167641,0.960154547539287,0.981611809414101
JVS_JVSMuSiC,mert_l3,jvs083,5,1.0,1.0,0.0,1.0,1.0,0.0,0.8148358571215784,0.9701872376335224,0.9901673098180723,0.945236561942529,0.9755726097674801
JVS_JVSMuSiC,mert_l3,jvs090,6,3.8333333333333335,1.0,2.8333333333333335,0.0,1.0,1.0,0.8515394391517276,0.9726403865380263,0.9925040573335403,0.9602806227787583,0.9769562278396783
JVS_JVSMuSiC,mert_l3,jvs091,3,12.666666666666666,9.333333333333334,3.3333333333333335,0.0,0.0,0.0,0.6977556030934554,0.9611408831084952,0.9801444418285611,0.9629877298118626,0.9779732854740183
JVS_JVSMuSiC,mert_l3,jvs003,4,1.0,4.25,-3.25,1.0,0.0,-1.0,0.6493383520770267,0.9810872229793923,0.986212141095496,0.9640058469571542,0.9791242674073672
JVS_JVSMuSiC,mert_l3,jvs009,5,13.4,2.0,11.4,0.0,0.4,0.4,0.8324270882101384,0.9569327766267302,0.9859113978717904,0.9580448495854874,0.9784258369027816
JVS_JVSMuSiC,mert_l3,jvs023,4,2.0,1.0,1.0,0.25,1.0,0.75,0.8275254563136614,0.9676750039963992,0.989765712272311,0.9555307113069714,0.977843734080435
JVS_JVSMuSiC,mert_l3,jvs039,3,11.333333333333334,2.6666666666666665,8.666666666666666,0.0,0.0,0.0,0.8811243936317492,0.957958892742389,0.9889734982596027,0.959065339325626,0.9811913677306184
JVS_JVSMuSiC,mert_l3,jvs046,7,2.2857142857142856,1.5714285714285714,0.7142857142857143,0.14285714285714285,0.5714285714285714,0.42857142857142855,0.8114088171188667,0.9654139245846717,0.988050164574085,0.9537503493504256,0.978711325315498
JVS_JVSMuSiC,mert_l3,jvs051,5,7.0,3.2,3.8,0.0,0.0,0.0,0.8225449698067034,0.9659507890513197,0.9888647737786569,0.9605658690787123,0.9812236259591298
JVS_JVSMuSiC,mert_l3,jvs052,6,1.1666666666666667,1.0,0.16666666666666666,0.8333333333333334,1.0,0.16666666666666666,0.8841757053775084,0.9725781778375221,0.9940551976035309,0.9578326502456749,0.9801937090187098
JVS_JVSMuSiC,mert_l3,jvs055,5,5.2,1.0,4.2,0.0,1.0,1.0,0.848426843558145,0.9692974129796819,0.9913924705709801,0.9626735639582297,0.9805138199150631
JVS_JVSMuSiC,mert_l3,jvs062,5,5.2,9.0,-3.8,0.0,0.0,0.0,0.6498591458046887,0.9713112783836859,0.9825417731701108,0.9659796593490755,0.9802255709849439
JVS_JVSMuSiC,mert_l3,jvs084,4,1.75,1.5,0.25,0.25,0.5,0.25,0.8140451858346023,0.9417644527828726,0.9778506195814565,0.9192528989615343,0.9593815505094845
JVS_JVSMuSiC,mert_l3,jvs088,4,3.75,1.25,2.5,0.0,0.75,0.75,0.8582747605663248,0.959284084484568,0.9883253229356579,0.9512767846663237,0.9801770985713519
JVS_JVSMuSiC,mert_l3,jvs092,7,3.5714285714285716,1.0,2.5714285714285716,0.0,1.0,1.0,0.849025712294,0.9720395050960293,0.9922026593639176,0.9646421652483712,0.9821625941883134
JVS_JVSMuSiC,mert_l3,jvs099,2,1.0,1.0,0.0,1.0,1.0,0.0,0.8285396173453289,0.9764474014669191,0.9923289938052207,0.9612237993921546,0.9809675564748437
JVS_JVSMuSiC,mert_l3,jvs012,4,8.25,2.25,6.0,0.0,0.5,0.5,0.8427602715351159,0.9531760084369139,0.9848129907877162,0.9501237584533612,0.977952932357049
JVS_JVSMuSiC,mert_l3,jvs015,6,11.166666666666666,1.3333333333333333,9.833333333333334,0.0,0.6666666666666666,0.6666666666666666,0.7866936843549217,0.967562162389019,0.9877963555642907,0.9671871427756829,0.9755417516430298
JVS_JVSMuSiC,mert_l3,jvs018,4,1.0,1.0,0.0,1.0,1.0,0.0,0.7317127868037846,0.9844104946908716,0.990045636601466,0.9655258132516149,0.9741793607773584
JVS_JVSMuSiC,mert_l3,jvs033,5,4.6,3.2,1.4,0.0,0.0,0.0,0.8166999856897217,0.961829149838733,0.9870230857976241,0.9550397197797622,0.9790207856975333
JVS_JVSMuSiC,mert_l3,jvs035,3,1.0,1.0,0.0,1.0,1.0,0.0,0.7686383373420552,0.9721318883116753,0.9883533099068481,0.9537510524542858,0.9785906548463902
JVS_JVSMuSiC,mert_l3,jvs053,7,1.0,1.0,0.0,1.0,1.0,0.0,0.8429181038785459,0.974536222734616,0.9926300646223939,0.9594917887467619,0.9799536406359589
JVS_JVSMuSiC,mert_l3,jvs070,2,2.0,1.0,1.0,0.5,1.0,0.5,0.8666195059254329,0.9637672600281038,0.9903382041668258,0.9529023033729718,0.9791761673441861
JVS_JVSMuSiC,mert_l3,jvs004,4,1.75,1.0,0.75,0.25,1.0,0.75,0.8185000317909555,0.97819292792075,0.9923482229001639,0.9624092476160776,0.980408424130386
JVS_JVSMuSiC,mert_l3,jvs024,4,17.25,12.5,4.75,0.0,0.0,0.0,0.7573445499660486,0.9520337356194504,0.9789603710818758,0.960305446078817,0.9801685977615533
JVS_JVSMuSiC,mert_l3,jvs045,5,1.8,1.0,0.8,0.6,1.0,0.4,0.8646576966117892,0.9643909523076161,0.9905726492682746,0.9523443969720358,0.9784102327836649
JVS_JVSMuSiC,mert_l3,jvs059,4,9.5,2.0,7.5,0.0,0.5,0.5,0.7641651644560172,0.9707120590500813,0.9877467783974265,0.968589394997976,0.9811940537507309
JVS_JVSMuSiC,mert_l3,jvs077,3,2.6666666666666665,1.0,1.6666666666666667,0.0,1.0,1.0,0.8373450261623745,0.975626558704994,0.9927080839427619,0.9653255660875452,0.9778959730730202
JVS_JVSMuSiC,mert_l3,jvs085,9,1.0,2.6666666666666665,-1.6666666666666667,1.0,0.1111111111111111,-0.8888888888888888,0.701343372383211,0.9793588330092489,0.9878449644782142,0.9620176860522398,0.9794837566383369
JVS_JVSMuSiC,mert_l3,jvs017,5,16.8,3.6,13.2,0.0,0.2,0.2,0.8181944283632481,0.958546873679736,0.9857242650608443,0.9665481270250087,0.9796351251726831
JVS_JVSMuSiC,mert_l3,jvs031,4,3.0,2.0,1.0,0.0,0.5,0.5,0.8291630542784885,0.9618368661758231,0.9875399762569794,0.9515186011827698,0.974193673069454
JVS_JVSMuSiC,mert_l3,jvs036,3,1.0,1.0,0.0,1.0,1.0,0.0,0.7926465546179099,0.9729733949565266,0.9898798338460472,0.9449662680623764,0.9724925786528077
JVS_JVSMuSiC,mert_l3,jvs066,7,4.428571428571429,3.5714285714285716,0.8571428571428571,0.0,0.14285714285714285,0.14285714285714285,0.7583577524704793,0.9741381801383975,0.9886570975775156,0.9655318889116318,0.9800794456769429
JVS_JVSMuSiC,mert_l3,jvs071,4,2.5,1.5,1.0,0.0,0.75,0.75,0.7335410381916772,0.9470516877637889,0.9748760172135984,0.9299250289732819,0.9666769233757823
JVS_JVSMuSiC,mert_l3,jvs098,1,4.0,1.0,3.0,0.0,1.0,1.0,0.8531718252875164,0.9672604002161225,0.9909929042472282,0.9608688067902419,0.978863701480641
JVS_JVSMuSiC,mert_l3,jvs013,3,8.0,1.0,7.0,0.0,1.0,1.0,0.8556174569253506,0.9597809548280605,0.9885164309912112,0.9572391566399302,0.9752565609942275
JVS_JVSMuSiC,mert_l3,jvs028,7,1.1428571428571428,1.0,0.14285714285714285,0.8571428571428571,1.0,0.14285714285714285,0.7420792661905572,0.9801428297564652,0.9897430407756799,0.9572462529372501,0.9695967885277402
JVS_JVSMuSiC,mert_l3,jvs029,1,1.0,1.0,0.0,1.0,1.0,0.0,0.8034074513783295,0.9780551936933366,0.991714772477732,0.9674520498491203,0.9801952886046219
JVS_JVSMuSiC,mert_l3,jvs038,2,7.5,2.0,5.5,0.0,0.0,0.0,0.8240882973301296,0.9704293653494462,0.9905286761565044,0.9650232441907264,0.9808911599453602
JVS_JVSMuSiC,mert_l3,jvs060,3,5.0,5.666666666666667,-0.6666666666666666,0.0,0.0,0.0,0.7242856561960438,0.9712886718533742,0.9860505146235776,0.9647666645131072,0.9806218059194602
JVS_JVSMuSiC,mert_l3,jvs087,4,1.5,1.0,0.5,0.5,1.0,0.5,0.8418010079226406,0.9719704867235119,0.9918611428054264,0.9602252764587608,0.9783156707482272
JVS_JVSMuSiC,mert_l3,jvs089,5,2.8,1.0,1.8,0.4,1.0,0.6,0.7981373933392285,0.9668622186975387,0.9879360201348337,0.9588696161619884,0.9791888611583929
JVS_JVSMuSiC,mert_l3,jvs096,4,1.0,1.0,0.0,1.0,1.0,0.0,0.8353809163457135,0.9741917509279445,0.9921289953493518,0.9584718908555305,0.9774758981981034
JVS_JVSMuSiC,mert_l3,jvs021,2,7.0,4.0,3.0,0.0,0.0,0.0,0.792367507834484,0.9534046459944999,0.9818711448613868,0.9489525382873314,0.976749825440907
JVS_JVSMuSiC,mert_l3,jvs034,2,3.0,1.5,1.5,0.0,0.5,0.5,0.8455033145553474,0.9560268935973043,0.9863379633290854,0.9479217310841181,0.9784232929841093
JVS_JVSMuSiC,mert_l3,jvs064,4,11.25,4.25,7.0,0.0,0.0,0.0,0.7908048068028737,0.9576797953875058,0.9837092657560738,0.9580851504509768,0.9776108634030353
JVS_JVSMuSiC,mert_l3,jvs079,3,1.0,1.0,0.0,1.0,1.0,0.0,0.8307945692890923,0.978368267132911,0.9928321302128421,0.9569162046141032,0.9788801128656616
JVS_JVSMuSiC,mert_l3,jvs081,5,2.2,1.0,1.2,0.2,1.0,0.8,0.7908139717580593,0.9714615371894215,0.9892390308400522,0.9618764647484592,0.9800993030821396
JVS_JVSMuSiC,mert_l3,jvs100,4,7.75,6.5,1.25,0.0,0.0,0.0,0.7632735464124233,0.9625091141179192,0.9842909990914888,0.9584717625906913,0.9795646457484761
JVS_JVSMuSiC,mert_l3,jvs001,4,10.0,1.0,9.0,0.0,1.0,1.0,0.8160967264274824,0.9633279505576127,0.9876424235366758,0.9624938363516069,0.9746896887566115
JVS_JVSMuSiC,mert_l3,jvs016,4,10.75,1.25,9.5,0.0,0.75,0.75,0.8398177971324694,0.9657704101775562,0.9897931462167058,0.9649455457670266,0.9807298477224111
JVS_JVSMuSiC,mert_l3,jvs047,5,8.6,2.2,6.4,0.0,0.0,0.0,0.834533698561,0.9620165771700584,0.9880546894713473,0.9598878230823573,0.9807180959183318
JVS_JVSMuSiC,mert_l3,jvs068,3,2.0,1.3333333333333333,0.6666666666666666,0.3333333333333333,0.6666666666666666,0.3333333333333333,0.8335319906472959,0.9661275534763019,0.9895249994399932,0.9539010384862139,0.9801471097530374
JVS_JVSMuSiC,mert_l3,jvs074,3,7.333333333333333,3.3333333333333335,4.0,0.0,0.0,0.0,0.8378129276065055,0.958583291471224,0.9868915747393109,0.9553758084464784,0.979143333044182
JVS_JVSMuSiC,mert_l3,jvs082,3,15.0,10.0,5.0,0.0,0.0,0.0,0.7537537976237342,0.9596414478773467,0.98258061065859,0.9646189689442018,0.9807386857787262
JVS_JVSMuSiC,mert_l3,jvs078,3,1.0,1.0,0.0,1.0,1.0,0.0,0.8274595655689154,0.971059693394693,0.9908287526523812,0.9528961522570604,0.9771368373015353
JVS_JVSMuSiC,mert_l3,jvs093,1,7.0,1.0,6.0,0.0,1.0,1.0,0.8429746506441079,0.970920101257686,0.9916078251359575,0.9647691897276632,0.9805394932753742
JVS_JVSMuSiC,mert_l3,jvs094,3,1.6666666666666667,1.3333333333333333,0.3333333333333333,0.3333333333333333,0.6666666666666666,0.3333333333333333,0.7754650562715831,0.9712780380148978,0.9883466757446574,0.9518837616800937,0.9785691610909938
JVS_JVSMuSiC,mert_l3,jvs026,1,2.0,1.0,1.0,0.0,1.0,1.0,0.8334205758897504,0.9758930625623381,0.9924934364676599,0.9636471659678317,0.9767407463753562
JVS_JVSMuSiC,mert_l3,jvs067,3,1.0,5.333333333333333,-4.333333333333333,1.0,0.0,-1.0,0.6430366643350328,0.9791034622191747,0.9854580782583838,0.9562220327466676,0.9783011438123599
JVS_JVSMuSiC,mert_l3,jvs054,3,10.666666666666666,2.6666666666666665,8.0,0.0,0.0,0.0,0.8467536501029014,0.9568761002727322,0.9865983423783483,0.9562109484264841,0.9792761848338888
JVS_JVSMuSiC,mert_l3,jvs049,1,1.0,1.0,0.0,1.0,1.0,0.0,0.7714764768284419,0.9725075879331471,0.9885813229196299,0.9534099209978489,0.9762552765637325
JVS_JVSMuSiC,mert_l3,jvs007,3,8.0,1.6666666666666667,6.333333333333333,0.0,0.6666666666666666,0.6666666666666666,0.8550326957415414,0.9632730675689528,0.989590605898222,0.9605314244139422,0.9825073040273038
JVS_JVSMuSiC,mert_l3,jvs008,1,14.0,1.0,13.0,0.0,1.0,1.0,0.8702963038840674,0.9673413009776881,0.9919930664588922,0.9696623345923411,0.9818764982797975
JVS_JVSMuSiC,mert_l3,jvs014,1,3.0,1.0,2.0,0.0,1.0,1.0,0.7691783528675457,0.9744154836122372,0.9892937543234319,0.958703032530157,0.9748865105170192
JVS_JVSMuSiC,mert_l3,jvs025,1,7.0,1.0,6.0,0.0,1.0,1.0,0.7784072862276243,0.968468365321647,0.9876472880924625,0.9660663645711679,0.9788725019452627
JVS_JVSMuSiC,hubert_l6,jvs005,6,10.166666666666666,2.1666666666666665,8.0,0.0,0.0,0.0,0.8734475148160067,0.9667424422226105,0.9920879660156682,0.9655798379268684,0.9891483594955925
JVS_JVSMuSiC,hubert_l6,jvs006,4,7.0,1.5,5.5,0.0,0.5,0.5,0.8747174880283396,0.9676882905854525,0.9923824272198427,0.9635590574955653,0.9877545597804195
JVS_JVSMuSiC,hubert_l6,jvs010,6,4.666666666666667,9.666666666666666,-5.0,0.0,0.0,0.0,0.7844610186354503,0.9707002878742531,0.9881513115263828,0.9655832654738719,0.9857944830222539
JVS_JVSMuSiC,hubert_l6,jvs019,3,9.333333333333334,9.0,0.3333333333333333,0.0,0.0,0.0,0.8601687381029319,0.9679900646948166,0.9916146202611563,0.9658376088885237,0.9907308422225172
JVS_JVSMuSiC,hubert_l6,jvs020,4,3.5,1.0,2.5,0.0,1.0,1.0,0.9048129005207225,0.9683758913300526,0.9942234553328861,0.9609438029018508,0.9890006761035854
JVS_JVSMuSiC,hubert_l6,jvs022,1,4.0,4.0,0.0,0.0,0.0,0.0,0.8770434091406423,0.9723131661471321,0.9934599398537385,0.9653708605844395,0.9902226087688677
JVS_JVSMuSiC,hubert_l6,jvs027,8,2.5,1.0,1.5,0.125,1.0,0.875,0.9221721480634436,0.9774956395660468,0.9963613631001418,0.9703008974396776,0.9897811267880716
JVS_JVSMuSiC,hubert_l6,jvs032,6,2.0,1.0,1.0,0.3333333333333333,1.0,0.6666666666666666,0.9011991175538546,0.9708713891754376,0.9944833760188342,0.9623332870015099,0.9898142671279858
JVS_JVSMuSiC,hubert_l6,jvs041,5,1.8,1.0,0.8,0.4,1.0,0.6,0.9073680785825289,0.9759057139233753,0.9954504990127448,0.9665403564526457,0.9906613963107856
JVS_JVSMuSiC,hubert_l6,jvs042,7,7.714285714285714,1.2857142857142858,6.428571428571429,0.0,0.7142857142857143,0.7142857142857143,0.8828797914875578,0.9684240912065363,0.993066181543613,0.9656458281060265,0.9880015973526005
JVS_JVSMuSiC,hubert_l6,jvs044,4,2.5,1.0,1.5,0.0,1.0,1.0,0.8986286100297686,0.9657429891113913,0.9932982782625304,0.9585154179905162,0.9873579449305945
JVS_JVSMuSiC,hubert_l6,jvs057,3,9.666666666666666,1.0,8.666666666666666,0.0,1.0,1.0,0.9272215196808231,0.9699122049488946,0.9957128164313348,0.9687441703815928,0.9911306152818585
JVS_JVSMuSiC,hubert_l6,jvs058,4,9.5,1.25,8.25,0.0,0.75,0.75,0.8925110207251926,0.9721430026238977,0.994228279056697,0.9702254869221096,0.9890294435688758
JVS_JVSMuSiC,hubert_l6,jvs061,4,8.0,1.0,7.0,0.0,1.0,1.0,0.9383284778291836,0.9687505443952574,0.9960972020709868,0.9666420113099468,0.9904145425729187
JVS_JVSMuSiC,hubert_l6,jvs063,4,1.0,1.25,-0.25,1.0,0.75,-0.25,0.9008745732102031,0.9758544516771717,0.9951619185970273,0.9657360416916208,0.9905891950238207
JVS_JVSMuSiC,hubert_l6,jvs072,3,8.333333333333334,1.0,7.333333333333333,0.0,1.0,1.0,0.9204706227222101,0.9730996844477318,0.9958324685329686,0.9709787943020576,0.989025893945699
JVS_JVSMuSiC,hubert_l6,jvs076,6,1.0,1.0,0.0,1.0,1.0,0.0,0.8868135963132598,0.9767519498392127,0.9945083451619988,0.9617853729206184,0.9900783499502933
JVS_JVSMuSiC,hubert_l6,jvs086,6,1.3333333333333333,2.8333333333333335,-1.5,0.8333333333333334,0.16666666666666666,-0.6666666666666666,0.8563857739744822,0.9738943851097712,0.992611798971728,0.9608490525072595,0.988820284735679
JVS_JVSMuSiC,hubert_l6,jvs095,7,5.571428571428571,1.0,4.571428571428571,0.0,1.0,1.0,0.9201780047510218,0.9726023130537466,0.9957352364976766,0.967903786334997,0.9905623136644808
JVS_JVSMuSiC,hubert_l6,jvs097,5,1.8,1.0,0.8,0.4,1.0,0.6,0.9256371104072386,0.9759612274446543,0.9963862519619798,0.9667216739663752,0.9909252492728818
JVS_JVSMuSiC,hubert_l6,jvs002,1,15.0,3.0,12.0,0.0,0.0,0.0,0.8993967504615398,0.9671824840956671,0.9936398964312143,0.9706532268446464,0.9909612101105081
JVS_JVSMuSiC,hubert_l6,jvs011,4,4.0,1.0,3.0,0.0,1.0,1.0,0.9425775200546198,0.9705223139809672,0.996676304906579,0.962858668060751,0.990242952768487
JVS_JVSMuSiC,hubert_l6,jvs030,6,10.666666666666666,3.0,7.666666666666667,0.0,0.0,0.0,0.8844535687842673,0.9709452320275003,0.9936727394990484,0.9698606045539729,0.9905390677190358
JVS_JVSMuSiC,hubert_l6,jvs040,6,4.833333333333333,1.0,3.8333333333333335,0.0,1.0,1.0,0.9287728460129094,0.9773412738700964,0.9966869051439465,0.9714771844845504,0.9906667939803611
JVS_JVSMuSiC,hubert_l6,jvs048,3,1.0,2.3333333333333335,-1.3333333333333333,1.0,0.3333333333333333,-0.6666666666666666,0.8363824145717746,0.9763294320196997,0.9920261042864614,0.9617832353148348,0.9881277772041367
JVS_JVSMuSiC,hubert_l6,jvs050,6,1.0,1.3333333333333333,-0.3333333333333333,1.0,0.8333333333333334,-0.16666666666666666,0.8506343232576971,0.9798075453693068,0.9931424547849338,0.9661263137056616,0.9884502654150563
JVS_JVSMuSiC,hubert_l6,jvs056,6,14.0,1.0,13.0,0.0,1.0,1.0,0.9369343121146473,0.9634416189908247,0.9950055034177678,0.9672282645384392,0.9893701528909552
JVS_JVSMuSiC,hubert_l6,jvs065,4,6.25,1.0,5.25,0.0,1.0,1.0,0.9286379184141061,0.972404735590235,0.9961901296219626,0.968371712110036,0.9894797925278987
JVS_JVSMuSiC,hubert_l6,jvs069,5,2.8,3.2,-0.4,0.0,0.0,0.0,0.885089887571936,0.9774177271868056,0.9945610446085829,0.9706395414902012,0.9909917171018241
JVS_JVSMuSiC,hubert_l6,jvs073,5,1.0,1.0,0.0,1.0,1.0,0.0,0.8921949131929884,0.9783270619117366,0.9949160230411334,0.9663812714941271,0.9901140579691912
JVS_JVSMuSiC,hubert_l6,jvs075,4,3.75,1.0,2.75,0.0,1.0,1.0,0.9099448434324154,0.9745693079686046,0.9954602685714029,0.9665562420634746,0.9909157873027592
JVS_JVSMuSiC,hubert_l6,jvs080,3,1.6666666666666667,1.0,0.6666666666666666,0.3333333333333333,1.0,0.6666666666666666,0.8958415322567843,0.9748312149855142,0.9947795179872139,0.9635296268123014,0.9903476328262008
JVS_JVSMuSiC,hubert_l6,jvs083,5,1.2,1.0,0.2,0.8,1.0,0.2,0.8703532795152661,0.9705106808607196,0.9928083215684851,0.9569411001117342,0.9828766049692079
JVS_JVSMuSiC,hubert_l6,jvs090,6,5.166666666666667,1.0,4.166666666666667,0.0,1.0,1.0,0.9019723013601731,0.9747888653115684,0.9952556163765643,0.9692979991090033,0.9896291467019532
JVS_JVSMuSiC,hubert_l6,jvs091,3,19.0,19.333333333333332,-0.3333333333333333,0.0,0.0,0.0,0.8165031173517973,0.9613175544140299,0.9870420399333337,0.970328369768085,0.9902837384222477
JVS_JVSMuSiC,hubert_l6,jvs003,4,5.75,17.25,-11.5,0.0,0.0,0.0,0.7569930831308358,0.9742070812432285,0.9877475010175294,0.9689657181881013,0.9901483874793353
JVS_JVSMuSiC,hubert_l6,jvs009,5,13.0,2.2,10.8,0.0,0.0,0.0,0.8958442305270129,0.9654055244394188,0.9931181897961794,0.9670625387768679,0.9894463948645026
JVS_JVSMuSiC,hubert_l6,jvs023,4,5.75,1.0,4.75,0.0,1.0,1.0,0.9039673612556154,0.9667218882200419,0.9938144473065584,0.9610735425557757,0.9889185743846947
JVS_JVSMuSiC,hubert_l6,jvs039,3,18.333333333333332,3.0,15.333333333333334,0.0,0.0,0.0,0.9451582159951456,0.9586957889894266,0.9942718145969834,0.9656295090608559,0.9909417162391688
JVS_JVSMuSiC,hubert_l6,jvs046,7,7.571428571428571,2.857142857142857,4.714285714285714,0.0,0.14285714285714285,0.14285714285714285,0.8943384722239782,0.9650831743147528,0.992895704339098,0.9618662829570124,0.9893460199573646
JVS_JVSMuSiC,hubert_l6,jvs051,5,13.2,3.2,10.0,0.0,0.0,0.0,0.9267510085314946,0.9633616690674213,0.9942690191890797,0.9658123996939347,0.9904925736700745
JVS_JVSMuSiC,hubert_l6,jvs052,6,2.1666666666666665,1.0,1.1666666666666667,0.3333333333333333,1.0,0.6666666666666666,0.9001240642069465,0.9749362025433372,0.9950038337828041,0.9655183376676363,0.9901001850117961
JVS_JVSMuSiC,hubert_l6,jvs055,5,11.8,1.0,10.8,0.0,1.0,1.0,0.9263972790698324,0.9673423120542113,0.9950852292887387,0.9673585397811296,0.9891899887539897
JVS_JVSMuSiC,hubert_l6,jvs062,5,7.6,5.6,2.0,0.0,0.0,0.0,0.8572630554136502,0.97072548064976,0.9920592652850111,0.9675070325073232,0.9904364031013356
JVS_JVSMuSiC,hubert_l6,jvs084,4,2.5,2.25,0.25,0.25,0.25,0.0,0.6990262292351292,0.950555093378899,0.975573754623139,0.9338736437472682,0.9631595458796895
JVS_JVSMuSiC,hubert_l6,jvs088,4,2.0,3.5,-1.5,0.25,0.0,-0.25,0.8828053672501429,0.972371880542773,0.993752151648085,0.9625122708754259,0.990931003090578
JVS_JVSMuSiC,hubert_l6,jvs092,7,6.142857142857143,1.0,5.142857142857143,0.0,1.0,1.0,0.9201063361827053,0.9722637692134528,0.9957769426893623,0.9680136396840862,0.9910042792469317
JVS_JVSMuSiC,hubert_l6,jvs099,2,1.0,4.0,-3.0,1.0,0.0,-1.0,0.8701223879964444,0.9753394136761185,0.993485205746217,0.9620479295503341,0.9906554636092764
JVS_JVSMuSiC,hubert_l6,jvs012,4,10.0,1.5,8.5,0.0,0.5,0.5,0.9157665101259014,0.9621456474226779,0.9934447423001576,0.9613914305510364,0.9897116221948592
JVS_JVSMuSiC,hubert_l6,jvs015,6,13.5,1.0,12.5,0.0,1.0,1.0,0.9248882579343926,0.9644379423879984,0.9944896296254172,0.9667631425927148,0.9872548589666689
JVS_JVSMuSiC,hubert_l6,jvs018,4,2.0,1.0,1.0,0.25,1.0,0.75,0.8810972088559923,0.9768992417983628,0.9942577490395285,0.9691226589207883,0.9891144118591073
JVS_JVSMuSiC,hubert_l6,jvs033,5,13.2,6.6,6.6,0.0,0.0,0.0,0.8783349924243609,0.9581195211275467,0.9900997363408113,0.9603265071781799,0.9888237530208848
JVS_JVSMuSiC,hubert_l6,jvs035,3,1.6666666666666667,1.0,0.6666666666666666,0.6666666666666666,1.0,0.3333333333333333,0.8814060724534984,0.9739084720446476,0.9941264513146028,0.9667158807275583,0.9872564277482142
JVS_JVSMuSiC,hubert_l6,jvs053,7,1.0,1.1428571428571428,-0.14285714285714285,1.0,0.8571428571428571,-0.14285714285714285,0.8879656749548159,0.9764563400297918,0.9945722116070413,0.9653234017623928,0.9898817131516644
JVS_JVSMuSiC,hubert_l6,jvs070,2,1.5,1.0,0.5,0.5,1.0,0.5,0.9032015612705789,0.9693606367070272,0.9942901519194334,0.9603428753596034,0.9896864970897202
JVS_JVSMuSiC,hubert_l6,jvs004,4,4.0,1.0,3.0,0.0,1.0,1.0,0.903070110941472,0.9739948059080654,0.9950302615030404,0.9687263121851356,0.9891847020641711
JVS_JVSMuSiC,hubert_l6,jvs024,4,20.0,19.5,0.5,0.0,0.0,0.0,0.9049256969451517,0.9443894791751966,0.9867891527361106,0.9664535022489578,0.9911233711355215
JVS_JVSMuSiC,hubert_l6,jvs045,5,8.4,1.0,7.4,0.0,1.0,1.0,0.9287200839071247,0.9653308914378347,0.9949528354982886,0.96267716127767,0.9895064133123072
JVS_JVSMuSiC,hubert_l6,jvs059,4,17.75,9.0,8.75,0.0,0.0,0.0,0.895165718536483,0.9595764958446094,0.9913566562281492,0.9673480228256361,0.9908221178471205
JVS_JVSMuSiC,hubert_l6,jvs077,3,2.3333333333333335,1.0,1.3333333333333333,0.0,1.0,1.0,0.898300227500048,0.975697838196977,0.9949891967066874,0.9651170786892941,0.9895526572679799
JVS_JVSMuSiC,hubert_l6,jvs085,9,1.6666666666666667,1.2222222222222223,0.4444444444444444,0.4444444444444444,0.7777777777777778,0.3333333333333333,0.9070569996778468,0.9759753672615431,0.9954587597412314,0.9661072804173527,0.9904841997674253
JVS_JVSMuSiC,hubert_l6,jvs017,5,19.8,3.4,16.4,0.0,0.2,0.2,0.9107781466984113,0.9575983124100862,0.9916849602933301,0.9669203293548516,0.9890150506769153
JVS_JVSMuSiC,hubert_l6,jvs031,4,7.5,1.5,6.0,0.0,0.5,0.5,0.8824018066690559,0.9672832340113997,0.9928054041905587,0.9645866177544801,0.9893348266224209
JVS_JVSMuSiC,hubert_l6,jvs036,3,1.0,1.0,0.0,1.0,1.0,0.0,0.8701181941517829,0.9744103618668088,0.9935906050229284,0.960331629604784,0.9832353147365257
JVS_JVSMuSiC,hubert_l6,jvs066,7,10.285714285714286,7.142857142857143,3.142857142857143,0.0,0.0,0.0,0.8677816347246957,0.969018133829662,0.9922183989973072,0.9681579790675864,0.9897635450040247
JVS_JVSMuSiC,hubert_l6,jvs071,4,2.5,2.75,-0.25,0.25,0.25,0.0,0.7524862875645119,0.9617340731082289,0.983839695793905,0.9497452201655583,0.9784065549753731
JVS_JVSMuSiC,hubert_l6,jvs098,1,7.0,1.0,6.0,0.0,1.0,1.0,0.9221337394814788,0.9673739524401976,0.9949934940953347,0.9642116814217855,0.9900634391157168
JVS_JVSMuSiC,hubert_l6,jvs013,3,14.333333333333334,3.3333333333333335,11.0,0.0,0.3333333333333333,0.3333333333333333,0.8910466307801049,0.9591375105603747,0.9911906988779121,0.9607846095475573,0.987336251820532
JVS_JVSMuSiC,hubert_l6,jvs028,7,4.857142857142857,1.4285714285714286,3.4285714285714284,0.0,0.7142857142857143,0.7142857142857143,0.8518528864881395,0.9743234724946139,0.992472855659896,0.9687536717436765,0.9875451355563565
JVS_JVSMuSiC,hubert_l6,jvs029,1,2.0,1.0,1.0,0.0,1.0,1.0,0.9229317610157696,0.9776263402043506,0.9962857720881471,0.9684787879870598,0.989585139336493
JVS_JVSMuSiC,hubert_l6,jvs038,2,15.0,4.5,10.5,0.0,0.0,0.0,0.923648240790077,0.9616138162334786,0.9937037104172612,0.9669773156844375,0.9899168856679263
JVS_JVSMuSiC,hubert_l6,jvs060,3,14.666666666666666,4.333333333333333,10.333333333333334,0.0,0.0,0.0,0.9197312371162608,0.9623437483732363,0.9936420276028207,0.9669025263209398,0.9908369516915322
JVS_JVSMuSiC,hubert_l6,jvs087,4,1.0,1.25,-0.25,1.0,0.75,-0.25,0.8998579256387874,0.9762940709070784,0.9951359215483228,0.9608381693354783,0.9894156664416311
JVS_JVSMuSiC,hubert_l6,jvs089,5,6.2,1.4,4.8,0.0,0.6,0.6,0.8971756710358874,0.9699978015748908,0.9940682838400601,0.9646436997051602,0.9895298856706198
JVS_JVSMuSiC,hubert_l6,jvs096,4,2.75,1.0,1.75,0.0,1.0,1.0,0.9207416316974543,0.9731503568989487,0.995886666625005,0.965386262798106,0.9896535202556292
JVS_JVSMuSiC,hubert_l6,jvs021,2,7.0,1.0,6.0,0.0,1.0,1.0,0.9081354080538513,0.9672116917645985,0.9941963787786519,0.9629087453539358,0.9902499893660024
JVS_JVSMuSiC,hubert_l6,jvs034,2,6.5,1.0,5.5,0.0,1.0,1.0,0.8975409915134805,0.9664333173342579,0.993424596730142,0.9605933348256781,0.9897311842581968
JVS_JVSMuSiC,hubert_l6,jvs064,4,15.0,2.75,12.25,0.0,0.5,0.5,0.9074986305563728,0.9620364831539925,0.9929946024176622,0.9665349419747763,0.9897452665762759
JVS_JVSMuSiC,hubert_l6,jvs079,3,1.0,1.3333333333333333,-0.3333333333333333,1.0,0.6666666666666666,-0.3333333333333333,0.8809720914838892,0.9766779667233875,0.9941718736903441,0.9628088087695428,0.9903630180889023
JVS_JVSMuSiC,hubert_l6,jvs081,5,3.0,1.0,2.0,0.0,1.0,1.0,0.8949784029229557,0.9748164768265493,0.9947220042737378,0.965839031951987,0.9902124882897867
JVS_JVSMuSiC,hubert_l6,jvs100,4,9.5,9.5,0.0,0.0,0.0,0.0,0.8415510268671591,0.9685644299331393,0.9906952876068744,0.9667363181135157,0.9898317255318682
JVS_JVSMuSiC,hubert_l6,jvs001,4,12.75,1.5,11.25,0.0,0.5,0.5,0.8887599277096567,0.9660263859967932,0.992899012982337,0.9670961608383737,0.987767884438024
JVS_JVSMuSiC,hubert_l6,jvs016,4,13.25,1.0,12.25,0.0,1.0,1.0,0.9338686812878711,0.9640854387941444,0.9951322841288194,0.9664701552276391,0.9903320374327305
JVS_JVSMuSiC,hubert_l6,jvs047,5,5.8,1.6,4.2,0.0,0.4,0.4,0.8747404678202064,0.973727479485204,0.9938736752640989,0.9695653060297454,0.9901788448733235
JVS_JVSMuSiC,hubert_l6,jvs068,3,2.3333333333333335,2.0,0.3333333333333333,0.3333333333333333,0.0,-0.3333333333333333,0.9026036439971398,0.970007143917836,0.9944013487370761,0.9607730527983986,0.9904471117770145
JVS_JVSMuSiC,hubert_l6,jvs074,3,10.0,4.0,6.0,0.0,0.0,0.0,0.9036555244296082,0.9639893311607088,0.9931196436675526,0.9629304140763862,0.9902083366997867
JVS_JVSMuSiC,hubert_l6,jvs082,3,16.666666666666668,7.0,9.666666666666666,0.0,0.0,0.0,0.9081185631055663,0.9610589420689984,0.9926194380585999,0.9674858287981781,0.9910749010427705
JVS_JVSMuSiC,hubert_l6,jvs078,3,2.6666666666666665,1.0,1.6666666666666667,0.0,1.0,1.0,0.9180605674354441,0.9731529492240035,0.9957055952017662,0.9635200305677989,0.9892695008240162
JVS_JVSMuSiC,hubert_l6,jvs093,1,18.0,7.0,11.0,0.0,0.0,0.0,0.865994882518102,0.9644829345865797,0.9909724016540689,0.9711068838102905,0.9875842171746556
JVS_JVSMuSiC,hubert_l6,jvs094,3,4.666666666666667,2.6666666666666665,2.0,0.0,0.3333333333333333,0.3333333333333333,0.874547554841107,0.969557223606067,0.9927466520367104,0.9631433903512798,0.9886432986626513
JVS_JVSMuSiC,hubert_l6,jvs026,1,10.0,1.0,9.0,0.0,1.0,1.0,0.9237112358619496,0.9726001727503846,0.9959345639829017,0.9693342761818583,0.9881119041747024
JVS_JVSMuSiC,hubert_l6,jvs067,3,1.0,4.333333333333333,-3.3333333333333335,1.0,0.0,-1.0,0.8310888288546074,0.9764680872873791,0.9918353903132514,0.96447397870734,0.9881647550858993
JVS_JVSMuSiC,hubert_l6,jvs054,3,11.333333333333334,3.3333333333333335,8.0,0.0,0.3333333333333333,0.3333333333333333,0.9202198689801956,0.9625488081990747,0.993735592240502,0.963463755368884,0.9906000880906095
JVS_JVSMuSiC,hubert_l6,jvs049,1,1.0,1.0,0.0,1.0,1.0,0.0,0.8692334947856398,0.9759290943881551,0.9935580000092146,0.9649577822016845,0.9897333071047264
JVS_JVSMuSiC,hubert_l6,jvs007,3,9.333333333333334,1.0,8.333333333333334,0.0,1.0,1.0,0.9228512043220788,0.9644322967435373,0.9944577977470282,0.9629680068171488,0.9905382108882419
JVS_JVSMuSiC,hubert_l6,jvs008,1,9.0,1.0,8.0,0.0,1.0,1.0,0.929186739076698,0.9688386069087465,0.9957137002248719,0.968955235169752,0.9895374990098385
JVS_JVSMuSiC,hubert_l6,jvs014,1,4.0,1.0,3.0,0.0,1.0,1.0,0.9012255697316657,0.9706672164750285,0.9943652321608061,0.9665270518249985,0.989433914847955
JVS_JVSMuSiC,hubert_l6,jvs025,1,16.0,7.0,9.0,0.0,0.0,0.0,0.8759015363509006,0.9639832074679211,0.9915179927261828,0.9679854576811552,0.9903334708811794
GTSinger_same_text_control,wavlm_l12,EN-Alto-1,24,1.0,1.0,0.0,1.0,1.0,0.0,0.9042937035007648,0.9843028361025254,0.9943646611975829,0.9617028450416102,0.9859445425735519
GTSinger_same_text_control,wavlm_l12,FR-Soprano-1,18,4.333333333333333,1.0,3.3333333333333335,0.0,1.0,1.0,0.9225162720858329,0.9742135338350126,0.9959825783592609,0.9651008699688314,0.9875618209292243
GTSinger_same_text_control,wavlm_l12,FR-Tenor-1,26,9.384615384615385,4.384615384615385,5.0,0.0,0.038461538461538464,0.038461538461538464,0.8742076591191368,0.9562913395131171,0.989188154659395,0.9729172998639501,0.9878626782217285
GTSinger_same_text_control,wavlm_l12,IT-Bass-1,23,6.217391304347826,1.6521739130434783,4.565217391304348,0.0,0.43478260869565216,0.43478260869565216,0.851637985017485,0.9755389081035237,0.9929820873285489,0.974650219473686,0.9867295322332214
GTSinger_same_text_control,wavlm_l12,IT-Soprano-1,28,4.357142857142857,1.0,3.357142857142857,0.0,1.0,1.0,0.9296847121224705,0.9728268364394712,0.9963800884831423,0.9637796326367178,0.9887473093937373
GTSinger_same_text_control,wavlm_l12,JA-Soprano-1,26,4.115384615384615,1.0,3.1153846153846154,0.0,1.0,1.0,0.8486157840575422,0.9515048732118774,0.9856154932631243,0.9406032185226721,0.9760415534705904
GTSinger_same_text_control,wavlm_l12,KO-Soprano-1,29,4.068965517241379,2.3793103448275863,1.6896551724137931,0.0,0.10344827586206896,0.10344827586206896,0.8648985642639341,0.9730668979322099,0.9930079619816741,0.9641622714055011,0.9883709005450034
GTSinger_same_text_control,wavlm_l12,KO-Tenor-1,28,5.785714285714286,1.0,4.785714285714286,0.0,1.0,1.0,0.9365527779985784,0.972356448427006,0.9967881346466744,0.9713853488886401,0.9879409236179829
GTSinger_same_text_control,wavlm_l12,ZH-Alto-1,29,5.241379310344827,1.0,4.241379310344827,0.0,1.0,1.0,0.8946850527947379,0.971248833939455,0.9945275648800291,0.9672531144354342,0.9846910707164953
GTSinger_same_text_control,wavlm_l12,ZH-Tenor-1,19,4.2631578947368425,1.0,3.263157894736842,0.0,1.0,1.0,0.8856846171484869,0.972299405625818,0.9940082387870746,0.9612909469414033,0.9866466825001573
GTSinger_same_text_control,wavlm_l12,DE-Soprano-1,21,2.4285714285714284,1.0,1.4285714285714286,0.047619047619047616,1.0,0.9523809523809523,0.9518196180526082,0.9766110237697992,0.9976087614122369,0.9567954946618636,0.9881982834469942
GTSinger_same_text_control,wavlm_l12,DE-Tenor-1,25,6.2,1.0,5.2,0.0,1.0,1.0,0.9246589800550545,0.9574588304382017,0.9926539236515762,0.9559557859872192,0.9848387478734238
GTSinger_same_text_control,wavlm_l12,IT-Bass-2,25,8.68,4.16,4.52,0.0,0.0,0.0,0.8017897894612814,0.9503658418259548,0.9820323010951522,0.960164945939239,0.980367629389135
GTSinger_same_text_control,wavlm_l12,JA-Tenor-1,30,10.0,8.833333333333334,1.1666666666666667,0.0,0.0,0.0,0.9416343843030716,0.9271494244539312,0.982027477297803,0.9624248183250939,0.9868248934513955
GTSinger_same_text_control,wavlm_l12,KO-Soprano-2,25,2.04,1.0,1.04,0.2,1.0,0.8,0.9367959661441647,0.9784238783377721,0.9969359178685636,0.9624072296750161,0.9895857569435695
GTSinger_same_text_control,wavlm_l12,EN-Alto-2,22,1.4090909090909092,1.0,0.4090909090909091,0.5909090909090909,1.0,0.4090909090909091,0.8995323809796638,0.9712863470586381,0.9944297974813131,0.9447637353576259,0.9813238551917859
GTSinger_same_text_control,wavlm_l12,ES-Soprano-1,29,2.206896551724138,1.0,1.206896551724138,0.13793103448275862,1.0,0.8620689655172413,0.9313316950256619,0.9785779810739864,0.9966143494181098,0.9602727442483064,0.9893690279064422
GTSinger_same_text_control,wavlm_l12,RU-Alto-1,28,1.0,1.1785714285714286,-0.17857142857142858,1.0,0.8928571428571429,-0.10714285714285714,0.8801875074240414,0.9868336271637947,0.9932559154893479,0.9656825016310299,0.9883834958976413
GTSinger_same_text_control,wavlm_l12,EN-Tenor-1,21,8.0,1.0476190476190477,6.9523809523809526,0.0,0.9523809523809523,0.9523809523809523,0.9286171521484616,0.95681188154418,0.9929400195384156,0.9617738512814207,0.9858205707813807
GTSinger_same_text_control,wavlm_l12,ES-Bass-1,24,1.0,1.4583333333333333,-0.4583333333333333,1.0,0.6666666666666666,-0.3333333333333333,0.8746166568599616,0.9804649045296493,0.993747490502237,0.9533589101854743,0.987936060169759
GTSinger_same_text_control,mert_l3,EN-Alto-1,24,1.0,1.0,0.0,1.0,1.0,0.0,0.816273125962322,0.9855573770119035,0.9908128589102585,0.9650642049812763,0.9750159204032501
GTSinger_same_text_control,mert_l3,FR-Soprano-1,18,1.5,1.3333333333333333,0.16666666666666666,0.5,0.6666666666666666,0.16666666666666666,0.7870083718806511,0.9744715284579387,0.9887057562361117,0.9548593245103447,0.976622706063671
GTSinger_same_text_control,mert_l3,FR-Tenor-1,26,7.730769230769231,1.5,6.230769230769231,0.0,0.5,0.5,0.7406735135449323,0.9591903376265134,0.9817002110723965,0.9632372077534656,0.9684855467056758
GTSinger_same_text_control,mert_l3,IT-Bass-1,23,1.3478260869565217,1.608695652173913,-0.2608695652173913,0.6521739130434783,0.5217391304347826,-0.13043478260869565,0.5579431370272021,0.979637661768726,0.9793291371611597,0.9632064607040568,0.9677236185570423
GTSinger_same_text_control,mert_l3,IT-Soprano-1,28,4.821428571428571,4.25,0.5714285714285714,0.0,0.0,0.0,0.7356866829997379,0.9704044988115531,0.9850694202146837,0.9586347423587558,0.9793087466717824
GTSinger_same_text_control,mert_l3,JA-Soprano-1,26,2.269230769230769,1.0,1.2692307692307692,0.15384615384615385,1.0,0.8461538461538461,0.7409462057748593,0.9552278065396371,0.9795600239465911,0.9342863407441448,0.9627744956232605
GTSinger_same_text_control,mert_l3,KO-Soprano-1,29,4.896551724137931,2.793103448275862,2.103448275862069,0.0,0.10344827586206896,0.10344827586206896,0.7007427530354795,0.9653225308783999,0.9812688377645761,0.9579252513177996,0.9754239298820724
GTSinger_same_text_control,mert_l3,KO-Tenor-1,28,5.785714285714286,1.0,4.785714285714286,0.0,1.0,1.0,0.8089615705575904,0.9626459370155374,0.9869470163672672,0.959345345986172,0.9758792745717334
GTSinger_same_text_control,mert_l3,ZH-Alto-1,29,4.931034482758621,1.0,3.9310344827586206,0.0,1.0,1.0,0.8404611667209461,0.9668709113192366,0.9901025821728843,0.9569241386747123,0.9761398925154827
GTSinger_same_text_control,mert_l3,ZH-Tenor-1,19,1.368421052631579,1.0,0.3684210526315789,0.631578947368421,1.0,0.3684210526315789,0.8357790725840684,0.9572435099774873,0.986387329221589,0.9391256976506646,0.9721625985112232
GTSinger_same_text_control,mert_l3,DE-Soprano-1,21,1.9523809523809523,1.4285714285714286,0.5238095238095238,0.23809523809523808,0.5714285714285714,0.3333333333333333,0.8374871858400346,0.9672886223442108,0.98984979025138,0.9482359438651665,0.9779633927203809
GTSinger_same_text_control,mert_l3,DE-Tenor-1,25,4.24,1.24,3.0,0.0,0.76,0.76,0.8164208721937252,0.9563798814828323,0.985064201853794,0.9497267669722465,0.9772764096151931
GTSinger_same_text_control,mert_l3,IT-Bass-2,25,3.0,1.76,1.24,0.0,0.52,0.52,0.6526517277652321,0.9469445462330914,0.9689004761255662,0.9383147237742421,0.9634444833112081
GTSinger_same_text_control,mert_l3,JA-Tenor-1,30,10.0,9.566666666666666,0.43333333333333335,0.0,0.0,0.0,0.8802402933711804,0.9047788791681651,0.964415760765032,0.9479701371207666,0.9728267116253524
GTSinger_same_text_control,mert_l3,KO-Soprano-2,25,1.92,1.64,0.28,0.36,0.4,0.04,0.8064382945619939,0.9725940905806274,0.9895745527745597,0.9549219287611728,0.9789409954488966
GTSinger_same_text_control,mert_l3,EN-Alto-2,22,1.4090909090909092,1.0,0.4090909090909091,0.5909090909090909,1.0,0.4090909090909091,0.859453833876831,0.9684474302619747,0.991415489764366,0.9421491071277616,0.9734785220741032
GTSinger_same_text_control,mert_l3,ES-Soprano-1,29,1.5172413793103448,1.0,0.5172413793103449,0.4827586206896552,1.0,0.5172413793103449,0.8233451144571762,0.9709453427023563,0.9900080558165578,0.9508179914739315,0.9782610526720197
GTSinger_same_text_control,mert_l3,RU-Alto-1,28,1.7142857142857142,2.2857142857142856,-0.5714285714285714,0.2857142857142857,0.25,-0.03571428571428571,0.752886611678292,0.9813653443060341,0.9882185685522696,0.9641844723897796,0.9789732644720822
GTSinger_same_text_control,mert_l3,EN-Tenor-1,21,9.0,5.142857142857143,3.857142857142857,0.0,0.0,0.0,0.8576772610243255,0.9161339894175591,0.96800331087143,0.9378814406663216,0.9666984886669373
GTSinger_same_text_control,mert_l3,ES-Bass-1,24,1.0,1.0,0.0,1.0,1.0,0.0,0.8177837409559539,0.964941913665586,0.9881795818058863,0.9305930130544446,0.9731007635934271
GTSinger_same_text_control,hubert_l6,EN-Alto-1,24,1.0,1.0,0.0,1.0,1.0,0.0,0.8917237901511891,0.9791413773108598,0.9939444325493513,0.9573794278154137,0.9854658079653875
GTSinger_same_text_control,hubert_l6,FR-Soprano-1,18,4.333333333333333,1.0,3.3333333333333335,0.0,1.0,1.0,0.9165693532535274,0.9712590953338345,0.9953152347032699,0.9626843597158646,0.9861655411210987
GTSinger_same_text_control,hubert_l6,FR-Tenor-1,26,9.384615384615385,2.6153846153846154,6.769230769230769,0.0,0.19230769230769232,0.19230769230769232,0.8813482761299303,0.9606117240561682,0.9911260344256758,0.972934233233173,0.9865405561355907
GTSinger_same_text_control,hubert_l6,IT-Bass-1,23,4.391304347826087,1.0,3.391304347826087,0.0,1.0,1.0,0.8423444767571873,0.9736445776476106,0.9918764245230252,0.970009854274169,0.9844363376164382
GTSinger_same_text_control,hubert_l6,IT-Soprano-1,28,4.357142857142857,1.0,3.357142857142857,0.0,1.0,1.0,0.912905759191661,0.972985730123045,0.9953613207784106,0.963414016122863,0.9882225343607273
GTSinger_same_text_control,hubert_l6,JA-Soprano-1,26,3.3076923076923075,1.0,2.3076923076923075,0.038461538461538464,1.0,0.9615384615384616,0.8351173081081024,0.9586676828296454,0.9877375705138339,0.9469878805438963,0.9772816825856635
GTSinger_same_text_control,hubert_l6,KO-Soprano-1,29,3.6551724137931036,1.5172413793103448,2.1379310344827585,0.034482758620689655,0.4827586206896552,0.4482758620689655,0.8647594330025906,0.9736567736883744,0.9929369623549212,0.9616224572935592,0.9867027989755177
GTSinger_same_text_control,hubert_l6,KO-Tenor-1,28,6.392857142857143,1.0,5.392857142857143,0.0,1.0,1.0,0.9182973888509929,0.9717781609843724,0.9957334731594294,0.9689851239719166,0.9859585644066595
GTSinger_same_text_control,hubert_l6,ZH-Alto-1,29,6.310344827586207,1.0,5.310344827586207,0.0,1.0,1.0,0.9056300480208221,0.9548874831722937,0.9913500022186652,0.9519759097871148,0.9828073134836518
GTSinger_same_text_control,hubert_l6,ZH-Tenor-1,19,2.736842105263158,1.0,1.736842105263158,0.05263157894736842,1.0,0.9473684210526315,0.8830355437355275,0.9631982323119131,0.9919746233767333,0.9494456171684736,0.9838546348563686
GTSinger_same_text_control,hubert_l6,DE-Soprano-1,21,2.4285714285714284,1.0,1.4285714285714286,0.047619047619047616,1.0,0.9523809523809523,0.941673659817123,0.9698196296925836,0.9965813334303533,0.9515104989586447,0.9871048883741012
GTSinger_same_text_control,hubert_l6,DE-Tenor-1,25,6.2,1.04,5.16,0.0,0.96,0.96,0.8827160289559902,0.9568666571808904,0.9902748883108132,0.9554769989703928,0.9843364127523945
GTSinger_same_text_control,hubert_l6,IT-Bass-2,25,9.04,4.8,4.24,0.0,0.0,0.0,0.7022169874509955,0.9492380616702686,0.9753609882379817,0.958626503646101,0.9746053520996096
GTSinger_same_text_control,hubert_l6,JA-Tenor-1,30,10.0,9.633333333333333,0.36666666666666664,0.0,0.0,0.0,0.9168756483158683,0.9249197240405125,0.9802605720150993,0.9602632500668046,0.9850518408707214
GTSinger_same_text_control,hubert_l6,KO-Soprano-2,25,2.88,1.28,1.6,0.12,0.72,0.6,0.8884663860698264,0.9725613260321735,0.9939868767877251,0.9583109691004426,0.9874900634703456
GTSinger_same_text_control,hubert_l6,EN-Alto-2,22,1.4090909090909092,1.0,0.4090909090909091,0.5909090909090909,1.0,0.4090909090909091,0.8898135032294108,0.9704788125367283,0.9936466358923265,0.9480118344301992,0.9838012076818846
GTSinger_same_text_control,hubert_l6,ES-Soprano-1,29,2.6206896551724137,1.3448275862068966,1.2758620689655173,0.10344827586206896,0.6551724137931034,0.5517241379310345,0.8909700999221846,0.9733534453488035,0.9941444002262712,0.9563688205553006,0.9875619280402171
GTSinger_same_text_control,hubert_l6,RU-Alto-1,28,1.0,1.0,0.0,1.0,1.0,0.0,0.8986764941504609,0.9814435114928093,0.994299433005651,0.9601931909635283,0.9871993126551789
GTSinger_same_text_control,hubert_l6,EN-Tenor-1,21,8.0,1.0,7.0,0.0,1.0,1.0,0.9343187836226221,0.9499170881807999,0.9918657837135318,0.954954630129104,0.984233597859449
GTSinger_same_text_control,hubert_l6,ES-Bass-1,24,1.0,1.7083333333333333,-0.7083333333333334,1.0,0.5833333333333334,-0.4166666666666667,0.8405121755158458,0.9785188161019196,0.9916204738529535,0.9527117288452823,0.9870972073045774
