dataset,model,layer,variant,rows,R1_mean,R1_p2_5,R1_p97_5,R5_mean,R5_p2_5,R5_p97_5,mean_rank_mean,mean_rank_p2_5,mean_rank_p97_5,MRR_mean,MRR_p2_5,MRR_p97_5,EER_test_descriptive_mean,EER_test_descriptive_p2_5,EER_test_descriptive_p97_5,TMR_at_FMR_1pct_mean,TMR_at_FMR_1pct_p2_5,TMR_at_FMR_1pct_p97_5,TMR_at_FMR_0_1pct_mean,TMR_at_FMR_0_1pct_p2_5,TMR_at_FMR_0_1pct_p97_5,genuine_score_mean_mean,genuine_score_mean_p2_5,genuine_score_mean_p97_5,impostor_score_mean_mean,impostor_score_mean_p2_5,impostor_score_mean_p97_5,genuine_minus_impostor_mean,genuine_minus_impostor_p2_5,genuine_minus_impostor_p97_5
GTSinger_same_text_control,hubert_l6,6,correct_sign_global,50,0.762,0.6,0.9,0.92,0.8,1.0,1.8920000000000001,1.1225,2.6,0.8370460317460316,0.7435833333333334,0.944375,0.18477777777777774,0.1,0.29874999999999996,0.282,0.1,0.5,nan,nan,nan,0.9913238213841226,0.9890905240609121,0.9933384038188148,0.9848299410985222,0.9824957103838198,0.987013836432821,0.006493880285600462,0.0056955876740366115,0.007249122145963097
GTSinger_same_text_control,hubert_l6,6,random_same_norm,2500,0.19647999999999996,0.1,0.3,0.6545599999999999,0.5,0.8,4.5638,3.9,5.0,0.39055214285714285,0.317327380952381,0.4740486111111112,0.38802,0.3,0.49444444444444446,0.02532,0.0,0.1,nan,nan,nan,0.9385336959159809,0.9350597879087333,0.9421621560709578,0.931999616825191,0.928483459241617,0.9357545146306165,0.006534079090789973,0.005692754492924645,0.007362508483485614
GTSinger_same_text_control,hubert_l6,6,random_same_norm_mean,50,0.19648,0.09999999999999998,0.30000000000000004,0.65456,0.53645,0.7932499999999998,4.5638000000000005,4.094,4.97725,0.3905521428571429,0.3225936111111111,0.45961380952380954,0.3880199999999999,0.30029722222222227,0.4862333333333333,0.02532,0.0,0.11014999999999998,nan,nan,nan,0.9385336959159809,0.9365427231707236,0.9408241108234778,0.9319996168251908,0.929935825689513,0.9344614313068142,0.006534079090789973,0.00570519574589394,0.0072999474894801615
GTSinger_same_text_control,hubert_l6,6,raw,50,0.198,0.1,0.3,0.6460000000000001,0.5,0.8,4.612,4.1225,5.0,0.38931269841269844,0.32398611111111114,0.45147916666666665,0.38188888888888883,0.3,0.48333333333333334,0.04,0.0,0.2549999999999997,nan,nan,nan,0.9650609061361941,0.9601717161557901,0.9696453109941513,0.9583401912835271,0.9533732612808892,0.9633984872550919,0.006720714852667078,0.005870606151593663,0.0075222733590807915
GTSinger_same_text_control,hubert_l6,6,wrong_sign_global,50,0.136,0.1,0.3,0.574,0.5,0.7,5.024,4.7225,5.2775,0.3349476190476191,0.2994444444444444,0.41931250000000003,0.439,0.4,0.5,0.0,0.0,0.0,nan,nan,nan,0.8852240039843531,0.8827834509227762,0.8878323209927629,0.8787236633898466,0.8762304662614154,0.8820342460556717,0.0065003405945064305,0.005667681975904925,0.007275030886732769
GTSinger_same_text_control,mert_l3,3,correct_sign_global,50,0.6040000000000001,0.4,0.8,0.9159999999999999,0.8,1.0,2.2119999999999997,1.5225,3.0775,0.7385730158730159,0.626125,0.8610714285714285,0.2368888888888889,0.2,0.3,0.20200000000000004,0.0,0.7549999999999998,nan,nan,nan,0.9835296242813335,0.9802252200918737,0.9863667375228719,0.9736554315082104,0.9685449837855992,0.9778994778444099,0.00987419277312303,0.007617505402079927,0.012442007972835407
GTSinger_same_text_control,mert_l3,3,random_same_norm,2500,0.28931999999999997,0.1,0.5,0.74368,0.6,0.9,3.76004,2.8,4.6,0.4877094285714285,0.33095238095238094,0.655952380952381,0.35526888888888886,0.3,0.40555555555555556,0.08915999999999999,0.0,0.3,nan,nan,nan,0.9378469401833056,0.9333531114109076,0.9421717203724173,0.9283444764436782,0.9228537781975964,0.9339969724767048,0.0095024637396273,0.007236994618569073,0.01202603802323902
GTSinger_same_text_control,mert_l3,3,random_same_norm_mean,50,0.28931999999999997,0.09999999999999998,0.5012,0.7436799999999999,0.59535,0.8995500000000001,3.76004,2.97975,4.4763,0.4877094285714286,0.33799821428571425,0.6214416666666668,0.3552688888888889,0.29819166666666663,0.4016527777777777,0.08916,0.0,0.29775,nan,nan,nan,0.9378469401833054,0.9343206443465695,0.941396183241894,0.9283444764436782,0.9238112405781278,0.9334893288677374,0.0095024637396273,0.007300682689594456,0.011920774771508953
GTSinger_same_text_control,mert_l3,3,raw,50,0.274,0.1,0.5,0.7539999999999999,0.6,0.9,3.7119999999999997,2.9,4.5,0.48512936507936516,0.33695238095238095,0.6303392857142857,0.3543333333333333,0.3,0.4,0.084,0.0,0.3,nan,nan,nan,0.9610806987962444,0.954035614304804,0.9681853835524553,0.951339773965845,0.9442350787989108,0.9585203697869668,0.009740924830399202,0.007508091933322472,0.012233282114485563
GTSinger_same_text_control,mert_l3,3,wrong_sign_global,50,0.19599999999999998,0.1,0.4,0.65,0.5,0.8,4.428,3.7,5.0775,0.4064055555555556,0.30809623015873017,0.5476944444444444,0.4067777777777778,0.3179166666666666,0.49874999999999997,0.05600000000000001,0.0,0.27749999999999986,nan,nan,nan,0.8970781008570996,0.893069703856365,0.9026027447704037,0.8879330394351709,0.88348451046188,0.8950127785897695,0.009145061421928646,0.0071164546110097674,0.011397087408590155
GTSinger_same_text_control,wavlm_l12,12,correct_sign_global,50,0.738,0.6,0.9,0.9119999999999999,0.8,1.0,1.9479999999999997,1.1225,2.8,0.8158396825396824,0.6947569444444445,0.9462499999999999,0.20888888888888885,0.08277777777777778,0.3,0.33399999999999996,0.1,0.6,nan,nan,nan,0.992605195130158,0.9899884603705055,0.9947044191592194,0.986204803544951,0.9829631385253859,0.9887319079579929,0.006400391585207075,0.005530421799650692,0.007302349718855563
GTSinger_same_text_control,wavlm_l12,12,random_same_norm,2500,0.20295999999999997,0.1,0.3,0.63564,0.5,0.8,4.63972,4.2,5.1,0.388242746031746,0.31527777777777777,0.46873015873015866,0.3793133333333333,0.3,0.5,0.03976,0.0,0.2,nan,nan,nan,0.9441368839232182,0.9408059891521017,0.9476598144044098,0.93780862324238,0.933992619579584,0.941584128327316,0.00632826068083814,0.0053936992059781,0.007287031732721458
GTSinger_same_text_control,wavlm_l12,12,random_same_norm_mean,50,0.20295999999999995,0.09999999999999998,0.3242,0.63564,0.5,0.76655,4.63972,4.31425,5.0479,0.388242746031746,0.3196644444444444,0.4641395039682539,0.37931333333333334,0.30000000000000004,0.49845555555555554,0.03976,0.0,0.15119999999999995,nan,nan,nan,0.944136883923218,0.9416833607752375,0.9462875296543657,0.93780862324238,0.934624096862183,0.9406442782215573,0.006328260680838141,0.0054321252366035565,0.007244502345306778
GTSinger_same_text_control,wavlm_l12,12,raw,50,0.19799999999999998,0.1,0.3,0.634,0.5,0.7774999999999999,4.64,4.3,5.0775,0.38731666666666664,0.31778670634920636,0.4551636904761905,0.3745555555555555,0.3,0.5,0.054000000000000006,0.0,0.2,nan,nan,nan,0.9680106457322905,0.9615300765232796,0.9731296673663236,0.9615194032723118,0.9543475765392349,0.96685507513276,0.0064912424599785365,0.005569275111566424,0.007416131137199358
GTSinger_same_text_control,wavlm_l12,12,wrong_sign_global,50,0.14400000000000002,0.1,0.3,0.5840000000000001,0.5,0.7,4.994000000000001,4.7,5.2775,0.34020714285714293,0.30204166666666665,0.41643551587301586,0.42111111111111105,0.32611111111111113,0.5,0.006000000000000001,0.0,0.1,nan,nan,nan,0.8973273148683651,0.894936961022127,0.9006837452219492,0.8911310972473271,0.888133094060476,0.8947816563807252,0.006196217621038098,0.005285984147993361,0.007104352262876018
JVS_JVSMuSiC,hubert_l6,6,correct_sign_global,20,0.605,0.45,0.72625,0.8875,0.8,0.95,2.695,1.8425,3.57625,0.721384709588657,0.6101845238095238,0.81715625,0.18585526315789472,0.14723684210526317,0.23062499999999994,0.29999999999999993,0.12375,0.47624999999999995,0.14250000000000002,0.0,0.27624999999999994,0.9935025660539161,0.9922247034910796,0.9942169541922034,0.9891131919062479,0.9870462153608859,0.9901572288137521,0.004389374147667979,0.003589120182311495,0.005257152540834405
JVS_JVSMuSiC,hubert_l6,6,random_same_norm,1000,0.19060000000000002,0.1,0.35,0.506,0.35,0.65,6.69505,5.35,7.65,0.3529176561143105,0.27822095722260193,0.4425642924273438,0.37466578947368423,0.3026315789473684,0.45,0.023200000000000002,0.0,0.15,0.0015500000000000002,0.0,0.05,0.9441078034573578,0.9409242475329486,0.9474476177783361,0.9395610240864694,0.9359440254599591,0.9430164502531638,0.004546779370888532,0.0035724192585991714,0.0056406593250313665
JVS_JVSMuSiC,hubert_l6,6,random_same_norm_mean,20,0.19059999999999996,0.120325,0.2799249999999999,0.506,0.37907499999999994,0.604625,6.695049999999999,5.549149999999999,7.485925000000001,0.3529176561143105,0.30117952148921767,0.42018698951783506,0.37466578947368423,0.3329388157894737,0.4343572368421053,0.0232,0.0,0.1011749999999999,0.0015500000000000002,0.0,0.014049999999999998,0.944107803457358,0.9425094270677331,0.9461866702033467,0.9395610240864694,0.9372125337881605,0.9416950465148461,0.004546779370888531,0.0037191495977212793,0.0054402366394297975
JVS_JVSMuSiC,hubert_l6,6,raw,20,0.195,0.12375,0.3024999999999998,0.51,0.37375,0.6,6.65,5.46375,7.5024999999999995,0.35650110912049765,0.3054667732669377,0.4386205545346895,0.3705263157894737,0.3225,0.43,0.02,0.0,0.07624999999999993,0.005,0.0,0.05,0.9698590048648243,0.967980494135803,0.9726657325152359,0.9651881834307494,0.9626400757073846,0.9680778429077804,0.0046708214340750506,0.0038210427921029242,0.005588903759871899
JVS_JVSMuSiC,hubert_l6,6,wrong_sign_global,20,0.1075,0.05,0.17624999999999993,0.38750000000000007,0.3,0.5,8.3675,7.4662500000000005,9.026250000000001,0.2606161506729424,0.2236887765012765,0.30902449725519576,0.41144736842105256,0.35437499999999994,0.45200657894736845,0.0025,0.0,0.02624999999999993,0.0,0.0,0.0,0.8922813869112666,0.8897385087223968,0.8957459093844944,0.8875700140777159,0.8845212365084989,0.891124257244047,0.004711372833550759,0.003856973881147402,0.00562762862302159
JVS_JVSMuSiC,mert_l3,3,correct_sign_global,20,0.66,0.47125000000000006,0.77625,0.9249999999999998,0.85,1.0,2.08,1.4475,2.6312499999999996,0.770533098845599,0.6544507575757575,0.8492187499999999,0.16092105263157894,0.10500000000000001,0.2,0.3875,0.2,0.6,0.23999999999999994,0.05,0.42624999999999996,0.9888368858119222,0.9878439700893885,0.9900087091968715,0.978547967701797,0.9762164370546526,0.9806755754695182,0.010288918110125245,0.008758850846191879,0.011656994211398514
JVS_JVSMuSiC,mert_l3,3,random_same_norm,1000,0.3605,0.2,0.55,0.7258999999999999,0.55,0.85,4.3188,3.15,5.35,0.5203151556370615,0.41225578350742825,0.6585222467215017,0.28545657894736837,0.2394736842105263,0.35,0.13319999999999999,0.0,0.25,0.013800000000000002,0.0,0.1,0.9498605005208036,0.9464445749705099,0.9538206194324729,0.9397858870405585,0.9352062598641315,0.94400634681263,0.010074613480244991,0.008364096661033743,0.011426017206764394
JVS_JVSMuSiC,mert_l3,3,random_same_norm_mean,20,0.36050000000000004,0.22819999999999996,0.5049249999999998,0.7259,0.5935750000000001,0.842,4.3187999999999995,3.550125,5.144574999999999,0.5203151556370617,0.4281343703681939,0.6294316158702623,0.2854565789473684,0.2438217105263158,0.34512828947368424,0.1332,0.033275000000000006,0.24229999999999993,0.013799999999999998,0.0,0.06067499999999998,0.9498605005208036,0.9472149209580812,0.9529816419383388,0.9397858870405585,0.9363281951269372,0.9430222807311586,0.010074613480244991,0.008586057718521892,0.011392770639655268
JVS_JVSMuSiC,mert_l3,3,raw,20,0.36499999999999994,0.22375,0.52625,0.7225,0.57375,0.85,4.2975,3.4825,5.138749999999999,0.5234094045144742,0.4261938131313131,0.6345523036475048,0.2849342105263158,0.24792763157894737,0.35,0.14250000000000002,0.05,0.25,0.015000000000000003,0.0,0.05,0.968991771720372,0.9661044662268946,0.9725346170125421,0.9587147350739217,0.9549635084102487,0.9624926929566185,0.010277036646450011,0.008754564624324574,0.011626567651219406
JVS_JVSMuSiC,mert_l3,3,wrong_sign_global,20,0.18,0.1,0.35,0.5149999999999999,0.42375,0.6,6.702500000000001,6.047499999999999,7.46,0.34693131519108683,0.2804538351225657,0.48440934213597714,0.37453947368421053,0.318125,0.44437499999999996,0.030000000000000006,0.0,0.12624999999999992,0.0,0.0,0.0,0.9129867558883811,0.9089808077328095,0.9181831226464245,0.9031380688791479,0.8984605017418448,0.9082773947764518,0.009848687009233099,0.008406936803936355,0.011110523535499678
JVS_JVSMuSiC,wavlm_l12,12,correct_sign_global,20,0.36249999999999993,0.25,0.45,0.76,0.65,0.87625,4.0875,2.75875,5.2075,0.5402370736311333,0.45688534035409034,0.633080357142857,0.2658552631578947,0.17865131578947369,0.349375,0.14500000000000005,0.05,0.35,0.07,0.0,0.15,0.995140032888723,0.9937161212483958,0.9958757442831184,0.9925043458819275,0.9903873619993956,0.993582702677552,0.0026356870067956784,0.0019690776758081565,0.003491241304144665
JVS_JVSMuSiC,wavlm_l12,12,random_same_norm,1000,0.1328,0.05,0.3,0.4001,0.3,0.6,8.3385,7.34875,9.15,0.2737780777330255,0.2291434489465643,0.3885654253028963,0.42501842105263166,0.3605263157894737,0.4513157894736842,0.029949999999999997,0.0,0.1,0.00015000000000000001,0.0,0.0,0.9472654271183635,0.9438313082537866,0.9505738794832114,0.9446095196598127,0.9405395466173466,0.9481143088562809,0.0026559074585507632,0.0019189835445333203,0.0036011127255148935
JVS_JVSMuSiC,wavlm_l12,12,random_same_norm_mean,20,0.13279999999999997,0.06709999999999999,0.255725,0.4001,0.30215,0.5199499999999999,8.338500000000002,7.5230999999999995,9.025350000000001,0.2737780777330254,0.2407897359331415,0.3605244310530155,0.42501842105263155,0.38622828947368426,0.4515967105263158,0.029949999999999997,0.0,0.09014999999999992,0.00015000000000000001,0.0,0.0015749999999999959,0.9472654271183636,0.9452761814376166,0.9493391670553549,0.9446095196598128,0.9418999796024595,0.9470070804691665,0.0026559074585507632,0.0019690199073955856,0.003528710097795564
JVS_JVSMuSiC,wavlm_l12,12,raw,20,0.13500000000000004,0.07375000000000001,0.27624999999999994,0.4025,0.27375,0.5524999999999999,8.33,7.495,9.03125,0.2757876437610377,0.23668734640295205,0.37495433436532494,0.4209868421052632,0.39378289473684214,0.45,0.030000000000000006,0.0,0.12624999999999992,0.0,0.0,0.0,0.9711471212032535,0.9690366317505912,0.973828689885039,0.9684225384860042,0.9657574772651769,0.9712613791811573,0.0027245827172491634,0.0020184972550326835,0.0036266075693128477
JVS_JVSMuSiC,wavlm_l12,12,wrong_sign_global,20,0.1025,0.05,0.17624999999999993,0.30999999999999994,0.25,0.35,9.4925,9.07375,9.776250000000001,0.22906262648600104,0.19598448661224396,0.28223560890433946,0.461907894736842,0.4025,0.5,0.0,0.0,0.0,0.0,0.0,0.0,0.898854155970672,0.8957517726768071,0.9023332656271776,0.8961862580687174,0.892409037791995,0.8999621823134217,0.0026678979019541084,0.0019722171905386192,0.0035449299084573337
