dataset,model,layer,split_seed,variant,threshold,FMR,FNMR,TMR
GTSinger_same_text_control_fixed_frames,wavlm_l12,12,13,raw,0.8994223706190168,1.0,0.0,1.0
GTSinger_same_text_control_fixed_frames,wavlm_l12,12,13,raw,0.9058144590371258,0.9888888888888889,0.0,1.0
GTSinger_same_text_control_fixed_frames,wavlm_l12,12,13,raw,0.9065902361440805,0.9777777777777777,0.0,1.0
GTSinger_same_text_control_fixed_frames,wavlm_l12,12,13,raw,0.9151026259491092,0.9666666666666667,0.0,1.0
GTSinger_same_text_control_fixed_frames,wavlm_l12,12,13,raw,0.9189537688358114,0.9555555555555556,0.0,1.0
GTSinger_same_text_control_fixed_frames,wavlm_l12,12,13,raw,0.9196463246309905,0.9444444444444444,0.0,1.0
GTSinger_same_text_control_fixed_frames,wavlm_l12,12,13,raw,0.9239089347324996,0.9333333333333333,0.0,1.0
GTSinger_same_text_control_fixed_frames,wavlm_l12,12,13,raw,0.9275882320186423,0.9222222222222223,0.0,1.0
GTSinger_same_text_control_fixed_frames,wavlm_l12,12,13,raw,0.9397054610761917,0.9111111111111111,0.0,1.0
GTSinger_same_text_control_fixed_frames,wavlm_l12,12,13,raw,0.9415704718694666,0.9,0.0,1.0
GTSinger_same_text_control_fixed_frames,wavlm_l12,12,13,raw,0.943323294216541,0.8888888888888888,0.0,1.0
GTSinger_same_text_control_fixed_frames,wavlm_l12,12,13,raw,0.9449469027733591,0.8888888888888888,0.1,0.9
GTSinger_same_text_control_fixed_frames,wavlm_l12,12,13,raw,0.9475911597740401,0.8777777777777778,0.1,0.9
GTSinger_same_text_control_fixed_frames,wavlm_l12,12,13,raw,0.9518958866532152,0.8666666666666667,0.1,0.9
GTSinger_same_text_control_fixed_frames,wavlm_l12,12,13,raw,0.9549917689470979,0.8555555555555555,0.1,0.9
GTSinger_same_text_control_fixed_frames,wavlm_l12,12,13,raw,0.9562387114611846,0.8444444444444444,0.1,0.9
GTSinger_same_text_control_fixed_frames,wavlm_l12,12,13,raw,0.9566699628789732,0.8333333333333334,0.1,0.9
GTSinger_same_text_control_fixed_frames,wavlm_l12,12,13,raw,0.9573834925419946,0.8222222222222222,0.1,0.9
GTSinger_same_text_control_fixed_frames,wavlm_l12,12,13,raw,0.9576028391384697,0.8222222222222222,0.2,0.8
GTSinger_same_text_control_fixed_frames,wavlm_l12,12,13,raw,0.9576301615880889,0.8111111111111111,0.2,0.8
GTSinger_same_text_control_fixed_frames,wavlm_l12,12,13,raw,0.9577252692460665,0.8,0.2,0.8
GTSinger_same_text_control_fixed_frames,wavlm_l12,12,13,raw,0.9577428094515158,0.7888888888888889,0.2,0.8
GTSinger_same_text_control_fixed_frames,wavlm_l12,12,13,raw,0.9579781175238729,0.7777777777777778,0.2,0.8
GTSinger_same_text_control_fixed_frames,wavlm_l12,12,13,raw,0.9586371211632156,0.7666666666666667,0.2,0.8
GTSinger_same_text_control_fixed_frames,wavlm_l12,12,13,raw,0.9586749377702559,0.7555555555555555,0.2,0.8
GTSinger_same_text_control_fixed_frames,wavlm_l12,12,13,raw,0.9590345151057142,0.7444444444444445,0.2,0.8
GTSinger_same_text_control_fixed_frames,wavlm_l12,12,13,raw,0.9595644735589806,0.7333333333333333,0.2,0.8
GTSinger_same_text_control_fixed_frames,wavlm_l12,12,13,raw,0.9605635098441829,0.7222222222222222,0.2,0.8
GTSinger_same_text_control_fixed_frames,wavlm_l12,12,13,raw,0.9607360103210715,0.7111111111111111,0.2,0.8
GTSinger_same_text_control_fixed_frames,wavlm_l12,12,13,raw,0.9611838031748855,0.7,0.2,0.8
GTSinger_same_text_control_fixed_frames,wavlm_l12,12,13,raw,0.9612259536789747,0.6888888888888889,0.2,0.8
GTSinger_same_text_control_fixed_frames,wavlm_l12,12,13,raw,0.9617428384742422,0.6777777777777778,0.2,0.8
GTSinger_same_text_control_fixed_frames,wavlm_l12,12,13,raw,0.9617481252612956,0.6666666666666666,0.2,0.8
GTSinger_same_text_control_fixed_frames,wavlm_l12,12,13,raw,0.9629888343046795,0.6555555555555556,0.2,0.8
GTSinger_same_text_control_fixed_frames,wavlm_l12,12,13,raw,0.963924579324966,0.6444444444444445,0.2,0.8
GTSinger_same_text_control_fixed_frames,wavlm_l12,12,13,raw,0.964116851016409,0.6333333333333333,0.2,0.8
GTSinger_same_text_control_fixed_frames,wavlm_l12,12,13,raw,0.9642073939818561,0.6222222222222222,0.2,0.8
GTSinger_same_text_control_fixed_frames,wavlm_l12,12,13,raw,0.9645243358413715,0.6111111111111112,0.2,0.8
GTSinger_same_text_control_fixed_frames,wavlm_l12,12,13,raw,0.965418336039827,0.6,0.2,0.8
GTSinger_same_text_control_fixed_frames,wavlm_l12,12,13,raw,0.9654795292657121,0.5888888888888889,0.2,0.8
GTSinger_same_text_control_fixed_frames,wavlm_l12,12,13,raw,0.9656745239235454,0.5777777777777777,0.2,0.8
GTSinger_same_text_control_fixed_frames,wavlm_l12,12,13,raw,0.9659016241526244,0.5666666666666667,0.2,0.8
GTSinger_same_text_control_fixed_frames,wavlm_l12,12,13,raw,0.9664832890047839,0.5555555555555556,0.2,0.8
GTSinger_same_text_control_fixed_frames,wavlm_l12,12,13,raw,0.9668401276915456,0.5444444444444444,0.2,0.8
GTSinger_same_text_control_fixed_frames,wavlm_l12,12,13,raw,0.9673551355437326,0.5333333333333333,0.2,0.8
GTSinger_same_text_control_fixed_frames,wavlm_l12,12,13,raw,0.9675205363828823,0.5222222222222223,0.2,0.8
GTSinger_same_text_control_fixed_frames,wavlm_l12,12,13,raw,0.9675773682480424,0.5111111111111111,0.2,0.8
GTSinger_same_text_control_fixed_frames,wavlm_l12,12,13,raw,0.9679338840630463,0.5,0.2,0.8
GTSinger_same_text_control_fixed_frames,wavlm_l12,12,13,raw,0.968125254570595,0.4888888888888889,0.2,0.8
GTSinger_same_text_control_fixed_frames,wavlm_l12,12,13,raw,0.9681363308708311,0.4777777777777778,0.2,0.8
GTSinger_same_text_control_fixed_frames,wavlm_l12,12,13,raw,0.9682024290552345,0.4666666666666667,0.2,0.8
GTSinger_same_text_control_fixed_frames,wavlm_l12,12,13,raw,0.9682491863716822,0.45555555555555555,0.2,0.8
GTSinger_same_text_control_fixed_frames,wavlm_l12,12,13,raw,0.9690150508848685,0.4444444444444444,0.2,0.8
GTSinger_same_text_control_fixed_frames,wavlm_l12,12,13,raw,0.9695074972307753,0.43333333333333335,0.2,0.8
GTSinger_same_text_control_fixed_frames,wavlm_l12,12,13,raw,0.9696741067020008,0.4222222222222222,0.2,0.8
GTSinger_same_text_control_fixed_frames,wavlm_l12,12,13,raw,0.9698784904300426,0.4111111111111111,0.2,0.8
GTSinger_same_text_control_fixed_frames,wavlm_l12,12,13,raw,0.9700613776005766,0.4,0.2,0.8
GTSinger_same_text_control_fixed_frames,wavlm_l12,12,13,raw,0.9701643599950807,0.3888888888888889,0.2,0.8
GTSinger_same_text_control_fixed_frames,wavlm_l12,12,13,raw,0.9703379618296221,0.3888888888888889,0.3,0.7
GTSinger_same_text_control_fixed_frames,wavlm_l12,12,13,raw,0.9703386913360292,0.37777777777777777,0.3,0.7
GTSinger_same_text_control_fixed_frames,wavlm_l12,12,13,raw,0.9705880603144618,0.36666666666666664,0.3,0.7
GTSinger_same_text_control_fixed_frames,wavlm_l12,12,13,raw,0.9707886106800592,0.35555555555555557,0.3,0.7
GTSinger_same_text_control_fixed_frames,wavlm_l12,12,13,raw,0.9710577273794998,0.34444444444444444,0.3,0.7
GTSinger_same_text_control_fixed_frames,wavlm_l12,12,13,raw,0.9711516510323401,0.3333333333333333,0.3,0.7
GTSinger_same_text_control_fixed_frames,wavlm_l12,12,13,raw,0.9712512530922977,0.32222222222222224,0.3,0.7
GTSinger_same_text_control_fixed_frames,wavlm_l12,12,13,raw,0.9713197299105065,0.32222222222222224,0.4,0.6
GTSinger_same_text_control_fixed_frames,wavlm_l12,12,13,raw,0.9713326378536655,0.3111111111111111,0.4,0.6
GTSinger_same_text_control_fixed_frames,wavlm_l12,12,13,raw,0.9715379158116674,0.3,0.4,0.6
GTSinger_same_text_control_fixed_frames,wavlm_l12,12,13,raw,0.9717203673518221,0.28888888888888886,0.4,0.6
GTSinger_same_text_control_fixed_frames,wavlm_l12,12,13,raw,0.9719302757522952,0.28888888888888886,0.5,0.5
GTSinger_same_text_control_fixed_frames,wavlm_l12,12,13,raw,0.9726561142240334,0.2777777777777778,0.5,0.5
GTSinger_same_text_control_fixed_frames,wavlm_l12,12,13,raw,0.9731451938663929,0.26666666666666666,0.5,0.5
GTSinger_same_text_control_fixed_frames,wavlm_l12,12,13,raw,0.9733181330156113,0.25555555555555554,0.5,0.5
GTSinger_same_text_control_fixed_frames,wavlm_l12,12,13,raw,0.9737185276551137,0.24444444444444444,0.5,0.5
GTSinger_same_text_control_fixed_frames,wavlm_l12,12,13,raw,0.9738139769134273,0.23333333333333334,0.5,0.5
GTSinger_same_text_control_fixed_frames,wavlm_l12,12,13,raw,0.9738865775743285,0.2222222222222222,0.5,0.5
GTSinger_same_text_control_fixed_frames,wavlm_l12,12,13,raw,0.9740168121967079,0.2111111111111111,0.5,0.5
GTSinger_same_text_control_fixed_frames,wavlm_l12,12,13,raw,0.9743724519337212,0.2,0.5,0.5
GTSinger_same_text_control_fixed_frames,wavlm_l12,12,13,raw,0.9752170121861853,0.18888888888888888,0.5,0.5
GTSinger_same_text_control_fixed_frames,wavlm_l12,12,13,raw,0.9753575256523019,0.17777777777777778,0.5,0.5
GTSinger_same_text_control_fixed_frames,wavlm_l12,12,13,raw,0.9753632751781215,0.16666666666666666,0.5,0.5
GTSinger_same_text_control_fixed_frames,wavlm_l12,12,13,raw,0.9755387828388651,0.15555555555555556,0.5,0.5
GTSinger_same_text_control_fixed_frames,wavlm_l12,12,13,raw,0.9760009303408694,0.14444444444444443,0.5,0.5
GTSinger_same_text_control_fixed_frames,wavlm_l12,12,13,raw,0.9761924687988754,0.13333333333333333,0.5,0.5
GTSinger_same_text_control_fixed_frames,wavlm_l12,12,13,raw,0.9762068443270331,0.13333333333333333,0.6,0.4
GTSinger_same_text_control_fixed_frames,wavlm_l12,12,13,raw,0.9762698597573748,0.12222222222222222,0.6,0.4
GTSinger_same_text_control_fixed_frames,wavlm_l12,12,13,raw,0.9766446058328869,0.1111111111111111,0.6,0.4
GTSinger_same_text_control_fixed_frames,wavlm_l12,12,13,raw,0.9766767655827473,0.1,0.6,0.4
GTSinger_same_text_control_fixed_frames,wavlm_l12,12,13,raw,0.9768079922462416,0.08888888888888889,0.6,0.4
GTSinger_same_text_control_fixed_frames,wavlm_l12,12,13,raw,0.976814133853526,0.08888888888888889,0.7,0.30000000000000004
GTSinger_same_text_control_fixed_frames,wavlm_l12,12,13,raw,0.9769524773302614,0.07777777777777778,0.7,0.30000000000000004
GTSinger_same_text_control_fixed_frames,wavlm_l12,12,13,raw,0.9775399425877618,0.06666666666666667,0.7,0.30000000000000004
GTSinger_same_text_control_fixed_frames,wavlm_l12,12,13,raw,0.9781282659988975,0.05555555555555555,0.7,0.30000000000000004
GTSinger_same_text_control_fixed_frames,wavlm_l12,12,13,raw,0.978325187932568,0.044444444444444446,0.7,0.30000000000000004
GTSinger_same_text_control_fixed_frames,wavlm_l12,12,13,raw,0.9789214978520904,0.03333333333333333,0.7,0.30000000000000004
GTSinger_same_text_control_fixed_frames,wavlm_l12,12,13,raw,0.98068971537759,0.022222222222222223,0.7,0.30000000000000004
GTSinger_same_text_control_fixed_frames,wavlm_l12,12,13,raw,0.9808407523059601,0.022222222222222223,0.8,0.19999999999999996
GTSinger_same_text_control_fixed_frames,wavlm_l12,12,13,raw,0.9817154415973012,0.011111111111111112,0.8,0.19999999999999996
GTSinger_same_text_control_fixed_frames,wavlm_l12,12,13,raw,0.9829447176139853,0.0,0.8,0.19999999999999996
GTSinger_same_text_control_fixed_frames,wavlm_l12,12,13,raw,0.9840249624913336,0.0,0.9,0.09999999999999998
GTSinger_same_text_control_fixed_frames,wavlm_l12,12,13,correct_sign_global,0.9555684831992481,1.0,0.0,1.0
GTSinger_same_text_control_fixed_frames,wavlm_l12,12,13,correct_sign_global,0.9576377429533147,0.9888888888888889,0.0,1.0
GTSinger_same_text_control_fixed_frames,wavlm_l12,12,13,correct_sign_global,0.9587428241099126,0.9777777777777777,0.0,1.0
GTSinger_same_text_control_fixed_frames,wavlm_l12,12,13,correct_sign_global,0.96101281483729,0.9666666666666667,0.0,1.0
GTSinger_same_text_control_fixed_frames,wavlm_l12,12,13,correct_sign_global,0.9622963457334391,0.9555555555555556,0.0,1.0
GTSinger_same_text_control_fixed_frames,wavlm_l12,12,13,correct_sign_global,0.9624353335573244,0.9444444444444444,0.0,1.0
GTSinger_same_text_control_fixed_frames,wavlm_l12,12,13,correct_sign_global,0.9660682972068183,0.9333333333333333,0.0,1.0
GTSinger_same_text_control_fixed_frames,wavlm_l12,12,13,correct_sign_global,0.966109117590152,0.9222222222222223,0.0,1.0
GTSinger_same_text_control_fixed_frames,wavlm_l12,12,13,correct_sign_global,0.9667082407517902,0.9111111111111111,0.0,1.0
GTSinger_same_text_control_fixed_frames,wavlm_l12,12,13,correct_sign_global,0.9673608624342648,0.9,0.0,1.0
GTSinger_same_text_control_fixed_frames,wavlm_l12,12,13,correct_sign_global,0.9703264023292547,0.8888888888888888,0.0,1.0
GTSinger_same_text_control_fixed_frames,wavlm_l12,12,13,correct_sign_global,0.9703975062304707,0.8777777777777778,0.0,1.0
GTSinger_same_text_control_fixed_frames,wavlm_l12,12,13,correct_sign_global,0.9709570505587453,0.8666666666666667,0.0,1.0
GTSinger_same_text_control_fixed_frames,wavlm_l12,12,13,correct_sign_global,0.9720503221160001,0.8555555555555555,0.0,1.0
GTSinger_same_text_control_fixed_frames,wavlm_l12,12,13,correct_sign_global,0.9722865429695412,0.8444444444444444,0.0,1.0
GTSinger_same_text_control_fixed_frames,wavlm_l12,12,13,correct_sign_global,0.9723958393074139,0.8333333333333334,0.0,1.0
GTSinger_same_text_control_fixed_frames,wavlm_l12,12,13,correct_sign_global,0.9740350027108814,0.8222222222222222,0.0,1.0
GTSinger_same_text_control_fixed_frames,wavlm_l12,12,13,correct_sign_global,0.9747806472682341,0.8111111111111111,0.0,1.0
GTSinger_same_text_control_fixed_frames,wavlm_l12,12,13,correct_sign_global,0.9748824126330263,0.8,0.0,1.0
GTSinger_same_text_control_fixed_frames,wavlm_l12,12,13,correct_sign_global,0.9751800497680028,0.7888888888888889,0.0,1.0
GTSinger_same_text_control_fixed_frames,wavlm_l12,12,13,correct_sign_global,0.9759565447371727,0.7777777777777778,0.0,1.0
GTSinger_same_text_control_fixed_frames,wavlm_l12,12,13,correct_sign_global,0.9770126984087072,0.7666666666666667,0.0,1.0
GTSinger_same_text_control_fixed_frames,wavlm_l12,12,13,correct_sign_global,0.977277731473439,0.7555555555555555,0.0,1.0
GTSinger_same_text_control_fixed_frames,wavlm_l12,12,13,correct_sign_global,0.9774198798677329,0.7444444444444445,0.0,1.0
GTSinger_same_text_control_fixed_frames,wavlm_l12,12,13,correct_sign_global,0.9783046530682258,0.7333333333333333,0.0,1.0
GTSinger_same_text_control_fixed_frames,wavlm_l12,12,13,correct_sign_global,0.9786750785564003,0.7222222222222222,0.0,1.0
GTSinger_same_text_control_fixed_frames,wavlm_l12,12,13,correct_sign_global,0.9789065161858281,0.7111111111111111,0.0,1.0
GTSinger_same_text_control_fixed_frames,wavlm_l12,12,13,correct_sign_global,0.9790771797255441,0.7,0.0,1.0
GTSinger_same_text_control_fixed_frames,wavlm_l12,12,13,correct_sign_global,0.9793724427527379,0.6888888888888889,0.0,1.0
GTSinger_same_text_control_fixed_frames,wavlm_l12,12,13,correct_sign_global,0.9794794830459532,0.6777777777777778,0.0,1.0
GTSinger_same_text_control_fixed_frames,wavlm_l12,12,13,correct_sign_global,0.979525103437263,0.6666666666666666,0.0,1.0
GTSinger_same_text_control_fixed_frames,wavlm_l12,12,13,correct_sign_global,0.9796269496635028,0.6555555555555556,0.0,1.0
GTSinger_same_text_control_fixed_frames,wavlm_l12,12,13,correct_sign_global,0.9798049498088119,0.6444444444444445,0.0,1.0
GTSinger_same_text_control_fixed_frames,wavlm_l12,12,13,correct_sign_global,0.9798269315383663,0.6444444444444445,0.1,0.9
GTSinger_same_text_control_fixed_frames,wavlm_l12,12,13,correct_sign_global,0.9805144364600649,0.6333333333333333,0.1,0.9
GTSinger_same_text_control_fixed_frames,wavlm_l12,12,13,correct_sign_global,0.9805274389626619,0.6222222222222222,0.1,0.9
GTSinger_same_text_control_fixed_frames,wavlm_l12,12,13,correct_sign_global,0.9806345798492823,0.6111111111111112,0.1,0.9
GTSinger_same_text_control_fixed_frames,wavlm_l12,12,13,correct_sign_global,0.9807749061198638,0.6111111111111112,0.2,0.8
GTSinger_same_text_control_fixed_frames,wavlm_l12,12,13,correct_sign_global,0.9808218966881073,0.6,0.2,0.8
GTSinger_same_text_control_fixed_frames,wavlm_l12,12,13,correct_sign_global,0.9814427191519566,0.5888888888888889,0.2,0.8
GTSinger_same_text_control_fixed_frames,wavlm_l12,12,13,correct_sign_global,0.9816618107613125,0.5777777777777777,0.2,0.8
GTSinger_same_text_control_fixed_frames,wavlm_l12,12,13,correct_sign_global,0.9817610717557934,0.5666666666666667,0.2,0.8
GTSinger_same_text_control_fixed_frames,wavlm_l12,12,13,correct_sign_global,0.9818468461014345,0.5555555555555556,0.2,0.8
GTSinger_same_text_control_fixed_frames,wavlm_l12,12,13,correct_sign_global,0.9819336239920742,0.5444444444444444,0.2,0.8
GTSinger_same_text_control_fixed_frames,wavlm_l12,12,13,correct_sign_global,0.9821224704801532,0.5333333333333333,0.2,0.8
GTSinger_same_text_control_fixed_frames,wavlm_l12,12,13,correct_sign_global,0.9821571900370734,0.5222222222222223,0.2,0.8
GTSinger_same_text_control_fixed_frames,wavlm_l12,12,13,correct_sign_global,0.9822738262597286,0.5111111111111111,0.2,0.8
GTSinger_same_text_control_fixed_frames,wavlm_l12,12,13,correct_sign_global,0.9824055452190583,0.5,0.2,0.8
GTSinger_same_text_control_fixed_frames,wavlm_l12,12,13,correct_sign_global,0.9828125920274142,0.4888888888888889,0.2,0.8
GTSinger_same_text_control_fixed_frames,wavlm_l12,12,13,correct_sign_global,0.9829035497061831,0.4777777777777778,0.2,0.8
GTSinger_same_text_control_fixed_frames,wavlm_l12,12,13,correct_sign_global,0.98311167296896,0.4666666666666667,0.2,0.8
GTSinger_same_text_control_fixed_frames,wavlm_l12,12,13,correct_sign_global,0.9832383143858746,0.45555555555555555,0.2,0.8
GTSinger_same_text_control_fixed_frames,wavlm_l12,12,13,correct_sign_global,0.9832602772338337,0.4444444444444444,0.2,0.8
GTSinger_same_text_control_fixed_frames,wavlm_l12,12,13,correct_sign_global,0.9838988860989797,0.43333333333333335,0.2,0.8
GTSinger_same_text_control_fixed_frames,wavlm_l12,12,13,correct_sign_global,0.9839669246038394,0.4222222222222222,0.2,0.8
GTSinger_same_text_control_fixed_frames,wavlm_l12,12,13,correct_sign_global,0.9841391890258839,0.4111111111111111,0.2,0.8
GTSinger_same_text_control_fixed_frames,wavlm_l12,12,13,correct_sign_global,0.9845448083731345,0.4,0.2,0.8
GTSinger_same_text_control_fixed_frames,wavlm_l12,12,13,correct_sign_global,0.9846860924484628,0.3888888888888889,0.2,0.8
GTSinger_same_text_control_fixed_frames,wavlm_l12,12,13,correct_sign_global,0.9847276743831447,0.37777777777777777,0.2,0.8
GTSinger_same_text_control_fixed_frames,wavlm_l12,12,13,correct_sign_global,0.9854173589951836,0.36666666666666664,0.2,0.8
GTSinger_same_text_control_fixed_frames,wavlm_l12,12,13,correct_sign_global,0.9856957259141149,0.35555555555555557,0.2,0.8
GTSinger_same_text_control_fixed_frames,wavlm_l12,12,13,correct_sign_global,0.9858278036406649,0.34444444444444444,0.2,0.8
GTSinger_same_text_control_fixed_frames,wavlm_l12,12,13,correct_sign_global,0.9858480982249652,0.3333333333333333,0.2,0.8
GTSinger_same_text_control_fixed_frames,wavlm_l12,12,13,correct_sign_global,0.9859604326824827,0.32222222222222224,0.2,0.8
GTSinger_same_text_control_fixed_frames,wavlm_l12,12,13,correct_sign_global,0.9859942682379328,0.3111111111111111,0.2,0.8
GTSinger_same_text_control_fixed_frames,wavlm_l12,12,13,correct_sign_global,0.9860895087746528,0.3,0.2,0.8
GTSinger_same_text_control_fixed_frames,wavlm_l12,12,13,correct_sign_global,0.9861115148175559,0.28888888888888886,0.2,0.8
GTSinger_same_text_control_fixed_frames,wavlm_l12,12,13,correct_sign_global,0.9862906430344105,0.2777777777777778,0.2,0.8
GTSinger_same_text_control_fixed_frames,wavlm_l12,12,13,correct_sign_global,0.9863895747193172,0.26666666666666666,0.2,0.8
GTSinger_same_text_control_fixed_frames,wavlm_l12,12,13,correct_sign_global,0.9864189335730071,0.25555555555555554,0.2,0.8
GTSinger_same_text_control_fixed_frames,wavlm_l12,12,13,correct_sign_global,0.9867204043222094,0.24444444444444444,0.2,0.8
GTSinger_same_text_control_fixed_frames,wavlm_l12,12,13,correct_sign_global,0.9867561557432148,0.23333333333333334,0.2,0.8
GTSinger_same_text_control_fixed_frames,wavlm_l12,12,13,correct_sign_global,0.9868066366622865,0.23333333333333334,0.3,0.7
GTSinger_same_text_control_fixed_frames,wavlm_l12,12,13,correct_sign_global,0.9871940605186957,0.2222222222222222,0.3,0.7
GTSinger_same_text_control_fixed_frames,wavlm_l12,12,13,correct_sign_global,0.9876500758386559,0.2111111111111111,0.3,0.7
GTSinger_same_text_control_fixed_frames,wavlm_l12,12,13,correct_sign_global,0.9878415585522469,0.2,0.3,0.7
GTSinger_same_text_control_fixed_frames,wavlm_l12,12,13,correct_sign_global,0.9878553396736043,0.18888888888888888,0.3,0.7
GTSinger_same_text_control_fixed_frames,wavlm_l12,12,13,correct_sign_global,0.9880195344726925,0.17777777777777778,0.3,0.7
GTSinger_same_text_control_fixed_frames,wavlm_l12,12,13,correct_sign_global,0.9881588245684954,0.16666666666666666,0.3,0.7
GTSinger_same_text_control_fixed_frames,wavlm_l12,12,13,correct_sign_global,0.9882893270071411,0.15555555555555556,0.3,0.7
GTSinger_same_text_control_fixed_frames,wavlm_l12,12,13,correct_sign_global,0.9885716397344533,0.14444444444444443,0.3,0.7
GTSinger_same_text_control_fixed_frames,wavlm_l12,12,13,correct_sign_global,0.9888461026589077,0.13333333333333333,0.3,0.7
GTSinger_same_text_control_fixed_frames,wavlm_l12,12,13,correct_sign_global,0.9891121852347842,0.12222222222222222,0.3,0.7
GTSinger_same_text_control_fixed_frames,wavlm_l12,12,13,correct_sign_global,0.9893056822858,0.1111111111111111,0.3,0.7
GTSinger_same_text_control_fixed_frames,wavlm_l12,12,13,correct_sign_global,0.9893635127426879,0.1,0.3,0.7
GTSinger_same_text_control_fixed_frames,wavlm_l12,12,13,correct_sign_global,0.9894462417246012,0.08888888888888889,0.3,0.7
GTSinger_same_text_control_fixed_frames,wavlm_l12,12,13,correct_sign_global,0.9898999211959161,0.07777777777777778,0.3,0.7
GTSinger_same_text_control_fixed_frames,wavlm_l12,12,13,correct_sign_global,0.9899419131024014,0.06666666666666667,0.3,0.7
GTSinger_same_text_control_fixed_frames,wavlm_l12,12,13,correct_sign_global,0.9904095321364457,0.06666666666666667,0.4,0.6
GTSinger_same_text_control_fixed_frames,wavlm_l12,12,13,correct_sign_global,0.9909994024634754,0.05555555555555555,0.4,0.6
GTSinger_same_text_control_fixed_frames,wavlm_l12,12,13,correct_sign_global,0.9916184905807314,0.044444444444444446,0.4,0.6
GTSinger_same_text_control_fixed_frames,wavlm_l12,12,13,correct_sign_global,0.9916359313852172,0.03333333333333333,0.4,0.6
GTSinger_same_text_control_fixed_frames,wavlm_l12,12,13,correct_sign_global,0.9919496978264106,0.03333333333333333,0.5,0.5
GTSinger_same_text_control_fixed_frames,wavlm_l12,12,13,correct_sign_global,0.9921421541371952,0.022222222222222223,0.5,0.5
GTSinger_same_text_control_fixed_frames,wavlm_l12,12,13,correct_sign_global,0.9931618212951809,0.011111111111111112,0.5,0.5
GTSinger_same_text_control_fixed_frames,wavlm_l12,12,13,correct_sign_global,0.9932369536554172,0.011111111111111112,0.6,0.4
GTSinger_same_text_control_fixed_frames,wavlm_l12,12,13,correct_sign_global,0.9934405932796794,0.011111111111111112,0.7,0.30000000000000004
GTSinger_same_text_control_fixed_frames,wavlm_l12,12,13,correct_sign_global,0.993732982547292,0.011111111111111112,0.8,0.19999999999999996
GTSinger_same_text_control_fixed_frames,wavlm_l12,12,13,correct_sign_global,0.9948389803544657,0.0,0.8,0.19999999999999996
GTSinger_same_text_control_fixed_frames,wavlm_l12,12,13,correct_sign_global,0.9951952824001485,0.0,0.9,0.09999999999999998
GTSinger_same_text_control_fixed_frames,wavlm_l12,12,13,wrong_sign_global,0.8097805657380172,1.0,0.0,1.0
GTSinger_same_text_control_fixed_frames,wavlm_l12,12,13,wrong_sign_global,0.821975311897744,0.9888888888888889,0.0,1.0
GTSinger_same_text_control_fixed_frames,wavlm_l12,12,13,wrong_sign_global,0.8231683198851025,0.9777777777777777,0.0,1.0
GTSinger_same_text_control_fixed_frames,wavlm_l12,12,13,wrong_sign_global,0.8294054661984587,0.9666666666666667,0.0,1.0
GTSinger_same_text_control_fixed_frames,wavlm_l12,12,13,wrong_sign_global,0.8354236421249887,0.9555555555555556,0.0,1.0
GTSinger_same_text_control_fixed_frames,wavlm_l12,12,13,wrong_sign_global,0.8428435584905524,0.9444444444444444,0.0,1.0
GTSinger_same_text_control_fixed_frames,wavlm_l12,12,13,wrong_sign_global,0.8448914830971269,0.9333333333333333,0.0,1.0
GTSinger_same_text_control_fixed_frames,wavlm_l12,12,13,wrong_sign_global,0.8476577735682598,0.9222222222222223,0.0,1.0
GTSinger_same_text_control_fixed_frames,wavlm_l12,12,13,wrong_sign_global,0.8669974843703562,0.9111111111111111,0.0,1.0
GTSinger_same_text_control_fixed_frames,wavlm_l12,12,13,wrong_sign_global,0.8685506000822294,0.9,0.0,1.0
GTSinger_same_text_control_fixed_frames,wavlm_l12,12,13,wrong_sign_global,0.8754346892664516,0.9,0.1,0.9
GTSinger_same_text_control_fixed_frames,wavlm_l12,12,13,wrong_sign_global,0.8793387207561384,0.8888888888888888,0.1,0.9
GTSinger_same_text_control_fixed_frames,wavlm_l12,12,13,wrong_sign_global,0.8835556092135866,0.8777777777777778,0.1,0.9
GTSinger_same_text_control_fixed_frames,wavlm_l12,12,13,wrong_sign_global,0.8849479982814688,0.8666666666666667,0.1,0.9
GTSinger_same_text_control_fixed_frames,wavlm_l12,12,13,wrong_sign_global,0.8878439887468319,0.8555555555555555,0.1,0.9
GTSinger_same_text_control_fixed_frames,wavlm_l12,12,13,wrong_sign_global,0.8881634069168394,0.8444444444444444,0.1,0.9
GTSinger_same_text_control_fixed_frames,wavlm_l12,12,13,wrong_sign_global,0.8892714283725517,0.8444444444444444,0.2,0.8
GTSinger_same_text_control_fixed_frames,wavlm_l12,12,13,wrong_sign_global,0.89000193450514,0.8333333333333334,0.2,0.8
GTSinger_same_text_control_fixed_frames,wavlm_l12,12,13,wrong_sign_global,0.890440038124213,0.8222222222222222,0.2,0.8
GTSinger_same_text_control_fixed_frames,wavlm_l12,12,13,wrong_sign_global,0.8926304532778577,0.8111111111111111,0.2,0.8
GTSinger_same_text_control_fixed_frames,wavlm_l12,12,13,wrong_sign_global,0.8949543608177243,0.8,0.2,0.8
GTSinger_same_text_control_fixed_frames,wavlm_l12,12,13,wrong_sign_global,0.8961215517041803,0.7888888888888889,0.2,0.8
GTSinger_same_text_control_fixed_frames,wavlm_l12,12,13,wrong_sign_global,0.8962968142432894,0.7777777777777778,0.2,0.8
GTSinger_same_text_control_fixed_frames,wavlm_l12,12,13,wrong_sign_global,0.8964660807368263,0.7666666666666667,0.2,0.8
GTSinger_same_text_control_fixed_frames,wavlm_l12,12,13,wrong_sign_global,0.8973821748683886,0.7555555555555555,0.2,0.8
GTSinger_same_text_control_fixed_frames,wavlm_l12,12,13,wrong_sign_global,0.8977051206771436,0.7444444444444445,0.2,0.8
GTSinger_same_text_control_fixed_frames,wavlm_l12,12,13,wrong_sign_global,0.8980645828771399,0.7333333333333333,0.2,0.8
GTSinger_same_text_control_fixed_frames,wavlm_l12,12,13,wrong_sign_global,0.8995774919736415,0.7222222222222222,0.2,0.8
GTSinger_same_text_control_fixed_frames,wavlm_l12,12,13,wrong_sign_global,0.8996181462573687,0.7111111111111111,0.2,0.8
GTSinger_same_text_control_fixed_frames,wavlm_l12,12,13,wrong_sign_global,0.902194794029834,0.7,0.2,0.8
GTSinger_same_text_control_fixed_frames,wavlm_l12,12,13,wrong_sign_global,0.9022869130705441,0.6888888888888889,0.2,0.8
GTSinger_same_text_control_fixed_frames,wavlm_l12,12,13,wrong_sign_global,0.902441781168251,0.6777777777777778,0.2,0.8
GTSinger_same_text_control_fixed_frames,wavlm_l12,12,13,wrong_sign_global,0.9024789720347708,0.6666666666666666,0.2,0.8
GTSinger_same_text_control_fixed_frames,wavlm_l12,12,13,wrong_sign_global,0.9028642694711517,0.6555555555555556,0.2,0.8
GTSinger_same_text_control_fixed_frames,wavlm_l12,12,13,wrong_sign_global,0.9030557035646349,0.6444444444444445,0.2,0.8
GTSinger_same_text_control_fixed_frames,wavlm_l12,12,13,wrong_sign_global,0.9047589439227602,0.6333333333333333,0.2,0.8
GTSinger_same_text_control_fixed_frames,wavlm_l12,12,13,wrong_sign_global,0.9052815647083112,0.6222222222222222,0.2,0.8
GTSinger_same_text_control_fixed_frames,wavlm_l12,12,13,wrong_sign_global,0.9054222264106544,0.6111111111111112,0.2,0.8
GTSinger_same_text_control_fixed_frames,wavlm_l12,12,13,wrong_sign_global,0.9054424533801291,0.6,0.2,0.8
GTSinger_same_text_control_fixed_frames,wavlm_l12,12,13,wrong_sign_global,0.9062348309895574,0.5888888888888889,0.2,0.8
GTSinger_same_text_control_fixed_frames,wavlm_l12,12,13,wrong_sign_global,0.906477133616972,0.5777777777777777,0.2,0.8
GTSinger_same_text_control_fixed_frames,wavlm_l12,12,13,wrong_sign_global,0.907386293326185,0.5666666666666667,0.2,0.8
GTSinger_same_text_control_fixed_frames,wavlm_l12,12,13,wrong_sign_global,0.9074842509620715,0.5555555555555556,0.2,0.8
GTSinger_same_text_control_fixed_frames,wavlm_l12,12,13,wrong_sign_global,0.9084177818272656,0.5444444444444444,0.2,0.8
GTSinger_same_text_control_fixed_frames,wavlm_l12,12,13,wrong_sign_global,0.9086813357355199,0.5444444444444444,0.3,0.7
GTSinger_same_text_control_fixed_frames,wavlm_l12,12,13,wrong_sign_global,0.9107578236141618,0.5333333333333333,0.3,0.7
GTSinger_same_text_control_fixed_frames,wavlm_l12,12,13,wrong_sign_global,0.9113544234432677,0.5222222222222223,0.3,0.7
GTSinger_same_text_control_fixed_frames,wavlm_l12,12,13,wrong_sign_global,0.9115020994342481,0.5111111111111111,0.3,0.7
GTSinger_same_text_control_fixed_frames,wavlm_l12,12,13,wrong_sign_global,0.9117253708085763,0.5111111111111111,0.4,0.6
GTSinger_same_text_control_fixed_frames,wavlm_l12,12,13,wrong_sign_global,0.9124687653396114,0.5,0.4,0.6
GTSinger_same_text_control_fixed_frames,wavlm_l12,12,13,wrong_sign_global,0.9130515695454915,0.4888888888888889,0.4,0.6
GTSinger_same_text_control_fixed_frames,wavlm_l12,12,13,wrong_sign_global,0.9133518990088119,0.4777777777777778,0.4,0.6
GTSinger_same_text_control_fixed_frames,wavlm_l12,12,13,wrong_sign_global,0.9134204185380711,0.4666666666666667,0.4,0.6
GTSinger_same_text_control_fixed_frames,wavlm_l12,12,13,wrong_sign_global,0.9137774856872093,0.45555555555555555,0.4,0.6
GTSinger_same_text_control_fixed_frames,wavlm_l12,12,13,wrong_sign_global,0.9140021112064605,0.4444444444444444,0.4,0.6
GTSinger_same_text_control_fixed_frames,wavlm_l12,12,13,wrong_sign_global,0.9144016463470002,0.43333333333333335,0.4,0.6
GTSinger_same_text_control_fixed_frames,wavlm_l12,12,13,wrong_sign_global,0.9144902018375571,0.4222222222222222,0.4,0.6
GTSinger_same_text_control_fixed_frames,wavlm_l12,12,13,wrong_sign_global,0.9147237020420824,0.4111111111111111,0.4,0.6
GTSinger_same_text_control_fixed_frames,wavlm_l12,12,13,wrong_sign_global,0.9152421540385111,0.4,0.4,0.6
GTSinger_same_text_control_fixed_frames,wavlm_l12,12,13,wrong_sign_global,0.9156913909740959,0.3888888888888889,0.4,0.6
GTSinger_same_text_control_fixed_frames,wavlm_l12,12,13,wrong_sign_global,0.9162711890807683,0.37777777777777777,0.4,0.6
GTSinger_same_text_control_fixed_frames,wavlm_l12,12,13,wrong_sign_global,0.9162915978185954,0.36666666666666664,0.4,0.6
GTSinger_same_text_control_fixed_frames,wavlm_l12,12,13,wrong_sign_global,0.9164407326362097,0.36666666666666664,0.5,0.5
GTSinger_same_text_control_fixed_frames,wavlm_l12,12,13,wrong_sign_global,0.9172340928417368,0.35555555555555557,0.5,0.5
GTSinger_same_text_control_fixed_frames,wavlm_l12,12,13,wrong_sign_global,0.9173952875075387,0.34444444444444444,0.5,0.5
GTSinger_same_text_control_fixed_frames,wavlm_l12,12,13,wrong_sign_global,0.918598754890092,0.3333333333333333,0.5,0.5
GTSinger_same_text_control_fixed_frames,wavlm_l12,12,13,wrong_sign_global,0.9187063154156042,0.32222222222222224,0.5,0.5
GTSinger_same_text_control_fixed_frames,wavlm_l12,12,13,wrong_sign_global,0.919433846640032,0.3111111111111111,0.5,0.5
GTSinger_same_text_control_fixed_frames,wavlm_l12,12,13,wrong_sign_global,0.9196675964544696,0.3,0.5,0.5
GTSinger_same_text_control_fixed_frames,wavlm_l12,12,13,wrong_sign_global,0.9199409161959701,0.28888888888888886,0.5,0.5
GTSinger_same_text_control_fixed_frames,wavlm_l12,12,13,wrong_sign_global,0.9202822736553238,0.2777777777777778,0.5,0.5
GTSinger_same_text_control_fixed_frames,wavlm_l12,12,13,wrong_sign_global,0.9204800058399554,0.26666666666666666,0.5,0.5
GTSinger_same_text_control_fixed_frames,wavlm_l12,12,13,wrong_sign_global,0.9206717574516874,0.25555555555555554,0.5,0.5
GTSinger_same_text_control_fixed_frames,wavlm_l12,12,13,wrong_sign_global,0.9221120477082523,0.25555555555555554,0.6,0.4
GTSinger_same_text_control_fixed_frames,wavlm_l12,12,13,wrong_sign_global,0.9221852435902672,0.24444444444444444,0.6,0.4
GTSinger_same_text_control_fixed_frames,wavlm_l12,12,13,wrong_sign_global,0.9225889400843681,0.23333333333333334,0.6,0.4
GTSinger_same_text_control_fixed_frames,wavlm_l12,12,13,wrong_sign_global,0.923686197133752,0.2222222222222222,0.6,0.4
GTSinger_same_text_control_fixed_frames,wavlm_l12,12,13,wrong_sign_global,0.9242820972404029,0.2111111111111111,0.6,0.4
GTSinger_same_text_control_fixed_frames,wavlm_l12,12,13,wrong_sign_global,0.9255722938258069,0.2,0.6,0.4
GTSinger_same_text_control_fixed_frames,wavlm_l12,12,13,wrong_sign_global,0.9258141888279585,0.18888888888888888,0.6,0.4
GTSinger_same_text_control_fixed_frames,wavlm_l12,12,13,wrong_sign_global,0.927307212083215,0.17777777777777778,0.6,0.4
GTSinger_same_text_control_fixed_frames,wavlm_l12,12,13,wrong_sign_global,0.9273467369962005,0.16666666666666666,0.6,0.4
GTSinger_same_text_control_fixed_frames,wavlm_l12,12,13,wrong_sign_global,0.9274115125584819,0.15555555555555556,0.6,0.4
GTSinger_same_text_control_fixed_frames,wavlm_l12,12,13,wrong_sign_global,0.9274909006001024,0.15555555555555556,0.7,0.30000000000000004
GTSinger_same_text_control_fixed_frames,wavlm_l12,12,13,wrong_sign_global,0.9277013299633987,0.14444444444444443,0.7,0.30000000000000004
GTSinger_same_text_control_fixed_frames,wavlm_l12,12,13,wrong_sign_global,0.9286958603993536,0.13333333333333333,0.7,0.30000000000000004
GTSinger_same_text_control_fixed_frames,wavlm_l12,12,13,wrong_sign_global,0.9291820499865413,0.12222222222222222,0.7,0.30000000000000004
GTSinger_same_text_control_fixed_frames,wavlm_l12,12,13,wrong_sign_global,0.9293458421254517,0.1111111111111111,0.7,0.30000000000000004
GTSinger_same_text_control_fixed_frames,wavlm_l12,12,13,wrong_sign_global,0.9302099684344607,0.1111111111111111,0.8,0.19999999999999996
GTSinger_same_text_control_fixed_frames,wavlm_l12,12,13,wrong_sign_global,0.9307951878969899,0.1111111111111111,0.9,0.09999999999999998
GTSinger_same_text_control_fixed_frames,wavlm_l12,12,13,wrong_sign_global,0.931735303316894,0.1111111111111111,1.0,0.0
GTSinger_same_text_control_fixed_frames,wavlm_l12,12,13,wrong_sign_global,0.9320073916843715,0.1,1.0,0.0
GTSinger_same_text_control_fixed_frames,wavlm_l12,12,13,wrong_sign_global,0.9324389322984385,0.08888888888888889,1.0,0.0
GTSinger_same_text_control_fixed_frames,wavlm_l12,12,13,wrong_sign_global,0.9326532675295911,0.07777777777777778,1.0,0.0
GTSinger_same_text_control_fixed_frames,wavlm_l12,12,13,wrong_sign_global,0.9337038588864495,0.06666666666666667,1.0,0.0
GTSinger_same_text_control_fixed_frames,wavlm_l12,12,13,wrong_sign_global,0.9347858846612324,0.05555555555555555,1.0,0.0
GTSinger_same_text_control_fixed_frames,wavlm_l12,12,13,wrong_sign_global,0.9350709971782628,0.044444444444444446,1.0,0.0
GTSinger_same_text_control_fixed_frames,wavlm_l12,12,13,wrong_sign_global,0.9399204193060247,0.03333333333333333,1.0,0.0
GTSinger_same_text_control_fixed_frames,wavlm_l12,12,13,wrong_sign_global,0.941304104724263,0.022222222222222223,1.0,0.0
GTSinger_same_text_control_fixed_frames,wavlm_l12,12,13,wrong_sign_global,0.9432769466344467,0.011111111111111112,1.0,0.0
