dataset,model,layer,target_variant,baseline_variant,metric,paired_splits,delta_mean,delta_CI_low,delta_CI_high,CI_method
GTSinger_same_text_control_fixed_frames,wavlm_l12,12,correct_sign_global,raw,R1,1,0.29999999999999993,0.29999999999999993,0.29999999999999993,paired_split_bootstrap_10; repeated_splits_not_independent_speakers
GTSinger_same_text_control_fixed_frames,wavlm_l12,12,correct_sign_global,raw,EER_test_descriptive,1,-0.09444444444444444,-0.09444444444444444,-0.09444444444444444,paired_split_bootstrap_10; repeated_splits_not_independent_speakers
GTSinger_same_text_control_fixed_frames,wavlm_l12,12,correct_sign_global,raw,TMR_at_FMR_1pct,1,0.3,0.3,0.3,paired_split_bootstrap_10; repeated_splits_not_independent_speakers
GTSinger_same_text_control_fixed_frames,wavlm_l12,12,correct_sign_global,raw,genuine_minus_impostor,1,0.0001682784055555553,0.0001682784055555553,0.0001682784055555553,paired_split_bootstrap_10; repeated_splits_not_independent_speakers
GTSinger_same_text_control_fixed_frames,wavlm_l12,12,wrong_sign_global,raw,R1,1,0.0,0.0,0.0,paired_split_bootstrap_10; repeated_splits_not_independent_speakers
GTSinger_same_text_control_fixed_frames,wavlm_l12,12,wrong_sign_global,raw,EER_test_descriptive,1,0.0888888888888889,0.0888888888888889,0.0888888888888889,paired_split_bootstrap_10; repeated_splits_not_independent_speakers
GTSinger_same_text_control_fixed_frames,wavlm_l12,12,wrong_sign_global,raw,TMR_at_FMR_1pct,1,0.0,0.0,0.0,paired_split_bootstrap_10; repeated_splits_not_independent_speakers
GTSinger_same_text_control_fixed_frames,wavlm_l12,12,wrong_sign_global,raw,genuine_minus_impostor,1,-0.0006144007965356302,-0.0006144007965356302,-0.0006144007965356302,paired_split_bootstrap_10; repeated_splits_not_independent_speakers
GTSinger_same_text_control_fixed_frames,wavlm_l12,12,random_same_norm_mean,raw,R1,1,0.09999999999999998,0.09999999999999998,0.09999999999999998,paired_split_bootstrap_10; repeated_splits_not_independent_speakers
GTSinger_same_text_control_fixed_frames,wavlm_l12,12,random_same_norm_mean,raw,EER_test_descriptive,1,-0.011111111111111127,-0.011111111111111127,-0.011111111111111127,paired_split_bootstrap_10; repeated_splits_not_independent_speakers
GTSinger_same_text_control_fixed_frames,wavlm_l12,12,random_same_norm_mean,raw,TMR_at_FMR_1pct,1,0.0,0.0,0.0,paired_split_bootstrap_10; repeated_splits_not_independent_speakers
GTSinger_same_text_control_fixed_frames,wavlm_l12,12,random_same_norm_mean,raw,genuine_minus_impostor,1,-0.00017052406765860617,-0.00017052406765860617,-0.00017052406765860617,paired_split_bootstrap_10; repeated_splits_not_independent_speakers
