dataset,model,layer,split_seed,heldout_direction_cosine,E_test,median_rho,raw_R1,corrected_R1,raw_EER,corrected_EER,raw_TMR_FMR1,corrected_TMR_FMR1
JVS_JVSMuSiC,wavlm_l12,12,13,0.9193239843020707,0.840463008824281,0.3883731346669773,0.15,0.45,0.38815789473684215,0.1986842105263158,0.0,0.15
JVS_JVSMuSiC,wavlm_l12,12,17,0.9183918058510738,0.8347580427027822,0.3765099625637552,0.3,0.45,0.4052631578947369,0.25,0.0,0.25
JVS_JVSMuSiC,wavlm_l12,12,19,0.9126554841125387,0.8194226758512907,0.37234145149497394,0.1,0.45,0.4421052631578948,0.3013157894736842,0.0,0.2
JVS_JVSMuSiC,wavlm_l12,12,23,0.928254378691061,0.855315793123803,0.37969167022371453,0.15,0.45,0.40921052631578947,0.16052631578947368,0.25,0.1
JVS_JVSMuSiC,wavlm_l12,12,29,0.911278257570473,0.8129180419793304,0.4196177857965555,0.15,0.4,0.4,0.2618421052631579,0.05,0.3
JVS_JVSMuSiC,wavlm_l12,12,31,0.9005773780873814,0.7973426367996501,0.3983779039182548,0.1,0.4,0.45,0.3,0.0,0.05
JVS_JVSMuSiC,wavlm_l12,12,37,0.910196847524503,0.822346049772508,0.39711386645097113,0.25,0.4,0.4,0.3,0.0,0.05
JVS_JVSMuSiC,wavlm_l12,12,41,0.9222625773358943,0.8334749139228165,0.39193477302915924,0.1,0.3,0.4421052631578948,0.3,0.0,0.25
JVS_JVSMuSiC,wavlm_l12,12,43,0.9233322437784011,0.8442612013711993,0.3886625113395013,0.1,0.3,0.45,0.25,0.1,0.1
JVS_JVSMuSiC,wavlm_l12,12,47,0.9064537820380034,0.8050051467897816,0.41779077103994977,0.15,0.3,0.4,0.3,0.05,0.15
JVS_JVSMuSiC,wavlm_l12,12,53,0.8961051177551782,0.7791221809704796,0.44165267587846,0.1,0.25,0.4381578947368421,0.3486842105263158,0.0,0.05
JVS_JVSMuSiC,wavlm_l12,12,59,0.9110167225451787,0.8212554436778867,0.3982241913113794,0.1,0.25,0.4,0.25,0.05,0.1
JVS_JVSMuSiC,wavlm_l12,12,61,0.9233813399991935,0.8380061546336219,0.37526102892922064,0.15,0.45,0.4013157894736842,0.2,0.05,0.1
JVS_JVSMuSiC,wavlm_l12,12,67,0.9147544679878665,0.8306879715259162,0.4007875214690909,0.1,0.4,0.45,0.25,0.0,0.05
JVS_JVSMuSiC,wavlm_l12,12,71,0.9171591207077562,0.8297745557261372,0.39483260235267476,0.15,0.3,0.45,0.29605263157894735,0.0,0.1
JVS_JVSMuSiC,wavlm_l12,12,73,0.9317126054732556,0.859674091459011,0.33979809217707824,0.05,0.4,0.4,0.25,0.05,0.2
JVS_JVSMuSiC,wavlm_l12,12,79,0.9125458681147756,0.8217483422866305,0.3892378255538901,0.1,0.3,0.45,0.35,0.05,0.2
JVS_JVSMuSiC,wavlm_l12,12,83,0.9102308775563113,0.8186172853566862,0.40981859812903987,0.2,0.4,0.4,0.2,0.05,0.1
JVS_JVSMuSiC,wavlm_l12,12,89,0.9248044678662606,0.8491083456104922,0.37729300882606015,0.1,0.3,0.4039473684210526,0.256578947368421,0.05,0.2
JVS_JVSMuSiC,wavlm_l12,12,97,0.9205523323776713,0.8399800337112378,0.3930766638914101,0.1,0.3,0.43947368421052635,0.2934210526315789,0.0,0.1
