dataset,model,layer,split_seed,pair_group,raw_condition,corrected_condition,delta_R1,delta_EER,delta_MRR,delta_TMR_FMR1
JVS_JVSMuSiC,wavlm_l12,12,13,m1_o0,cos_o0_none,cos_o0_query,0.30000000000000004,-0.18947368421052635,0.32457561229620047,0.15
JVS_JVSMuSiC,wavlm_l12,12,13,m1_om,cos_om_none,cos_om_query,0.4,-0.03815789473684211,0.2733981092436976,0.15
JVS_JVSMuSiC,wavlm_l12,12,13,m2_oas_whitened_cosine,oas_whitened_cosine_raw,oas_whitened_cosine_query,0.0,0.0,0.0,0.0
JVS_JVSMuSiC,wavlm_l12,12,13,m3_euclidean,euclidean_raw,euclidean_query,0.35,-0.2,0.33988782051282046,0.15
JVS_JVSMuSiC,wavlm_l12,12,13,m4_oas_mahalanobis,oas_mahalanobis_raw,oas_mahalanobis_query,0.0,0.0,0.0,0.0
JVS_JVSMuSiC,wavlm_l12,12,13,m5_lda_cosine_k59,lda_cosine_raw,lda_cosine_query,0.0,0.0,0.0,0.0
JVS_JVSMuSiC,wavlm_l12,12,17,m1_o0,cos_o0_none,cos_o0_query,0.15000000000000002,-0.15526315789473688,0.1779067767457862,0.25
JVS_JVSMuSiC,wavlm_l12,12,17,m1_om,cos_om_none,cos_om_query,0.3,-0.08947368421052632,0.2294901881743988,0.09999999999999999
JVS_JVSMuSiC,wavlm_l12,12,17,m2_oas_whitened_cosine,oas_whitened_cosine_raw,oas_whitened_cosine_query,0.0,0.0,0.0,0.0
JVS_JVSMuSiC,wavlm_l12,12,17,m3_euclidean,euclidean_raw,euclidean_query,0.2,-0.1539473684210526,0.20221233230134178,0.2
JVS_JVSMuSiC,wavlm_l12,12,17,m4_oas_mahalanobis,oas_mahalanobis_raw,oas_mahalanobis_query,0.0,0.0,0.0,0.0
JVS_JVSMuSiC,wavlm_l12,12,17,m5_lda_cosine_k59,lda_cosine_raw,lda_cosine_query,0.0,0.0,0.0,0.0
JVS_JVSMuSiC,wavlm_l12,12,19,m1_o0,cos_o0_none,cos_o0_query,0.35,-0.14078947368421058,0.38332425035404905,0.2
JVS_JVSMuSiC,wavlm_l12,12,19,m1_om,cos_om_none,cos_om_query,0.30000000000000004,-0.06052631578947365,0.28232142857142856,0.1
JVS_JVSMuSiC,wavlm_l12,12,19,m2_oas_whitened_cosine,oas_whitened_cosine_raw,oas_whitened_cosine_query,0.0,0.0,0.0,0.0
JVS_JVSMuSiC,wavlm_l12,12,19,m3_euclidean,euclidean_raw,euclidean_query,0.4,-0.14473684210526316,0.4129399562855445,0.2
JVS_JVSMuSiC,wavlm_l12,12,19,m4_oas_mahalanobis,oas_mahalanobis_raw,oas_mahalanobis_query,0.0,0.0,0.0,0.0
JVS_JVSMuSiC,wavlm_l12,12,19,m5_lda_cosine_k59,lda_cosine_raw,lda_cosine_query,0.050000000000000044,0.0,0.022499999999999964,0.0
JVS_JVSMuSiC,wavlm_l12,12,23,m1_o0,cos_o0_none,cos_o0_query,0.30000000000000004,-0.24868421052631579,0.3613988840536828,-0.15
JVS_JVSMuSiC,wavlm_l12,12,23,m1_om,cos_om_none,cos_om_query,0.35000000000000003,-0.04342105263157897,0.22274114774114778,-0.04999999999999999
JVS_JVSMuSiC,wavlm_l12,12,23,m2_oas_whitened_cosine,oas_whitened_cosine_raw,oas_whitened_cosine_query,0.0,0.0,0.0,0.0
JVS_JVSMuSiC,wavlm_l12,12,23,m3_euclidean,euclidean_raw,euclidean_query,0.25,-0.25394736842105264,0.3359639921482026,-0.1
JVS_JVSMuSiC,wavlm_l12,12,23,m4_oas_mahalanobis,oas_mahalanobis_raw,oas_mahalanobis_query,0.0,0.0,0.0,0.0
JVS_JVSMuSiC,wavlm_l12,12,23,m5_lda_cosine_k59,lda_cosine_raw,lda_cosine_query,-0.04999999999999993,0.0,-0.025000000000000022,0.0
JVS_JVSMuSiC,wavlm_l12,12,29,m1_o0,cos_o0_none,cos_o0_query,0.25,-0.13815789473684215,0.27876778342916103,0.25
JVS_JVSMuSiC,wavlm_l12,12,29,m1_om,cos_om_none,cos_om_query,0.1,0.011842105263157932,0.10123316526954296,0.15000000000000002
JVS_JVSMuSiC,wavlm_l12,12,29,m2_oas_whitened_cosine,oas_whitened_cosine_raw,oas_whitened_cosine_query,0.0,0.0,0.0,0.0
JVS_JVSMuSiC,wavlm_l12,12,29,m3_euclidean,euclidean_raw,euclidean_query,0.25,-0.10000000000000003,0.2805962327576104,0.3
JVS_JVSMuSiC,wavlm_l12,12,29,m4_oas_mahalanobis,oas_mahalanobis_raw,oas_mahalanobis_query,0.0,0.0,0.0,0.0
JVS_JVSMuSiC,wavlm_l12,12,29,m5_lda_cosine_k59,lda_cosine_raw,lda_cosine_query,0.0,0.026315789473684237,0.000694444444444442,0.0
JVS_JVSMuSiC,wavlm_l12,12,31,m1_o0,cos_o0_none,cos_o0_query,0.30000000000000004,-0.15000000000000002,0.34551062091503276,0.05
JVS_JVSMuSiC,wavlm_l12,12,31,m1_om,cos_om_none,cos_om_query,0.35,-0.09999999999999998,0.25765406162464977,0.0
JVS_JVSMuSiC,wavlm_l12,12,31,m2_oas_whitened_cosine,oas_whitened_cosine_raw,oas_whitened_cosine_query,0.0,0.005263157894736831,0.0,0.0
JVS_JVSMuSiC,wavlm_l12,12,31,m3_euclidean,euclidean_raw,euclidean_query,0.25,-0.15000000000000002,0.31426062091503276,0.05
JVS_JVSMuSiC,wavlm_l12,12,31,m4_oas_mahalanobis,oas_mahalanobis_raw,oas_mahalanobis_query,0.0,0.0,0.0,0.0
JVS_JVSMuSiC,wavlm_l12,12,31,m5_lda_cosine_k59,lda_cosine_raw,lda_cosine_query,0.0,0.0,0.0,0.0
JVS_JVSMuSiC,wavlm_l12,12,37,m1_o0,cos_o0_none,cos_o0_query,0.15000000000000002,-0.10000000000000003,0.2346778711484594,0.05
JVS_JVSMuSiC,wavlm_l12,12,37,m1_om,cos_om_none,cos_om_query,0.35000000000000003,-0.09605263157894733,0.26666971916971915,0.0
JVS_JVSMuSiC,wavlm_l12,12,37,m2_oas_whitened_cosine,oas_whitened_cosine_raw,oas_whitened_cosine_query,-0.050000000000000044,0.0,-0.025000000000000022,0.0
JVS_JVSMuSiC,wavlm_l12,12,37,m3_euclidean,euclidean_raw,euclidean_query,0.2,-0.10000000000000003,0.26801120448179266,0.05
JVS_JVSMuSiC,wavlm_l12,12,37,m4_oas_mahalanobis,oas_mahalanobis_raw,oas_mahalanobis_query,0.0,0.0,0.0,0.0
JVS_JVSMuSiC,wavlm_l12,12,37,m5_lda_cosine_k59,lda_cosine_raw,lda_cosine_query,0.0,0.0,0.0,0.0
JVS_JVSMuSiC,wavlm_l12,12,41,m1_o0,cos_o0_none,cos_o0_query,0.19999999999999998,-0.1421052631578948,0.22274334733893553,0.25
JVS_JVSMuSiC,wavlm_l12,12,41,m1_om,cos_om_none,cos_om_query,0.25,-0.0052631578947368585,0.14902921424980253,0.3
JVS_JVSMuSiC,wavlm_l12,12,41,m2_oas_whitened_cosine,oas_whitened_cosine_raw,oas_whitened_cosine_query,0.0,-0.0013157894736842146,0.0,0.0
JVS_JVSMuSiC,wavlm_l12,12,41,m3_euclidean,euclidean_raw,euclidean_query,0.24999999999999997,-0.1473684210526316,0.2606691276989265,0.2
JVS_JVSMuSiC,wavlm_l12,12,41,m4_oas_mahalanobis,oas_mahalanobis_raw,oas_mahalanobis_query,0.0,0.0,0.0,0.0
JVS_JVSMuSiC,wavlm_l12,12,41,m5_lda_cosine_k59,lda_cosine_raw,lda_cosine_query,0.0,0.0,0.0,-0.04999999999999999
JVS_JVSMuSiC,wavlm_l12,12,43,m1_o0,cos_o0_none,cos_o0_query,0.19999999999999998,-0.2,0.24868686868686862,0.0
JVS_JVSMuSiC,wavlm_l12,12,43,m1_om,cos_om_none,cos_om_query,0.25,-0.10789473684210524,0.20246336996336994,0.15
JVS_JVSMuSiC,wavlm_l12,12,43,m2_oas_whitened_cosine,oas_whitened_cosine_raw,oas_whitened_cosine_query,0.0,0.0,0.0,0.0
JVS_JVSMuSiC,wavlm_l12,12,43,m3_euclidean,euclidean_raw,euclidean_query,0.19999999999999998,-0.1986842105263158,0.2555381679723785,0.0
JVS_JVSMuSiC,wavlm_l12,12,43,m4_oas_mahalanobis,oas_mahalanobis_raw,oas_mahalanobis_query,0.0,0.0,0.0,0.0
JVS_JVSMuSiC,wavlm_l12,12,43,m5_lda_cosine_k59,lda_cosine_raw,lda_cosine_query,0.0,0.0026315789473684292,0.0,0.0
JVS_JVSMuSiC,wavlm_l12,12,47,m1_o0,cos_o0_none,cos_o0_query,0.15,-0.10000000000000003,0.17522817460317452,0.09999999999999999
JVS_JVSMuSiC,wavlm_l12,12,47,m1_om,cos_om_none,cos_om_query,0.25,-0.09868421052631582,0.1750582750582751,-0.25
JVS_JVSMuSiC,wavlm_l12,12,47,m2_oas_whitened_cosine,oas_whitened_cosine_raw,oas_whitened_cosine_query,0.0,0.0013157894736841869,0.0,0.0
JVS_JVSMuSiC,wavlm_l12,12,47,m3_euclidean,euclidean_raw,euclidean_query,0.15,-0.10000000000000003,0.18420979755538575,0.09999999999999999
JVS_JVSMuSiC,wavlm_l12,12,47,m4_oas_mahalanobis,oas_mahalanobis_raw,oas_mahalanobis_query,0.0,0.0,0.0,0.0
JVS_JVSMuSiC,wavlm_l12,12,47,m5_lda_cosine_k59,lda_cosine_raw,lda_cosine_query,0.0,0.0,0.0,0.0
JVS_JVSMuSiC,wavlm_l12,12,53,m1_o0,cos_o0_none,cos_o0_query,0.15,-0.08947368421052626,0.22284049584746185,0.05
JVS_JVSMuSiC,wavlm_l12,12,53,m1_om,cos_om_none,cos_om_query,0.19999999999999998,0.007894736842105288,0.15314609002108992,-0.04999999999999999
JVS_JVSMuSiC,wavlm_l12,12,53,m2_oas_whitened_cosine,oas_whitened_cosine_raw,oas_whitened_cosine_query,0.0,-0.0013157894736842007,0.0,0.0
JVS_JVSMuSiC,wavlm_l12,12,53,m3_euclidean,euclidean_raw,euclidean_query,0.15,-0.0881578947368421,0.2130172635242295,0.05
JVS_JVSMuSiC,wavlm_l12,12,53,m4_oas_mahalanobis,oas_mahalanobis_raw,oas_mahalanobis_query,0.0,0.0,0.0,0.0
JVS_JVSMuSiC,wavlm_l12,12,53,m5_lda_cosine_k59,lda_cosine_raw,lda_cosine_query,0.0,0.0,0.0,0.0
JVS_JVSMuSiC,wavlm_l12,12,59,m1_o0,cos_o0_none,cos_o0_query,0.15,-0.15000000000000002,0.18650227331148383,0.05
JVS_JVSMuSiC,wavlm_l12,12,59,m1_om,cos_om_none,cos_om_query,0.15,0.0,0.10698287823287833,-0.1
JVS_JVSMuSiC,wavlm_l12,12,59,m2_oas_whitened_cosine,oas_whitened_cosine_raw,oas_whitened_cosine_query,0.0,0.0,0.0,0.0
JVS_JVSMuSiC,wavlm_l12,12,59,m3_euclidean,euclidean_raw,euclidean_query,0.15,-0.15131578947368418,0.19105628654970758,0.05
JVS_JVSMuSiC,wavlm_l12,12,59,m4_oas_mahalanobis,oas_mahalanobis_raw,oas_mahalanobis_query,0.0,0.0,0.0,0.0
JVS_JVSMuSiC,wavlm_l12,12,59,m5_lda_cosine_k59,lda_cosine_raw,lda_cosine_query,0.0,0.0,0.0,0.0
JVS_JVSMuSiC,wavlm_l12,12,61,m1_o0,cos_o0_none,cos_o0_query,0.30000000000000004,-0.20131578947368417,0.3205995393495393,0.05
JVS_JVSMuSiC,wavlm_l12,12,61,m1_om,cos_om_none,cos_om_query,0.30000000000000004,-0.04736842105263156,0.20789176101676105,0.2
JVS_JVSMuSiC,wavlm_l12,12,61,m2_oas_whitened_cosine,oas_whitened_cosine_raw,oas_whitened_cosine_query,0.0,0.0,0.0,0.0
JVS_JVSMuSiC,wavlm_l12,12,61,m3_euclidean,euclidean_raw,euclidean_query,0.25,-0.2,0.2924559030151135,0.0
JVS_JVSMuSiC,wavlm_l12,12,61,m4_oas_mahalanobis,oas_mahalanobis_raw,oas_mahalanobis_query,0.0,0.0,0.0,0.0
JVS_JVSMuSiC,wavlm_l12,12,61,m5_lda_cosine_k59,lda_cosine_raw,lda_cosine_query,0.0,0.0,0.0,0.0
JVS_JVSMuSiC,wavlm_l12,12,67,m1_o0,cos_o0_none,cos_o0_query,0.30000000000000004,-0.2,0.31546895506454325,0.05
JVS_JVSMuSiC,wavlm_l12,12,67,m1_om,cos_om_none,cos_om_query,0.19999999999999998,-0.056578947368421006,0.20878501400560218,0.04999999999999999
JVS_JVSMuSiC,wavlm_l12,12,67,m2_oas_whitened_cosine,oas_whitened_cosine_raw,oas_whitened_cosine_query,0.0,0.0,0.0,0.0
JVS_JVSMuSiC,wavlm_l12,12,67,m3_euclidean,euclidean_raw,euclidean_query,0.35,-0.2,0.34569694194694195,0.05
JVS_JVSMuSiC,wavlm_l12,12,67,m4_oas_mahalanobis,oas_mahalanobis_raw,oas_mahalanobis_query,0.0,0.0,0.008333333333333415,0.0
JVS_JVSMuSiC,wavlm_l12,12,67,m5_lda_cosine_k59,lda_cosine_raw,lda_cosine_query,0.0,0.0,-0.008333333333333304,0.0
JVS_JVSMuSiC,wavlm_l12,12,71,m1_o0,cos_o0_none,cos_o0_query,0.15,-0.15394736842105267,0.22673375235875237,0.1
JVS_JVSMuSiC,wavlm_l12,12,71,m1_om,cos_om_none,cos_om_query,0.3,-0.06447368421052632,0.2550414862914862,0.04999999999999999
JVS_JVSMuSiC,wavlm_l12,12,71,m2_oas_whitened_cosine,oas_whitened_cosine_raw,oas_whitened_cosine_query,0.0,0.0,0.0,0.0
JVS_JVSMuSiC,wavlm_l12,12,71,m3_euclidean,euclidean_raw,euclidean_query,0.15,-0.15000000000000002,0.23092206404706406,0.1
JVS_JVSMuSiC,wavlm_l12,12,71,m4_oas_mahalanobis,oas_mahalanobis_raw,oas_mahalanobis_query,0.0,0.0,0.0,0.0
JVS_JVSMuSiC,wavlm_l12,12,71,m5_lda_cosine_k59,lda_cosine_raw,lda_cosine_query,0.0,0.0,0.0,0.0
JVS_JVSMuSiC,wavlm_l12,12,73,m1_o0,cos_o0_none,cos_o0_query,0.35000000000000003,-0.15000000000000002,0.3221938529736517,0.15000000000000002
JVS_JVSMuSiC,wavlm_l12,12,73,m1_om,cos_om_none,cos_om_query,0.5499999999999999,-0.03421052631578947,0.409250888000888,0.4
JVS_JVSMuSiC,wavlm_l12,12,73,m2_oas_whitened_cosine,oas_whitened_cosine_raw,oas_whitened_cosine_query,0.0,0.0,0.0,0.0
JVS_JVSMuSiC,wavlm_l12,12,73,m3_euclidean,euclidean_raw,euclidean_query,0.4,-0.15000000000000002,0.35934663075142953,0.15000000000000002
JVS_JVSMuSiC,wavlm_l12,12,73,m4_oas_mahalanobis,oas_mahalanobis_raw,oas_mahalanobis_query,0.0,0.0,0.0,0.0
JVS_JVSMuSiC,wavlm_l12,12,73,m5_lda_cosine_k59,lda_cosine_raw,lda_cosine_query,0.0,0.0,0.0012499999999998623,0.0
JVS_JVSMuSiC,wavlm_l12,12,79,m1_o0,cos_o0_none,cos_o0_query,0.19999999999999998,-0.10000000000000003,0.2215376984126984,0.15000000000000002
JVS_JVSMuSiC,wavlm_l12,12,79,m1_om,cos_om_none,cos_om_query,0.45000000000000007,0.007894736842105232,0.361380772005772,0.19999999999999998
JVS_JVSMuSiC,wavlm_l12,12,79,m2_oas_whitened_cosine,oas_whitened_cosine_raw,oas_whitened_cosine_query,0.0,0.0,0.0,0.0
JVS_JVSMuSiC,wavlm_l12,12,79,m3_euclidean,euclidean_raw,euclidean_query,0.19999999999999998,-0.10000000000000003,0.23058006535947712,0.15000000000000002
JVS_JVSMuSiC,wavlm_l12,12,79,m4_oas_mahalanobis,oas_mahalanobis_raw,oas_mahalanobis_query,0.0,0.0,0.0,0.0
JVS_JVSMuSiC,wavlm_l12,12,79,m5_lda_cosine_k59,lda_cosine_raw,lda_cosine_query,0.0,0.0,-0.008333333333333304,0.0
JVS_JVSMuSiC,wavlm_l12,12,83,m1_o0,cos_o0_none,cos_o0_query,0.2,-0.2,0.27770451770451765,0.05
JVS_JVSMuSiC,wavlm_l12,12,83,m1_om,cos_om_none,cos_om_query,0.15000000000000002,-0.009210526315789447,0.1179749417249416,0.0
JVS_JVSMuSiC,wavlm_l12,12,83,m2_oas_whitened_cosine,oas_whitened_cosine_raw,oas_whitened_cosine_query,0.0,-0.0013157894736842146,0.0,0.050000000000000044
JVS_JVSMuSiC,wavlm_l12,12,83,m3_euclidean,euclidean_raw,euclidean_query,0.25,-0.19210526315789475,0.3124218836718836,0.05
JVS_JVSMuSiC,wavlm_l12,12,83,m4_oas_mahalanobis,oas_mahalanobis_raw,oas_mahalanobis_query,0.0,0.0,0.0,0.0
JVS_JVSMuSiC,wavlm_l12,12,83,m5_lda_cosine_k59,lda_cosine_raw,lda_cosine_query,0.0,0.0,0.0,0.0
JVS_JVSMuSiC,wavlm_l12,12,89,m1_o0,cos_o0_none,cos_o0_query,0.19999999999999998,-0.1473684210526316,0.2011937368187368,0.15000000000000002
JVS_JVSMuSiC,wavlm_l12,12,89,m1_om,cos_om_none,cos_om_query,0.30000000000000004,-0.04999999999999999,0.2060775335775336,-0.05
JVS_JVSMuSiC,wavlm_l12,12,89,m2_oas_whitened_cosine,oas_whitened_cosine_raw,oas_whitened_cosine_query,0.0,0.0,0.0,0.0
JVS_JVSMuSiC,wavlm_l12,12,89,m3_euclidean,euclidean_raw,euclidean_query,0.19999999999999998,-0.1394736842105263,0.2029662698412698,0.15000000000000002
JVS_JVSMuSiC,wavlm_l12,12,89,m4_oas_mahalanobis,oas_mahalanobis_raw,oas_mahalanobis_query,0.0,0.0,0.0,0.0
JVS_JVSMuSiC,wavlm_l12,12,89,m5_lda_cosine_k59,lda_cosine_raw,lda_cosine_query,0.0,0.0,0.0,0.0
JVS_JVSMuSiC,wavlm_l12,12,97,m1_o0,cos_o0_none,cos_o0_query,0.19999999999999998,-0.14605263157894743,0.24139358598917418,0.1
JVS_JVSMuSiC,wavlm_l12,12,97,m1_om,cos_om_none,cos_om_query,0.3,-0.04999999999999999,0.20425720113220114,0.0
JVS_JVSMuSiC,wavlm_l12,12,97,m2_oas_whitened_cosine,oas_whitened_cosine_raw,oas_whitened_cosine_query,0.0,0.0,0.0,0.0
JVS_JVSMuSiC,wavlm_l12,12,97,m3_euclidean,euclidean_raw,euclidean_query,0.19999999999999998,-0.14078947368421052,0.2439021446819435,0.1
JVS_JVSMuSiC,wavlm_l12,12,97,m4_oas_mahalanobis,oas_mahalanobis_raw,oas_mahalanobis_query,0.0,-0.0013157894736842701,0.0,0.0
JVS_JVSMuSiC,wavlm_l12,12,97,m5_lda_cosine_k59,lda_cosine_raw,lda_cosine_query,-0.050000000000000044,-0.0013157894736842146,-0.02499999999999991,0.0
