dataset,model,layer,origin,unique_speakers,raw_same_person_score_mean,raw_same_person_score_bootstrap99_low,raw_same_person_score_bootstrap99_high,arithmetic_score_mean,arithmetic_score_bootstrap99_low,arithmetic_score_bootstrap99_high,singing_repeat_upper_score_mean,singing_repeat_upper_score_bootstrap99_low,singing_repeat_upper_score_bootstrap99_high,different_person_lower_mean_mean,different_person_lower_mean_bootstrap99_low,different_person_lower_mean_bootstrap99_high,ordering_fraction_over_impostors_mean,ordering_fraction_over_impostors_bootstrap99_low,ordering_fraction_over_impostors_bootstrap99_high,ordering_identity_permutation_null_mean,ordering_identity_permutation_null_bootstrap99_low,ordering_identity_permutation_null_bootstrap99_high,ordering_minus_identity_null_mean,ordering_minus_identity_null_bootstrap99_low,ordering_minus_identity_null_bootstrap99_high,lower_lt_arithmetic_fraction_mean,lower_lt_arithmetic_fraction_bootstrap99_low,lower_lt_arithmetic_fraction_bootstrap99_high,arithmetic_lt_upper_mean,arithmetic_lt_upper_bootstrap99_low,arithmetic_lt_upper_bootstrap99_high,corrected_retrieval_hit1_mean,corrected_retrieval_hit1_bootstrap99_low,corrected_retrieval_hit1_bootstrap99_high,offset_consistency_AUC_mean,offset_consistency_AUC_bootstrap99_low,offset_consistency_AUC_bootstrap99_high,offset_permutation_AUC_mean_mean,offset_permutation_AUC_mean_bootstrap99_low,offset_permutation_AUC_mean_bootstrap99_high,offset_permutation_AUC_p95_mean,offset_permutation_AUC_p95_bootstrap99_low,offset_permutation_AUC_p95_bootstrap99_high
GTSinger_same_text_control,hubert_l6,6,offset_consistency,20,nan,nan,nan,nan,nan,nan,nan,nan,nan,nan,nan,nan,nan,nan,nan,nan,nan,nan,nan,nan,nan,nan,nan,nan,nan,nan,nan,nan,nan,nan,0.8570006096875737,0.8519375176592288,0.8615963310443358,0.5359574962678273,0.5353081091377418,0.5365739974783342,0.6243479057949339,0.6227706829594633,0.6259330625721933
GTSinger_same_text_control,hubert_l6,6,pooled_centered,20,-0.18845992198312245,-0.26288184258479896,-0.10999601716793447,0.7096085429889484,0.6507966725166014,0.7620831437872554,0.9786807273939309,0.9696824085713885,0.9859430474438735,0.48963720243754355,0.43091086032793874,0.5352221711921751,0.87522506718946,0.7815005193835816,0.9471889406595402,0.48603865422456344,0.45741434598358116,0.5119665964220247,0.38918641296489653,0.28868530443942325,0.47311640309314634,0.87522506718946,0.7859728962755276,0.947424659204696,1.0,1.0,1.0,0.7858768006106837,0.5859635540334228,0.9578004459308807,nan,nan,nan,nan,nan,nan,nan,nan,nan
GTSinger_same_text_control,hubert_l6,6,raw_origin,20,0.9647563470530505,0.9565644308433594,0.9718561107556253,0.9911246460001515,0.9878048992731435,0.9935467266506055,0.9995259261091688,0.9994189811120715,0.9996204438408962,0.9848532442842673,0.9828642975944776,0.9864379767229705,0.848714538161512,0.7241187119497516,0.938668716366545,0.4655684802561241,0.44519727120412056,0.4876283419928781,0.383146057905388,0.24817531002537022,0.4847759234454628,0.848714538161512,0.7238648238263078,0.9383476690121426,1.0,1.0,1.0,0.7673307769192327,0.563294851228232,0.934610684657671,nan,nan,nan,nan,nan,nan,nan,nan,nan
GTSinger_same_text_control,mert_l3,3,offset_consistency,20,nan,nan,nan,nan,nan,nan,nan,nan,nan,nan,nan,nan,nan,nan,nan,nan,nan,nan,nan,nan,nan,nan,nan,nan,nan,nan,nan,nan,nan,nan,0.7542680221300526,0.7492564646541416,0.7593614423387253,0.5257015839662764,0.5249744516231599,0.5264026446861771,0.5965966087770062,0.5948736217267008,0.5983816282866412
GTSinger_same_text_control,mert_l3,3,pooled_centered,20,0.010500491248351151,-0.09391088876734889,0.12990341558392182,0.6002457531403332,0.528832814721689,0.6666115823078071,0.9820718831420425,0.9748811706306629,0.9882509234000757,0.3699697058111424,0.3136039876979876,0.41740629594944967,0.7777566626834427,0.6869659211682148,0.8557592140881265,0.47817923179098437,0.43183111313440803,0.5272155069284388,0.29957743089245825,0.20456515403407977,0.3860091051828085,0.7777566626834427,0.6914953477320596,0.8560409007433188,1.0,1.0,1.0,0.6467288494031374,0.4776956408013942,0.8171835392514357,nan,nan,nan,nan,nan,nan,nan,nan,nan
GTSinger_same_text_control,mert_l3,3,raw_origin,20,0.9607990202770276,0.948284972076316,0.9709030660487052,0.9831720499496186,0.9779323989765717,0.9872599238700489,0.9994382591235847,0.9993001159665674,0.9995546222483872,0.9741369769503969,0.9707390956654788,0.97719932304017,0.736160968100163,0.6232002083401902,0.8365387158996979,0.4624921021374278,0.4326795572529611,0.4946708212331797,0.2736688659627351,0.15858257549459998,0.3794156395923565,0.736160968100163,0.6222645033748656,0.8376066249124865,1.0,1.0,1.0,0.5852281551531927,0.36151044870421933,0.7994615790731008,nan,nan,nan,nan,nan,nan,nan,nan,nan
GTSinger_same_text_control,wavlm_l12,12,offset_consistency,20,nan,nan,nan,nan,nan,nan,nan,nan,nan,nan,nan,nan,nan,nan,nan,nan,nan,nan,nan,nan,nan,nan,nan,nan,nan,nan,nan,nan,nan,nan,0.8691647743797081,0.8657705994192035,0.8723332486290665,0.5367535213534228,0.5364080338100589,0.5370959775073677,0.6262446068659548,0.6250766654601742,0.627338208359668
GTSinger_same_text_control,wavlm_l12,12,pooled_centered,20,-0.1744831491271297,-0.27581245393216586,-0.06643550800366882,0.7413829309040387,0.6740956840320765,0.7925944329564405,0.9745608509715366,0.965289285572099,0.9829386667123632,0.5104747522041735,0.4409934088633973,0.5644251552930364,0.8726582739726234,0.7337050777196317,0.9619252401242033,0.4645372064410389,0.4357245116131146,0.48908791939216945,0.40812106753158445,0.2641731408473155,0.51385993959246,0.8726582739726234,0.7343895450550862,0.9634515004555912,1.0,1.0,1.0,0.7960477261369315,0.6091433870564718,0.9465018965517238,nan,nan,nan,nan,nan,nan,nan,nan,nan
GTSinger_same_text_control,wavlm_l12,12,raw_origin,20,0.967716653474396,0.9587207393366911,0.975059629012014,0.9923473168153467,0.9893776761768116,0.9946250729830073,0.9994831802660604,0.9993584204316251,0.9995972495008466,0.9864331864267237,0.984175927652976,0.9881117216830594,0.8604423029915151,0.7332823082027916,0.9424971361378732,0.44506661562082755,0.41347870992809643,0.4800943859710677,0.4153756873706877,0.2798083514857906,0.5065404698187134,0.8604423029915151,0.7354016198136145,0.9419146322858605,1.0,1.0,1.0,0.733650684273248,0.5009165561450044,0.9344634225195092,nan,nan,nan,nan,nan,nan,nan,nan,nan
