study,reported_metric,direction,reported_value,calibration_source,trial_unit,gallery_size,directly_comparable,justification,primary_source
Mehrabani_Hansen_2012,mixture_clustering_accuracy_kmeans,higher_is_better,80.6%,not_applicable,10-second segments from each pair of test speakers,2 speakers,false,"Clustering accuracy is not cross-modal retrieval or verification; segment and gallery construction differ",https://www.isca-archive.org/interspeech_2012/mehrabani12b_interspeech.pdf
Mehrabani_Hansen_2012,mixture_clustering_accuracy_hierarchical,higher_is_better,82.9%,not_applicable,10-second segments from each pair of test speakers,2 speakers,false,"Clustering accuracy is not cross-modal retrieval or verification; segment and gallery construction differ",https://www.isca-archive.org/interspeech_2012/mehrabani12b_interspeech.pdf
Mehrabani_Hansen_2012,mixture_clustering_accuracy_kmeans_plus_PLDA_one_pass,higher_is_better,87.2%,not_applicable,10-second segments from each pair of test speakers,2 speakers,false,"PLDA-refined clustering differs from centroid retrieval/verification",https://www.isca-archive.org/interspeech_2012/mehrabani12b_interspeech.pdf
Mehrabani_Hansen_2012,mixture_clustering_accuracy_hierarchical_plus_PLDA_one_pass,higher_is_better,86.3%,not_applicable,10-second segments from each pair of test speakers,2 speakers,false,"PLDA-refined clustering differs from centroid retrieval/verification",https://www.isca-archive.org/interspeech_2012/mehrabani12b_interspeech.pdf
Mehrabani_Hansen_2012,mixture_clustering_accuracy_hierarchical_LLR_distance,higher_is_better,85.7%,not_applicable,10-second segments from each pair of test speakers,2 speakers,false,"PLDA LLR clustering distance differs from fixed cross-modal score matrices",https://www.isca-archive.org/interspeech_2012/mehrabani12b_interspeech.pdf
Mehrabani_Hansen_2012,mixture_clustering_accuracy_kmeans_plus_PLDA_three_pass,higher_is_better,89.9%,not_applicable,10-second segments from each pair of test speakers,2 speakers,false,"Iterative cluster refinement and two-speaker evaluation are not matched",https://www.isca-archive.org/interspeech_2012/mehrabani12b_interspeech.pdf
Mehrabani_Hansen_2012,mixture_clustering_accuracy_hierarchical_plus_PLDA_three_pass,higher_is_better,89.2%,not_applicable,10-second segments from each pair of test speakers,2 speakers,false,"Iterative cluster refinement and two-speaker evaluation are not matched",https://www.isca-archive.org/interspeech_2012/mehrabani12b_interspeech.pdf
Chowdhury_Cozzo_Ross_2022,EER,lower_is_better,PDF_REQUIRED,PDF_REQUIRED,PDF_REQUIRED,PDF_REQUIRED,false,"Five-page paper unavailable; exact trial and calibration protocol must not be reconstructed from metadata",https://doi.org/10.1109/ICASSP43922.2022.9746111
Chowdhury_Cozzo_Ross_2022,TMR_or_TAR,higher_is_better,PDF_REQUIRED,PDF_REQUIRED,PDF_REQUIRED,PDF_REQUIRED,false,"Five-page paper unavailable; exact operating point and trials require PDF",https://doi.org/10.1109/ICASSP43922.2022.9746111
Chowdhury_Cozzo_Ross_2022,all_other_table_values,as_reported,PDF_REQUIRED,PDF_REQUIRED,PDF_REQUIRED,PDF_REQUIRED,false,"Every comparable table value remains PDF_REQUIRED by the handoff rule",https://doi.org/10.1109/ICASSP43922.2022.9746111
This_project,R1,higher_is_better,see_metric_results_per_split.csv,not_thresholded,speaker-mode centroid query by singing-centroid gallery,20,false,"Different datasets and gallery/trial unit; valid only within this fixed protocol",local:metric_results_per_split.csv
This_project,EER,lower_is_better,see_metric_results_per_split.csv,descriptive_test_ROC,speaker-mode centroid diagonal genuine and off-diagonal impostor trials,20,false,"Requires matched modalities trials and calibration before external numerical comparison",local:metric_results_per_split.csv
This_project,TMR_at_FMR_1pct,higher_is_better,see_metric_results_per_split.csv,JVS_dev_speaker_impostors,speaker-mode centroid diagonal genuine and off-diagonal impostor trials,20,false,"Dev-calibrated JVS operating point; GTSinger is not primary at 1% resolution",local:metric_results_per_split.csv
This_project,heldout_E_test,higher_is_better,see_heldout_magnitude_summary.csv,not_applicable,held-out speaker displacement,not_applicable,false,"Representation-geometry quantity not reported by prior systems",local:heldout_magnitude_summary.csv
