dataset,model,layer,split_seed,global_fraction,mean_cos_delta_mu,delta_PC1_explained,delta_PC3_explained,residual_PC1_explained,residual_PC3_explained,test_speakers_N,interpretation
GTSinger,wavlm_l12,12,13,0.8551967982828941,0.87216408744723,0.36301468646044854,0.7469911939503229,0.36301468646044854,0.7469911939503227,10,global_high
GTSinger,wavlm_l12,12,17,0.6514206737630064,0.8951789931004545,0.3262152954256125,0.6502296929816058,0.32621529542561256,0.6502296929816059,10,global_high
GTSinger,wavlm_l12,12,19,0.7537640586145278,0.8957081157871277,0.26020397849554866,0.6053115652417996,0.26020397849554905,0.6053115652417997,10,global_high
GTSinger,wavlm_l12,12,23,1.0254686336689003,0.8783167189127511,0.24028457658175312,0.6122494514234728,0.24028457658175312,0.612249451423473,10,global_high
GTSinger,wavlm_l12,12,29,0.8118129201597096,0.8725306084512505,0.3097136693149538,0.6351214297602035,0.3097136693149538,0.6351214297602032,10,global_high
GTSinger,wavlm_l12,12,31,0.5360050016804098,0.8653371261945221,0.23977003776423753,0.5831640485588121,0.2397700377642376,0.5831640485588124,10,global_high
GTSinger,wavlm_l12,12,37,0.7705943292202092,0.8933714292623158,0.3209621578023893,0.6724648268296668,0.32096215780238935,0.6724648268296668,10,global_high
GTSinger,wavlm_l12,12,41,0.7130839209523354,0.8855447374500145,0.29562411494455176,0.6374763976397307,0.29562411494455176,0.6374763976397305,10,global_high
GTSinger,wavlm_l12,12,43,0.8785826766862841,0.8937605423498164,0.32581210511815323,0.7021638128752143,0.3258121051181531,0.7021638128752145,10,global_high
GTSinger,wavlm_l12,12,47,0.576761754403079,0.8966812142473494,0.32051898797173983,0.6792738674717342,0.32051898797173994,0.6792738674717347,10,global_high
GTSinger,wavlm_l12,12,53,0.8275811534785463,0.8799940334993817,0.3016824101438461,0.6432768550765029,0.3016824101438458,0.6432768550765025,10,global_high
GTSinger,wavlm_l12,12,59,0.6999825162398471,0.8923297835915323,0.28538495166596145,0.5948671038645553,0.28538495166596184,0.5948671038645554,10,global_high
GTSinger,wavlm_l12,12,61,0.6762042061241424,0.8964396081633013,0.3006506899098397,0.6494203044316296,0.30065068990983945,0.6494203044316297,10,global_high
GTSinger,wavlm_l12,12,67,0.884400451794823,0.8786799313527544,0.30344324139811474,0.708757068935313,0.3034432413981149,0.7087570689353124,10,global_high
GTSinger,wavlm_l12,12,71,0.7817384040130773,0.8895470618535258,0.2715497270050582,0.6650187219240022,0.2715497270050584,0.6650187219240025,10,global_high
GTSinger,wavlm_l12,12,73,0.5069936894694875,0.873319036938842,0.28413710808104425,0.5882996640748162,0.28413710808104437,0.5882996640748163,10,global_high
GTSinger,wavlm_l12,12,79,1.0930734513347384,0.8524132491862755,0.3036249646943489,0.6391760870990351,0.30362496469434874,0.6391760870990351,10,global_high
GTSinger,wavlm_l12,12,83,1.0163480874839192,0.8776760283882161,0.3325425599609864,0.7019901070780596,0.33254255996098636,0.7019901070780596,10,global_high
GTSinger,wavlm_l12,12,89,1.0087915753369998,0.8728425021574658,0.24070309717320124,0.6053036713017989,0.2407030971732013,0.6053036713017987,10,global_high
GTSinger,wavlm_l12,12,97,0.70351517802346,0.8810952799925724,0.32782926530965617,0.6956079606304482,0.32782926530965606,0.6956079606304483,10,global_high
GTSinger,wavlm_l12,12,101,0.8278589765460292,0.8749010504111098,0.36072375723137223,0.6941033359654393,0.360723757231372,0.694103335965439,10,global_high
GTSinger,wavlm_l12,12,103,1.2519894122506292,0.8878537678769488,0.27174056021701815,0.6626501620353626,0.2717405602170182,0.6626501620353628,10,global_high
GTSinger,wavlm_l12,12,107,0.5866357818272503,0.8868706062207293,0.33821552453703285,0.6519063257598047,0.338215524537033,0.6519063257598045,10,global_high
GTSinger,wavlm_l12,12,109,0.9718327332613826,0.8808511939326348,0.30815574781840416,0.6406784867615835,0.30815574781840416,0.6406784867615831,10,global_high
GTSinger,wavlm_l12,12,113,0.7323327474324346,0.8732854694788095,0.3357712876259052,0.6850182148440563,0.3357712876259049,0.6850182148440561,10,global_high
GTSinger,wavlm_l12,12,127,0.7504220436528359,0.8807853903851977,0.3042793270362642,0.6239493842796336,0.3042793270362642,0.623949384279634,10,global_high
GTSinger,wavlm_l12,12,131,0.5683122902785561,0.8754589476941547,0.2261593939502492,0.6078710748481743,0.2261593939502492,0.6078710748481744,10,global_high
GTSinger,wavlm_l12,12,137,0.8116468361654239,0.888510938633369,0.3025096044468674,0.6414464435665078,0.3025096044468674,0.6414464435665075,10,global_high
GTSinger,wavlm_l12,12,139,0.6390760521407364,0.8852757717027371,0.2988665641297646,0.6776701249469738,0.2988665641297644,0.6776701249469735,10,global_high
GTSinger,wavlm_l12,12,149,0.7640374483514931,0.8793171384761773,0.3930585364275591,0.6520752834335056,0.39305853642755895,0.6520752834335056,10,global_high
GTSinger,wavlm_l12,12,151,0.626238749298332,0.892311977610491,0.30424843119343703,0.6392423948376225,0.3042484311934372,0.6392423948376225,10,global_high
GTSinger,wavlm_l12,12,157,0.7390245892496704,0.873073454556686,0.2648056301241404,0.592599662739544,0.2648056301241404,0.5925996627395438,10,global_high
GTSinger,wavlm_l12,12,163,0.8964407832338868,0.8993460908695535,0.2885774529987813,0.6977678630850567,0.28857745299878196,0.6977678630850565,10,global_high
GTSinger,wavlm_l12,12,167,0.7486021435495293,0.8852031526970814,0.3330578261955912,0.65220083203636,0.33305782619559127,0.6522008320363601,10,global_high
GTSinger,wavlm_l12,12,173,0.9636487559313597,0.8767217578106955,0.3465822510414418,0.7262373277252662,0.34658225104144164,0.7262373277252662,10,global_high
GTSinger,wavlm_l12,12,179,0.9035494133523142,0.8750304719974258,0.2822281679218754,0.6141014694234086,0.2822281679218753,0.6141014694234087,10,global_high
GTSinger,wavlm_l12,12,181,0.900606770685049,0.8875772173988787,0.3082674119691369,0.6889719269025497,0.3082674119691373,0.6889719269025499,10,global_high
GTSinger,wavlm_l12,12,191,0.8009156647814244,0.8827922817477323,0.2851928983988379,0.6099108250798078,0.2851928983988386,0.6099108250798082,10,global_high
GTSinger,wavlm_l12,12,193,0.6576563559342595,0.8701336034235994,0.42612260815072844,0.6906001546377092,0.42612260815072844,0.6906001546377092,10,global_high
GTSinger,wavlm_l12,12,197,0.5621815929653747,0.8825078069715145,0.37194932212280835,0.6770886366363057,0.3719493221228086,0.6770886366363057,10,global_high
GTSinger,wavlm_l12,12,199,0.5962846430242654,0.8962503432279828,0.28635947232571524,0.6267417866160223,0.2863594723257154,0.6267417866160225,10,global_high
GTSinger,wavlm_l12,12,211,0.6242907982041968,0.8794974668045338,0.37521824931337067,0.6743856574562831,0.3752182493133706,0.6743856574562831,10,global_high
GTSinger,wavlm_l12,12,223,0.9742351210515202,0.8744673125053888,0.32666076395391624,0.6889775678161087,0.32666076395391624,0.6889775678161087,10,global_high
GTSinger,wavlm_l12,12,227,0.863283860942534,0.8602268973620101,0.3393524256577745,0.6541557612538743,0.3393524256577741,0.6541557612538743,10,global_high
GTSinger,wavlm_l12,12,229,0.6287408046228361,0.8708634688094328,0.3703339606840182,0.6578497330473198,0.3703339606840179,0.6578497330473196,10,global_high
GTSinger,wavlm_l12,12,233,0.8010417511879265,0.8810951992637366,0.31708939941233605,0.6650419907203693,0.31708939941233605,0.6650419907203691,10,global_high
GTSinger,wavlm_l12,12,239,0.9262433439387002,0.8737555739539495,0.3423810356759556,0.656504269397842,0.3423810356759556,0.6565042693978418,10,global_high
GTSinger,wavlm_l12,12,241,0.8901378952745784,0.8716436203122845,0.3269893750653133,0.6818753320915103,0.326989375065313,0.6818753320915103,10,global_high
GTSinger,wavlm_l12,12,251,0.980409423240054,0.8548461496834321,0.3031412430980998,0.6253227626510492,0.3031412430981,0.6253227626510492,10,global_high
GTSinger,wavlm_l12,12,257,0.7560313124462641,0.8823220527420415,0.3531723725209927,0.6915530600683738,0.3531723725209928,0.6915530600683739,10,global_high
GTSinger,mert_l3,3,13,0.9132359254064181,0.7161979587751889,0.3895849993614419,0.7487906546432189,0.389584999361442,0.7487906546432188,10,global_high
GTSinger,mert_l3,3,17,0.5223455545512504,0.7740942133686336,0.3135978576093122,0.6848833191759889,0.3135978576093126,0.6848833191759889,10,global_high
GTSinger,mert_l3,3,19,0.5560165107116771,0.7622235423876669,0.27990725983920034,0.6477222494060481,0.2799072598392001,0.6477222494060481,10,global_high
GTSinger,mert_l3,3,23,0.7799384369811826,0.7179169742282434,0.3565340850076748,0.6645400357074229,0.35653408500767486,0.6645400357074226,10,global_high
GTSinger,mert_l3,3,29,0.6492437829311292,0.732915784907214,0.3606295512064151,0.7014778356700503,0.36062955120641504,0.7014778356700501,10,global_high
GTSinger,mert_l3,3,31,0.4758061025474754,0.7110779496634536,0.37357345070762293,0.690494719576259,0.37357345070762277,0.6904947195762586,10,global_not_dominant
GTSinger,mert_l3,3,37,0.4826483069470852,0.755037622990862,0.3688297405784149,0.7004765690407421,0.3688297405784144,0.7004765690407417,10,global_not_dominant
GTSinger,mert_l3,3,41,0.45961242494022403,0.76326511734597,0.37227323839624243,0.6513950894994823,0.37227323839624255,0.6513950894994825,10,global_not_dominant
GTSinger,mert_l3,3,43,0.5861494515768959,0.7705765274140619,0.315857949217245,0.6989469638045716,0.3158579492172453,0.6989469638045716,10,global_high
GTSinger,mert_l3,3,47,0.42495391387000464,0.7492147313245402,0.3296629553949934,0.6574901246702429,0.3296629553949933,0.657490124670243,10,global_not_dominant
GTSinger,mert_l3,3,53,0.6080476936667082,0.7449785842021943,0.29766470509386256,0.6857027354178761,0.2976647050938625,0.6857027354178759,10,global_high
GTSinger,mert_l3,3,59,0.575055017609822,0.7506591379109707,0.26241331091497716,0.6512529936873328,0.26241331091497716,0.6512529936873328,10,global_high
GTSinger,mert_l3,3,61,0.3931449707585544,0.7720388808395517,0.3411625586702068,0.6799906241596789,0.34116255867020673,0.6799906241596788,10,global_not_dominant
GTSinger,mert_l3,3,67,0.6707355826381347,0.7276026348721403,0.3235603871105787,0.6964152436268867,0.32356038711057844,0.6964152436268867,10,global_high
GTSinger,mert_l3,3,71,0.47569470514292095,0.7298868870137359,0.2908734882930938,0.6566497694495321,0.2908734882930935,0.6566497694495321,10,global_not_dominant
GTSinger,mert_l3,3,73,0.4633687258658571,0.7144378527564613,0.3472109168899514,0.6437040636789055,0.3472109168899513,0.6437040636789053,10,global_not_dominant
GTSinger,mert_l3,3,79,0.9716196278992816,0.7173567140292145,0.40294793393466766,0.7283341836857764,0.40294793393466743,0.7283341836857764,10,global_high
GTSinger,mert_l3,3,83,0.7928673560161758,0.7573456476662377,0.31735429025985107,0.7215026592888478,0.3173542902598515,0.7215026592888479,10,global_high
GTSinger,mert_l3,3,89,0.8222941926921056,0.7328322787056237,0.3817404645760461,0.7037514267031348,0.38174046457604616,0.7037514267031346,10,global_high
GTSinger,mert_l3,3,97,0.4738308247975974,0.7271652114317548,0.3584789704383482,0.6571875840437557,0.358478970438348,0.6571875840437557,10,global_not_dominant
GTSinger,mert_l3,3,101,0.5211063533981911,0.753220296908124,0.3492291754258266,0.7354843512526137,0.34922917542582665,0.7354843512526137,10,global_high
GTSinger,mert_l3,3,103,1.0045082476364413,0.7301394794629441,0.3262976895613565,0.7221322312586046,0.32629768956135685,0.7221322312586046,10,global_high
GTSinger,mert_l3,3,107,0.46248215746189103,0.7740293136702427,0.33109533996944374,0.720271920199892,0.33109533996944374,0.7202719201998921,10,global_not_dominant
GTSinger,mert_l3,3,109,0.7452367783511481,0.7464436546568785,0.3442956082047311,0.7090040657481774,0.3442956082047311,0.7090040657481774,10,global_high
GTSinger,mert_l3,3,113,0.5112973609271241,0.7209578861689506,0.4014062970773961,0.6889722280986047,0.4014062970773963,0.6889722280986048,10,global_high
GTSinger,mert_l3,3,127,0.6678303727334972,0.7036018612577132,0.31673876602612483,0.6816663350420212,0.31673876602612483,0.6816663350420213,10,global_high
GTSinger,mert_l3,3,131,0.44947525139182776,0.7476302335352347,0.34167059890677165,0.7172801529407092,0.34167059890677165,0.7172801529407095,10,global_not_dominant
GTSinger,mert_l3,3,137,0.595165807278299,0.7559746265436645,0.30034615671889553,0.6600025073932357,0.30034615671889575,0.6600025073932356,10,global_high
GTSinger,mert_l3,3,139,0.4462868731757376,0.7673025978051232,0.4431175187059135,0.6985670182296434,0.4431175187059133,0.6985670182296431,10,global_not_dominant
GTSinger,mert_l3,3,149,0.6955123505161135,0.725535695835084,0.3442473453434914,0.692552090777218,0.34424734534349144,0.6925520907772181,10,global_high
GTSinger,mert_l3,3,151,0.43357650214874016,0.7357791213398663,0.39565107391969034,0.6655254667796694,0.3956510739196903,0.6655254667796691,10,global_not_dominant
GTSinger,mert_l3,3,157,0.6315739843870462,0.7246114815389493,0.3254530055071277,0.6351071567662971,0.32545300550712786,0.6351071567662971,10,global_high
GTSinger,mert_l3,3,163,0.621484676145338,0.7829484138315747,0.2667065990843737,0.6727255748137584,0.2667065990843738,0.6727255748137588,10,global_high
GTSinger,mert_l3,3,167,0.6833067701666996,0.7276483314916958,0.3596781636249994,0.706021643064301,0.35967816362499944,0.7060216430643014,10,global_high
GTSinger,mert_l3,3,173,0.6056704816571598,0.7585972315234164,0.28867384960169146,0.7020031564131939,0.28867384960169146,0.702003156413194,10,global_high
GTSinger,mert_l3,3,179,0.7730566192625659,0.7509731234730784,0.3933346757925952,0.730394107502799,0.39333467579259485,0.7303941075027985,10,global_high
GTSinger,mert_l3,3,181,0.6608872976141966,0.7268983449048427,0.3364083861852362,0.7010764526752186,0.33640838618523644,0.7010764526752189,10,global_high
GTSinger,mert_l3,3,191,0.6209780469119963,0.7130363115803918,0.2696564032864225,0.646861811217381,0.26965640328642254,0.646861811217381,10,global_high
GTSinger,mert_l3,3,193,0.6888381173777914,0.7053597307340412,0.48174860755573523,0.7455344962851461,0.4817486075557352,0.7455344962851462,10,global_high
GTSinger,mert_l3,3,197,0.4180998948251307,0.7485228608778527,0.389012919405167,0.6716017001752684,0.3890129194051671,0.6716017001752683,10,global_not_dominant
GTSinger,mert_l3,3,199,0.5388177390780605,0.7714644443595965,0.3422773936999232,0.6987355505819084,0.3422773936999232,0.6987355505819086,10,global_high
GTSinger,mert_l3,3,211,0.506520028793493,0.7215054859646961,0.40710964338598177,0.6693993666824765,0.40710964338598166,0.6693993666824765,10,global_high
GTSinger,mert_l3,3,223,0.9467698178244596,0.7140000333713238,0.38570505523557175,0.7363652846001811,0.38570505523557197,0.7363652846001816,10,global_high
GTSinger,mert_l3,3,227,0.7527491291359577,0.7414971327022133,0.3494221827186479,0.7338818795636054,0.34942218271864867,0.7338818795636057,10,global_high
GTSinger,mert_l3,3,229,0.4142869335671209,0.7607423744353152,0.3899022683150658,0.6811769327552791,0.3899022683150661,0.6811769327552791,10,global_not_dominant
GTSinger,mert_l3,3,233,0.5775414725530293,0.7425068457975543,0.2702317193859299,0.6830743461116986,0.2702317193859297,0.6830743461116988,10,global_high
GTSinger,mert_l3,3,239,0.6687856407139858,0.762468575217041,0.33895316324085517,0.7083475867486506,0.33895316324085517,0.7083475867486506,10,global_high
GTSinger,mert_l3,3,241,0.5764179959508648,0.7703480027299037,0.3438110494552271,0.7308977456687226,0.3438110494552272,0.7308977456687225,10,global_high
GTSinger,mert_l3,3,251,0.8549401760277827,0.7216165881416098,0.3436156897631647,0.7170437255119911,0.34361568976316553,0.7170437255119916,10,global_high
GTSinger,mert_l3,3,257,0.6037951523456747,0.736119547053917,0.36869761459796635,0.695125515296992,0.3686976145979664,0.695125515296992,10,global_high
GTSinger,ecapa,embedding,13,0.33896658429872306,0.4648906166096308,0.31184775580895063,0.6450125579253602,0.3118477558089504,0.64501255792536,10,global_not_dominant
GTSinger,ecapa,embedding,17,0.336900832336677,0.5023712612948811,0.2777617661257876,0.5801627773642626,0.2777617661257876,0.5801627773642621,10,global_not_dominant
GTSinger,ecapa,embedding,19,0.3510799439720199,0.4953400474671839,0.24967384301232304,0.5478308006468461,0.24967384301232293,0.5478308006468461,10,global_not_dominant
GTSinger,ecapa,embedding,23,0.4174957389453646,0.47239990677115096,0.2512695969864143,0.5508362498462299,0.2512695969864144,0.5508362498462298,10,global_not_dominant
GTSinger,ecapa,embedding,29,0.3681556831692406,0.49183704788651667,0.2952513445979189,0.5952280262231847,0.29525134459791913,0.5952280262231852,10,global_not_dominant
GTSinger,ecapa,embedding,31,0.27739246459357814,0.4476518843339183,0.2793523009202089,0.5865237066050137,0.27935230092020874,0.5865237066050135,10,global_not_dominant
GTSinger,ecapa,embedding,37,0.2835176914367196,0.4870795925473271,0.3050267145813869,0.5846815143310029,0.30502671458138736,0.584681514331003,10,global_not_dominant
GTSinger,ecapa,embedding,41,0.2817355879131607,0.49951071108648326,0.259527291762875,0.5482147490352222,0.25952729176287503,0.548214749035222,10,global_not_dominant
GTSinger,ecapa,embedding,43,0.30609001153478876,0.499937325501356,0.24535988476796725,0.5469467502383029,0.24535988476796702,0.5469467502383026,10,global_not_dominant
GTSinger,ecapa,embedding,47,0.2538789854332141,0.4675072180704113,0.23107449159247087,0.5339715671097378,0.23107449159247087,0.5339715671097378,10,global_not_dominant
GTSinger,ecapa,embedding,53,0.3298936421167651,0.4875416533807989,0.2600015726530031,0.5374675515030835,0.26000157265300317,0.537467551503083,10,global_not_dominant
GTSinger,ecapa,embedding,59,0.3136497801346633,0.477931765883961,0.24008631759221408,0.5196661696251915,0.2400863175922143,0.5196661696251915,10,global_not_dominant
GTSinger,ecapa,embedding,61,0.2561595715088317,0.4578746612267842,0.2541677083617402,0.5272545278623436,0.25416770836174035,0.5272545278623438,10,global_not_dominant
GTSinger,ecapa,embedding,67,0.3322212605022026,0.47503839299770406,0.24581676439403974,0.5437202196032752,0.24581676439403974,0.5437202196032747,10,global_not_dominant
GTSinger,ecapa,embedding,71,0.27533599830493816,0.4555842136850818,0.25003626196759327,0.5420154376292027,0.2500362619675935,0.5420154376292029,10,global_not_dominant
GTSinger,ecapa,embedding,73,0.32096878495377656,0.45345873870884035,0.27538533818980293,0.5633530677864944,0.275385338189803,0.5633530677864942,10,global_not_dominant
GTSinger,ecapa,embedding,79,0.5090629728807177,0.45210543197866426,0.31625931045432687,0.6368229082986517,0.316259310454327,0.6368229082986516,10,global_high
GTSinger,ecapa,embedding,83,0.4605084801570163,0.44035858531065386,0.2740192033813422,0.6240762897167493,0.2740192033813421,0.6240762897167496,10,global_not_dominant
GTSinger,ecapa,embedding,89,0.4896651597945549,0.4575043389643049,0.30807991337655477,0.6075398762556401,0.3080799133765549,0.60753987625564,10,global_not_dominant
GTSinger,ecapa,embedding,97,0.3432970167775851,0.4413745871885107,0.2751397154324621,0.5506855842673922,0.27513971543246185,0.5506855842673923,10,global_not_dominant
GTSinger,ecapa,embedding,101,0.31058555632709056,0.462830765773713,0.30714459326726595,0.5812567288027404,0.30714459326726595,0.5812567288027403,10,global_not_dominant
GTSinger,ecapa,embedding,103,0.46978894176242136,0.45203125676993805,0.27640288297614823,0.5826925243887939,0.27640288297614846,0.5826925243887946,10,global_not_dominant
GTSinger,ecapa,embedding,107,0.26456584673683575,0.48899467303489585,0.2508697482847227,0.5762705266955467,0.250869748284723,0.5762705266955468,10,global_not_dominant
GTSinger,ecapa,embedding,109,0.4003800574257713,0.4837734338721165,0.29432945396495874,0.579462616825599,0.2943294539649588,0.5794626168255992,10,global_not_dominant
GTSinger,ecapa,embedding,113,0.262129725350926,0.43693535131121086,0.2680443743332615,0.5775077619324218,0.26804437433326156,0.5775077619324217,10,global_not_dominant
GTSinger,ecapa,embedding,127,0.289661236698671,0.47871589146880866,0.2317292908283249,0.5495695814085287,0.23172929082832483,0.5495695814085285,10,global_not_dominant
GTSinger,ecapa,embedding,131,0.2832010644705804,0.44589841129842717,0.2866812340168648,0.5494565350982787,0.2866812340168647,0.5494565350982787,10,global_not_dominant
GTSinger,ecapa,embedding,137,0.2685716055169304,0.4932964592473949,0.24892642326297243,0.5511603674692652,0.24892642326297224,0.551160367469265,10,global_not_dominant
GTSinger,ecapa,embedding,139,0.2983364130007584,0.49475235471206974,0.30223244840723984,0.5901326230616174,0.30223244840723984,0.5901326230616174,10,global_not_dominant
GTSinger,ecapa,embedding,149,0.35048208773217093,0.4838288906477164,0.2793399319424973,0.566071959927775,0.27933993194249723,0.566071959927775,10,global_not_dominant
GTSinger,ecapa,embedding,151,0.26521476643889,0.47602667271242194,0.30310329097366767,0.5892475228963304,0.303103290973668,0.5892475228963309,10,global_not_dominant
GTSinger,ecapa,embedding,157,0.29129548171058683,0.46735487012835186,0.24319422917725286,0.5128008940627359,0.24319422917725286,0.5128008940627358,10,global_not_dominant
GTSinger,ecapa,embedding,163,0.4309087301766723,0.49474929261090894,0.24606839417495757,0.5559095116357173,0.24606839417495743,0.5559095116357172,10,global_not_dominant
GTSinger,ecapa,embedding,167,0.26455095266732215,0.4765785150818376,0.23214406641751195,0.5750108281027352,0.23214406641751195,0.5750108281027351,10,global_not_dominant
GTSinger,ecapa,embedding,173,0.3308554716826776,0.469746984165487,0.2806040194878729,0.5957804066121688,0.2806040194878731,0.5957804066121689,10,global_not_dominant
GTSinger,ecapa,embedding,179,0.4809292833284051,0.45191824616840764,0.33241100855751327,0.6412355819379109,0.3324110085575132,0.641235581937911,10,global_not_dominant
GTSinger,ecapa,embedding,181,0.4650959604925596,0.44691015472087,0.2569346791700465,0.559833032851504,0.2569346791700465,0.5598330328515038,10,global_not_dominant
GTSinger,ecapa,embedding,191,0.31845623036863796,0.4779757092281073,0.22256840538338457,0.5172364767077721,0.22256840538338465,0.5172364767077722,10,global_not_dominant
GTSinger,ecapa,embedding,193,0.3373908960840076,0.45026406160978505,0.3504439486904747,0.6486403995352301,0.35044394869047507,0.6486403995352301,10,global_not_dominant
GTSinger,ecapa,embedding,197,0.20688365896636396,0.49878888957611556,0.233785597450817,0.5405728977156312,0.23378559745081676,0.5405728977156312,10,global_not_dominant
GTSinger,ecapa,embedding,199,0.33268699059291496,0.503777857283842,0.2670706213950654,0.5725633189154267,0.26707062139506543,0.572563318915427,10,global_not_dominant
GTSinger,ecapa,embedding,211,0.28753790561935444,0.464134411528408,0.2819721303421647,0.5629658743448157,0.2819721303421642,0.5629658743448158,10,global_not_dominant
GTSinger,ecapa,embedding,223,0.41913590587713906,0.4594823922241728,0.32914911981283207,0.6209309934780479,0.32914911981283196,0.6209309934780477,10,global_not_dominant
GTSinger,ecapa,embedding,227,0.5347273078803536,0.4260273608227436,0.2938505382011355,0.6300926671661158,0.2938505382011357,0.630092667166116,10,global_high
GTSinger,ecapa,embedding,229,0.2249632175704377,0.5015696736076353,0.23182925323835588,0.5231108705665544,0.23182925323835582,0.5231108705665545,10,global_not_dominant
GTSinger,ecapa,embedding,233,0.3086153286824734,0.45550219572999434,0.24830539053878256,0.5554722877153254,0.24830539053878226,0.555472287715325,10,global_not_dominant
GTSinger,ecapa,embedding,239,0.3886511184937899,0.4677551976617574,0.29604795132580386,0.5744312753173587,0.296047951325804,0.5744312753173586,10,global_not_dominant
GTSinger,ecapa,embedding,241,0.4682103807081316,0.4703267204894934,0.31160344519762007,0.5941392451021287,0.3116034451976202,0.5941392451021287,10,global_not_dominant
GTSinger,ecapa,embedding,251,0.46000987344300276,0.4369367011484032,0.27660807505271656,0.577341171251981,0.27660807505271656,0.5773411712519813,10,global_not_dominant
GTSinger,ecapa,embedding,257,0.3011119447738978,0.4986218138217093,0.2573039502399556,0.5735710299549606,0.2573039502399556,0.5735710299549607,10,global_not_dominant
