dataset,model,layer,split_seed,split_protocol,residualization_variant,formula,nuisance_columns,direction,test_speakers_N,chance_R1,R1_num,R1_den,R1,R5,MRR,median_rank,same_minus_impostor_margin,delta_R1_vs_raw,mode_AUC,variance_removed,B_rank
JVS_JVSMuSiC,wavlm_l12,12,13,60_20_20_speaker_disjoint,raw,raw,,S->G,20,0.05,3,20,0.15,0.6,0.2882983193277311,5.0,0.0026407108085619913,0.0,0.38675,0.0,0
JVS_JVSMuSiC,wavlm_l12,12,13,60_20_20_speaker_disjoint,raw,raw,,G->S,20,0.05,3,20,0.15,0.6,0.3244836851744746,4.5,0.002640710808561958,0.0,0.38675,0.0,0
JVS_JVSMuSiC,wavlm_l12,12,13,60_20_20_speaker_disjoint,center_only_classic,classic,,S->G,20,0.05,12,20,0.6,0.95,0.7619047619047619,1.0,0.16664603263273117,0.44999999999999996,1.0,0.9767817898665104,0
JVS_JVSMuSiC,wavlm_l12,12,13,60_20_20_speaker_disjoint,center_only_classic,classic,,G->S,20,0.05,3,20,0.15,0.6,0.33727869352869344,3.5,0.16664603263273114,0.0,1.0,0.9767817898665104,0
JVS_JVSMuSiC,wavlm_l12,12,13,60_20_20_speaker_disjoint,mode_dummy_only,mean_preserving,mode_dummy,S->G,20,0.05,9,20,0.45,0.85,0.6040095525389643,2.0,0.002722601559436405,0.30000000000000004,0.52575,0.002976122708120643,1
JVS_JVSMuSiC,wavlm_l12,12,13,60_20_20_speaker_disjoint,mode_dummy_only,mean_preserving,mode_dummy,G->S,20,0.05,16,20,0.8,0.95,0.8533333333333333,1.0,0.0027226015594363938,0.65,0.52575,0.002976122708120643,1
JVS_JVSMuSiC,wavlm_l12,12,13,60_20_20_speaker_disjoint,mode_dummy_only,classic,mode_dummy,S->G,20,0.05,15,20,0.75,0.95,0.8466666666666667,1.0,0.41383184217174707,0.6,0.469625,0.9797579125746315,1
JVS_JVSMuSiC,wavlm_l12,12,13,60_20_20_speaker_disjoint,mode_dummy_only,classic,mode_dummy,G->S,20,0.05,17,20,0.85,0.95,0.8841666666666667,1.0,0.41383184217174707,0.7,0.469625,0.9797579125746315,1
JVS_JVSMuSiC,wavlm_l12,12,13,60_20_20_speaker_disjoint,acoustic_full_no_mode,mean_preserving,logf0_mean;logf0_std;logf0_p05;logf0_p50;logf0_p95;logf0_range;rms_mean;rms_std;duration_s;voiced_rate;energy_mean;energy_std,S->G,20,0.05,4,20,0.2,0.65,0.42111934118513067,3.0,0.0017375788575015206,0.05000000000000002,0.43075,0.005791591934753981,9
JVS_JVSMuSiC,wavlm_l12,12,13,60_20_20_speaker_disjoint,acoustic_full_no_mode,mean_preserving,logf0_mean;logf0_std;logf0_p05;logf0_p50;logf0_p95;logf0_range;rms_mean;rms_std;duration_s;voiced_rate;energy_mean;energy_std,G->S,20,0.05,9,20,0.45,0.9,0.5925595238095238,3.0,0.0017375788575015704,0.30000000000000004,0.43075,0.005791591934753981,9
JVS_JVSMuSiC,wavlm_l12,12,13,60_20_20_speaker_disjoint,acoustic_full_no_mode,classic,logf0_mean;logf0_std;logf0_p05;logf0_p50;logf0_p95;logf0_range;rms_mean;rms_std;duration_s;voiced_rate;energy_mean;energy_std,S->G,20,0.05,13,20,0.65,0.95,0.7733333333333333,1.0,0.29417452870083444,0.5,0.547,0.9832618177501344,9
JVS_JVSMuSiC,wavlm_l12,12,13,60_20_20_speaker_disjoint,acoustic_full_no_mode,classic,logf0_mean;logf0_std;logf0_p05;logf0_p50;logf0_p95;logf0_range;rms_mean;rms_std;duration_s;voiced_rate;energy_mean;energy_std,G->S,20,0.05,9,20,0.45,0.85,0.6033333333333333,2.0,0.2941745287008345,0.30000000000000004,0.547,0.9832618177501344,9
JVS_JVSMuSiC,wavlm_l12,12,13,60_20_20_speaker_disjoint,acoustic_full_plus_mode,mean_preserving,logf0_mean;logf0_std;logf0_p05;logf0_p50;logf0_p95;logf0_range;rms_mean;rms_std;duration_s;voiced_rate;energy_mean;energy_std;mode_dummy,S->G,20,0.05,4,20,0.2,0.6,0.38918650793650794,4.0,0.0018047268752000912,0.05000000000000002,0.49875,0.006306653053028355,10
JVS_JVSMuSiC,wavlm_l12,12,13,60_20_20_speaker_disjoint,acoustic_full_plus_mode,mean_preserving,logf0_mean;logf0_std;logf0_p05;logf0_p50;logf0_p95;logf0_range;rms_mean;rms_std;duration_s;voiced_rate;energy_mean;energy_std;mode_dummy,G->S,20,0.05,9,20,0.45,0.9,0.6192261904761904,2.0,0.0018047268752000966,0.30000000000000004,0.49875,0.006306653053028355,10
JVS_JVSMuSiC,wavlm_l12,12,13,60_20_20_speaker_disjoint,acoustic_full_plus_mode,classic,logf0_mean;logf0_std;logf0_p05;logf0_p50;logf0_p95;logf0_range;rms_mean;rms_std;duration_s;voiced_rate;energy_mean;energy_std;mode_dummy,S->G,20,0.05,12,20,0.6,0.95,0.7479166666666666,1.0,0.3259322678789234,0.44999999999999996,0.5535,0.9837784792986424,10
JVS_JVSMuSiC,wavlm_l12,12,13,60_20_20_speaker_disjoint,acoustic_full_plus_mode,classic,logf0_mean;logf0_std;logf0_p05;logf0_p50;logf0_p95;logf0_range;rms_mean;rms_std;duration_s;voiced_rate;energy_mean;energy_std;mode_dummy,G->S,20,0.05,10,20,0.5,0.95,0.6808333333333334,1.5,0.3259322678789234,0.35,0.5535,0.9837784792986424,10
JVS_JVSMuSiC,wavlm_l12,12,13,60_20_20_speaker_disjoint,row_shuffled_nuisance,mean_preserving,logf0_mean;logf0_std;logf0_p05;logf0_p50;logf0_p95;logf0_range;rms_mean;rms_std;duration_s;voiced_rate;energy_mean;energy_std,S->G,20,0.05,2,20,0.1,0.45,0.2557778944911298,6.0,0.0025638108773200106,-0.04999999999999999,0.594125,0.0001044498460077703,9
JVS_JVSMuSiC,wavlm_l12,12,13,60_20_20_speaker_disjoint,row_shuffled_nuisance,mean_preserving,logf0_mean;logf0_std;logf0_p05;logf0_p50;logf0_p95;logf0_range;rms_mean;rms_std;duration_s;voiced_rate;energy_mean;energy_std,G->S,20,0.05,2,20,0.1,0.45,0.2962483094390989,6.0,0.002563810877320033,-0.04999999999999999,0.594125,0.0001044498460077703,9
JVS_JVSMuSiC,wavlm_l12,12,13,60_20_20_speaker_disjoint,random_gaussian_nuisance,mean_preserving,logf0_mean;logf0_std;logf0_p05;logf0_p50;logf0_p95;logf0_range;rms_mean;rms_std;duration_s;voiced_rate;energy_mean;energy_std,S->G,20,0.05,2,20,0.1,0.5,0.273771645021645,5.5,0.002574490520243228,-0.04999999999999999,0.540125,1.861306356421011e-05,12
JVS_JVSMuSiC,wavlm_l12,12,13,60_20_20_speaker_disjoint,random_gaussian_nuisance,mean_preserving,logf0_mean;logf0_std;logf0_p05;logf0_p50;logf0_p95;logf0_range;rms_mean;rms_std;duration_s;voiced_rate;energy_mean;energy_std,G->S,20,0.05,3,20,0.15,0.55,0.3336689443597338,4.0,0.002574490520243189,0.0,0.540125,1.861306356421011e-05,12
JVS_JVSMuSiC,wavlm_l12,12,13,60_20_20_speaker_disjoint,random_low_rank_projection,mean_preserving,random_dir_0;random_dir_1;random_dir_2;random_dir_3;random_dir_4;random_dir_5;random_dir_6;random_dir_7;random_dir_8;random_dir_9;random_dir_10;random_dir_11,S->G,20,0.05,3,20,0.15,0.6,0.28859593837535014,5.0,0.002625318901830592,0.0,0.564375,0.00015530904072769136,12
JVS_JVSMuSiC,wavlm_l12,12,13,60_20_20_speaker_disjoint,random_low_rank_projection,mean_preserving,random_dir_0;random_dir_1;random_dir_2;random_dir_3;random_dir_4;random_dir_5;random_dir_6;random_dir_7;random_dir_8;random_dir_9;random_dir_10;random_dir_11,G->S,20,0.05,3,20,0.15,0.6,0.3269836851744746,4.0,0.0026253189018305536,0.0,0.564375,0.00015530904072769136,12
JVS_JVSMuSiC,wavlm_l12,12,17,60_20_20_speaker_disjoint,raw,raw,,S->G,20,0.05,6,20,0.3,0.45,0.3956944137304043,8.0,0.0026189804439033402,0.0,0.514625,0.0,0
JVS_JVSMuSiC,wavlm_l12,12,17,60_20_20_speaker_disjoint,raw,raw,,G->S,20,0.05,4,20,0.2,0.6,0.36070778486219657,4.0,0.002618980443903346,0.0,0.514625,0.0,0
JVS_JVSMuSiC,wavlm_l12,12,17,60_20_20_speaker_disjoint,center_only_classic,classic,,S->G,20,0.05,11,20,0.55,0.9,0.6950000000000001,1.0,0.1519225972695829,0.25000000000000006,1.0,0.9767702626937553,0
JVS_JVSMuSiC,wavlm_l12,12,17,60_20_20_speaker_disjoint,center_only_classic,classic,,G->S,20,0.05,4,20,0.2,0.6,0.3593599864188099,4.5,0.15192259726958285,0.0,1.0,0.9767702626937553,0
JVS_JVSMuSiC,wavlm_l12,12,17,60_20_20_speaker_disjoint,mode_dummy_only,mean_preserving,mode_dummy,S->G,20,0.05,9,20,0.45,0.65,0.574250700280112,2.0,0.0027000704919583674,0.15000000000000002,0.52975,0.002975974613180332,1
JVS_JVSMuSiC,wavlm_l12,12,17,60_20_20_speaker_disjoint,mode_dummy_only,mean_preserving,mode_dummy,G->S,20,0.05,14,20,0.7,0.95,0.765,1.0,0.002700070491958406,0.49999999999999994,0.52975,0.002975974613180332,1
JVS_JVSMuSiC,wavlm_l12,12,17,60_20_20_speaker_disjoint,mode_dummy_only,classic,mode_dummy,S->G,20,0.05,16,20,0.8,0.85,0.845021645021645,1.0,0.3734449140610351,0.5,0.51475,0.9797462373069363,1
JVS_JVSMuSiC,wavlm_l12,12,17,60_20_20_speaker_disjoint,mode_dummy_only,classic,mode_dummy,G->S,20,0.05,13,20,0.65,0.95,0.7738888888888888,1.0,0.3734449140610351,0.45,0.51475,0.9797462373069363,1
JVS_JVSMuSiC,wavlm_l12,12,17,60_20_20_speaker_disjoint,acoustic_full_no_mode,mean_preserving,logf0_mean;logf0_std;logf0_p05;logf0_p50;logf0_p95;logf0_range;rms_mean;rms_std;duration_s;voiced_rate;energy_mean;energy_std,S->G,20,0.05,5,20,0.25,0.6,0.4362022005772005,3.0,0.0015957859294844557,-0.04999999999999999,0.477625,0.007629785054955152,9
JVS_JVSMuSiC,wavlm_l12,12,17,60_20_20_speaker_disjoint,acoustic_full_no_mode,mean_preserving,logf0_mean;logf0_std;logf0_p05;logf0_p50;logf0_p95;logf0_range;rms_mean;rms_std;duration_s;voiced_rate;energy_mean;energy_std,G->S,20,0.05,7,20,0.35,0.75,0.5099120762278657,3.0,0.00159578592948445,0.14999999999999997,0.477625,0.007629785054955152,9
JVS_JVSMuSiC,wavlm_l12,12,17,60_20_20_speaker_disjoint,acoustic_full_no_mode,classic,logf0_mean;logf0_std;logf0_p05;logf0_p50;logf0_p95;logf0_range;rms_mean;rms_std;duration_s;voiced_rate;energy_mean;energy_std,S->G,20,0.05,8,20,0.4,0.85,0.5932954545454545,2.0,0.24743405530344492,0.10000000000000003,0.605375,0.983243979656079,9
JVS_JVSMuSiC,wavlm_l12,12,17,60_20_20_speaker_disjoint,acoustic_full_no_mode,classic,logf0_mean;logf0_std;logf0_p05;logf0_p50;logf0_p95;logf0_range;rms_mean;rms_std;duration_s;voiced_rate;energy_mean;energy_std,G->S,20,0.05,7,20,0.35,0.8,0.5617261904761904,2.0,0.24743405530344487,0.14999999999999997,0.605375,0.983243979656079,9
JVS_JVSMuSiC,wavlm_l12,12,17,60_20_20_speaker_disjoint,acoustic_full_plus_mode,mean_preserving,logf0_mean;logf0_std;logf0_p05;logf0_p50;logf0_p95;logf0_range;rms_mean;rms_std;duration_s;voiced_rate;energy_mean;energy_std;mode_dummy,S->G,20,0.05,4,20,0.2,0.55,0.3644887955182073,5.0,0.0016478185306532667,-0.09999999999999998,0.41075,0.0080745251386527,10
JVS_JVSMuSiC,wavlm_l12,12,17,60_20_20_speaker_disjoint,acoustic_full_plus_mode,mean_preserving,logf0_mean;logf0_std;logf0_p05;logf0_p50;logf0_p95;logf0_range;rms_mean;rms_std;duration_s;voiced_rate;energy_mean;energy_std;mode_dummy,G->S,20,0.05,9,20,0.45,0.75,0.5973032033326151,2.0,0.0016478185306533111,0.25,0.41075,0.0080745251386527,10
JVS_JVSMuSiC,wavlm_l12,12,17,60_20_20_speaker_disjoint,acoustic_full_plus_mode,classic,logf0_mean;logf0_std;logf0_p05;logf0_p50;logf0_p95;logf0_range;rms_mean;rms_std;duration_s;voiced_rate;energy_mean;energy_std;mode_dummy,S->G,20,0.05,10,20,0.5,0.85,0.6223214285714286,1.5,0.26213704847536184,0.2,0.597,0.9837591376889163,10
JVS_JVSMuSiC,wavlm_l12,12,17,60_20_20_speaker_disjoint,acoustic_full_plus_mode,classic,logf0_mean;logf0_std;logf0_p05;logf0_p50;logf0_p95;logf0_range;rms_mean;rms_std;duration_s;voiced_rate;energy_mean;energy_std;mode_dummy,G->S,20,0.05,8,20,0.4,0.85,0.5820833333333334,2.0,0.2621370484753619,0.2,0.597,0.9837591376889163,10
JVS_JVSMuSiC,wavlm_l12,12,17,60_20_20_speaker_disjoint,row_shuffled_nuisance,mean_preserving,logf0_mean;logf0_std;logf0_p05;logf0_p50;logf0_p95;logf0_range;rms_mean;rms_std;duration_s;voiced_rate;energy_mean;energy_std,S->G,20,0.05,4,20,0.2,0.45,0.34463129191070363,7.0,0.0026311070548840575,-0.09999999999999998,0.439,0.00014556885045113876,9
JVS_JVSMuSiC,wavlm_l12,12,17,60_20_20_speaker_disjoint,row_shuffled_nuisance,mean_preserving,logf0_mean;logf0_std;logf0_p05;logf0_p50;logf0_p95;logf0_range;rms_mean;rms_std;duration_s;voiced_rate;energy_mean;energy_std,G->S,20,0.05,3,20,0.15,0.55,0.33875441444520393,4.5,0.002631107054883991,-0.05000000000000002,0.439,0.00014556885045113876,9
JVS_JVSMuSiC,wavlm_l12,12,17,60_20_20_speaker_disjoint,random_gaussian_nuisance,mean_preserving,logf0_mean;logf0_std;logf0_p05;logf0_p50;logf0_p95;logf0_range;rms_mean;rms_std;duration_s;voiced_rate;energy_mean;energy_std,S->G,20,0.05,4,20,0.2,0.45,0.33627848243947306,8.0,0.0025893799200521817,-0.09999999999999998,0.5495,0.00015256231002624965,12
JVS_JVSMuSiC,wavlm_l12,12,17,60_20_20_speaker_disjoint,random_gaussian_nuisance,mean_preserving,logf0_mean;logf0_std;logf0_p05;logf0_p50;logf0_p95;logf0_range;rms_mean;rms_std;duration_s;voiced_rate;energy_mean;energy_std,G->S,20,0.05,3,20,0.15,0.6,0.3425084841628959,5.0,0.0025893799200522095,-0.05000000000000002,0.5495,0.00015256231002624965,12
JVS_JVSMuSiC,wavlm_l12,12,17,60_20_20_speaker_disjoint,random_low_rank_projection,mean_preserving,random_dir_0;random_dir_1;random_dir_2;random_dir_3;random_dir_4;random_dir_5;random_dir_6;random_dir_7;random_dir_8;random_dir_9;random_dir_10;random_dir_11,S->G,20,0.05,6,20,0.3,0.45,0.3956944137304043,8.0,0.0025974598288098726,0.0,0.546375,0.00023068088602895553,12
JVS_JVSMuSiC,wavlm_l12,12,17,60_20_20_speaker_disjoint,random_low_rank_projection,mean_preserving,random_dir_0;random_dir_1;random_dir_2;random_dir_3;random_dir_4;random_dir_5;random_dir_6;random_dir_7;random_dir_8;random_dir_9;random_dir_10;random_dir_11,G->S,20,0.05,4,20,0.2,0.6,0.36070778486219657,4.0,0.0025974598288098505,0.0,0.546375,0.00023068088602895553,12
JVS_JVSMuSiC,wavlm_l12,12,19,60_20_20_speaker_disjoint,raw,raw,,S->G,20,0.05,2,20,0.1,0.4,0.23381860678880803,8.5,0.0031724126140479205,0.0,0.381875,0.0,0
JVS_JVSMuSiC,wavlm_l12,12,19,60_20_20_speaker_disjoint,raw,raw,,G->S,20,0.05,7,20,0.35,0.55,0.43812881562881556,5.0,0.0031724126140478927,0.0,0.381875,0.0,0
JVS_JVSMuSiC,wavlm_l12,12,19,60_20_20_speaker_disjoint,center_only_classic,classic,,S->G,20,0.05,9,20,0.45,0.95,0.6729166666666667,2.0,0.164332987788541,0.35,1.0,0.9767574788869754,0
JVS_JVSMuSiC,wavlm_l12,12,19,60_20_20_speaker_disjoint,center_only_classic,classic,,G->S,20,0.05,6,20,0.3,0.7,0.46293386652906776,3.0,0.16433298778854097,-0.04999999999999999,1.0,0.9767574788869754,0
JVS_JVSMuSiC,wavlm_l12,12,19,60_20_20_speaker_disjoint,mode_dummy_only,mean_preserving,mode_dummy,S->G,20,0.05,9,20,0.45,0.85,0.6165476190476189,2.0,0.003272762607582935,0.35,0.497625,0.0029751214812623328,1
JVS_JVSMuSiC,wavlm_l12,12,19,60_20_20_speaker_disjoint,mode_dummy_only,mean_preserving,mode_dummy,G->S,20,0.05,12,20,0.6,0.95,0.7100000000000001,1.0,0.0032727626075829074,0.25,0.497625,0.0029751214812623328,1
JVS_JVSMuSiC,wavlm_l12,12,19,60_20_20_speaker_disjoint,mode_dummy_only,classic,mode_dummy,S->G,20,0.05,12,20,0.6,0.95,0.7583333333333333,1.0,0.3971716801806739,0.5,0.362875,0.9797326003682395,1
JVS_JVSMuSiC,wavlm_l12,12,19,60_20_20_speaker_disjoint,mode_dummy_only,classic,mode_dummy,G->S,20,0.05,13,20,0.65,0.95,0.7822222222222222,1.0,0.3971716801806739,0.30000000000000004,0.362875,0.9797326003682395,1
JVS_JVSMuSiC,wavlm_l12,12,19,60_20_20_speaker_disjoint,acoustic_full_no_mode,mean_preserving,logf0_mean;logf0_std;logf0_p05;logf0_p50;logf0_p95;logf0_range;rms_mean;rms_std;duration_s;voiced_rate;energy_mean;energy_std,S->G,20,0.05,4,20,0.2,0.55,0.3808902157354169,4.5,0.0018699411205487237,0.1,0.374,0.006111663143749224,9
JVS_JVSMuSiC,wavlm_l12,12,19,60_20_20_speaker_disjoint,acoustic_full_no_mode,mean_preserving,logf0_mean;logf0_std;logf0_p05;logf0_p50;logf0_p95;logf0_range;rms_mean;rms_std;duration_s;voiced_rate;energy_mean;energy_std,G->S,20,0.05,5,20,0.25,0.6,0.43465964590964584,3.0,0.0018699411205487515,-0.09999999999999998,0.374,0.006111663143749224,9
JVS_JVSMuSiC,wavlm_l12,12,19,60_20_20_speaker_disjoint,acoustic_full_no_mode,classic,logf0_mean;logf0_std;logf0_p05;logf0_p50;logf0_p95;logf0_range;rms_mean;rms_std;duration_s;voiced_rate;energy_mean;energy_std,S->G,20,0.05,10,20,0.5,0.75,0.6328769841269841,1.5,0.2490393205728021,0.4,0.363,0.9832233693314839,9
JVS_JVSMuSiC,wavlm_l12,12,19,60_20_20_speaker_disjoint,acoustic_full_no_mode,classic,logf0_mean;logf0_std;logf0_p05;logf0_p50;logf0_p95;logf0_range;rms_mean;rms_std;duration_s;voiced_rate;energy_mean;energy_std,G->S,20,0.05,8,20,0.4,0.85,0.5713461538461538,2.0,0.2490393205728021,0.050000000000000044,0.363,0.9832233693314839,9
JVS_JVSMuSiC,wavlm_l12,12,19,60_20_20_speaker_disjoint,acoustic_full_plus_mode,mean_preserving,logf0_mean;logf0_std;logf0_p05;logf0_p50;logf0_p95;logf0_range;rms_mean;rms_std;duration_s;voiced_rate;energy_mean;energy_std;mode_dummy,S->G,20,0.05,3,20,0.15,0.65,0.3759343434343434,3.5,0.0018166981593383202,0.04999999999999999,0.46225,0.006732134865035211,10
JVS_JVSMuSiC,wavlm_l12,12,19,60_20_20_speaker_disjoint,acoustic_full_plus_mode,mean_preserving,logf0_mean;logf0_std;logf0_p05;logf0_p50;logf0_p95;logf0_range;rms_mean;rms_std;duration_s;voiced_rate;energy_mean;energy_std;mode_dummy,G->S,20,0.05,7,20,0.35,0.65,0.49245726495726494,2.5,0.001816698159338309,0.0,0.46225,0.006732134865035211,10
JVS_JVSMuSiC,wavlm_l12,12,19,60_20_20_speaker_disjoint,acoustic_full_plus_mode,classic,logf0_mean;logf0_std;logf0_p05;logf0_p50;logf0_p95;logf0_range;rms_mean;rms_std;duration_s;voiced_rate;energy_mean;energy_std;mode_dummy,S->G,20,0.05,10,20,0.5,0.8,0.6250245098039217,1.5,0.24718398793960666,0.4,0.35025,0.983743126635398,10
JVS_JVSMuSiC,wavlm_l12,12,19,60_20_20_speaker_disjoint,acoustic_full_plus_mode,classic,logf0_mean;logf0_std;logf0_p05;logf0_p50;logf0_p95;logf0_range;rms_mean;rms_std;duration_s;voiced_rate;energy_mean;energy_std;mode_dummy,G->S,20,0.05,8,20,0.4,0.85,0.5737745098039215,2.0,0.24718398793960666,0.050000000000000044,0.35025,0.983743126635398,10
JVS_JVSMuSiC,wavlm_l12,12,19,60_20_20_speaker_disjoint,row_shuffled_nuisance,mean_preserving,logf0_mean;logf0_std;logf0_p05;logf0_p50;logf0_p95;logf0_range;rms_mean;rms_std;duration_s;voiced_rate;energy_mean;energy_std,S->G,20,0.05,2,20,0.1,0.4,0.25485516311174206,8.5,0.0031510320937718993,0.0,0.420125,0.0002949627603591187,9
JVS_JVSMuSiC,wavlm_l12,12,19,60_20_20_speaker_disjoint,row_shuffled_nuisance,mean_preserving,logf0_mean;logf0_std;logf0_p05;logf0_p50;logf0_p95;logf0_range;rms_mean;rms_std;duration_s;voiced_rate;energy_mean;energy_std,G->S,20,0.05,5,20,0.25,0.55,0.37104548229548223,5.0,0.003151032093771855,-0.09999999999999998,0.420125,0.0002949627603591187,9
JVS_JVSMuSiC,wavlm_l12,12,19,60_20_20_speaker_disjoint,random_gaussian_nuisance,mean_preserving,logf0_mean;logf0_std;logf0_p05;logf0_p50;logf0_p95;logf0_range;rms_mean;rms_std;duration_s;voiced_rate;energy_mean;energy_std,S->G,20,0.05,2,20,0.1,0.45,0.24712437781516733,8.0,0.0032034094264728917,0.0,0.5885,0.0001723563067062006,12
JVS_JVSMuSiC,wavlm_l12,12,19,60_20_20_speaker_disjoint,random_gaussian_nuisance,mean_preserving,logf0_mean;logf0_std;logf0_p05;logf0_p50;logf0_p95;logf0_range;rms_mean;rms_std;duration_s;voiced_rate;energy_mean;energy_std,G->S,20,0.05,5,20,0.25,0.55,0.399629884004884,4.5,0.003203409426472875,-0.09999999999999998,0.5885,0.0001723563067062006,12
JVS_JVSMuSiC,wavlm_l12,12,19,60_20_20_speaker_disjoint,random_low_rank_projection,mean_preserving,random_dir_0;random_dir_1;random_dir_2;random_dir_3;random_dir_4;random_dir_5;random_dir_6;random_dir_7;random_dir_8;random_dir_9;random_dir_10;random_dir_11,S->G,20,0.05,2,20,0.1,0.4,0.23326305123325247,8.5,0.003151095233175105,0.0,0.565375,0.00016642402108146825,12
JVS_JVSMuSiC,wavlm_l12,12,19,60_20_20_speaker_disjoint,random_low_rank_projection,mean_preserving,random_dir_0;random_dir_1;random_dir_2;random_dir_3;random_dir_4;random_dir_5;random_dir_6;random_dir_7;random_dir_8;random_dir_9;random_dir_10;random_dir_11,G->S,20,0.05,7,20,0.35,0.55,0.4385076035076034,5.0,0.003151095233175144,0.0,0.565375,0.00016642402108146825,12
JVS_JVSMuSiC,mert_l3,3,13,60_20_20_speaker_disjoint,raw,raw,,S->G,20,0.05,9,20,0.45,0.85,0.6047985347985347,2.0,0.00997730066704589,0.0,0.52425,0.0,0
JVS_JVSMuSiC,mert_l3,3,13,60_20_20_speaker_disjoint,raw,raw,,G->S,20,0.05,12,20,0.6,0.8,0.6837301587301587,1.0,0.00997730066704593,0.0,0.52425,0.0,0
JVS_JVSMuSiC,mert_l3,3,13,60_20_20_speaker_disjoint,center_only_classic,classic,,S->G,20,0.05,16,20,0.8,1.0,0.8833333333333332,1.0,0.3597641229714344,0.35000000000000003,1.0,0.9664698595351812,0
JVS_JVSMuSiC,mert_l3,3,13,60_20_20_speaker_disjoint,center_only_classic,classic,,G->S,20,0.05,12,20,0.6,0.85,0.7184523809523808,1.0,0.35976412297143445,0.0,1.0,0.9664698595351812,0
JVS_JVSMuSiC,mert_l3,3,13,60_20_20_speaker_disjoint,mode_dummy_only,mean_preserving,mode_dummy,S->G,20,0.05,16,20,0.8,1.0,0.8666666666666666,1.0,0.009945815986460733,0.35000000000000003,0.478875,0.0025381584294633663,1
JVS_JVSMuSiC,mert_l3,3,13,60_20_20_speaker_disjoint,mode_dummy_only,mean_preserving,mode_dummy,G->S,20,0.05,17,20,0.85,1.0,0.9041666666666666,1.0,0.009945815986460793,0.25,0.478875,0.0025381584294633663,1
JVS_JVSMuSiC,mert_l3,3,13,60_20_20_speaker_disjoint,mode_dummy_only,classic,mode_dummy,S->G,20,0.05,19,20,0.95,1.0,0.9666666666666666,1.0,0.5396507055465468,0.49999999999999994,0.3135,0.9690080179646443,1
JVS_JVSMuSiC,mert_l3,3,13,60_20_20_speaker_disjoint,mode_dummy_only,classic,mode_dummy,G->S,20,0.05,16,20,0.8,1.0,0.875,1.0,0.5396507055465469,0.20000000000000007,0.3135,0.9690080179646443,1
JVS_JVSMuSiC,mert_l3,3,13,60_20_20_speaker_disjoint,acoustic_full_no_mode,mean_preserving,logf0_mean;logf0_std;logf0_p05;logf0_p50;logf0_p95;logf0_range;rms_mean;rms_std;duration_s;voiced_rate;energy_mean;energy_std,S->G,20,0.05,14,20,0.7,0.85,0.7744017094017094,1.0,0.00633281150458454,0.24999999999999994,0.60325,0.010534971440117835,9
JVS_JVSMuSiC,mert_l3,3,13,60_20_20_speaker_disjoint,acoustic_full_no_mode,mean_preserving,logf0_mean;logf0_std;logf0_p05;logf0_p50;logf0_p95;logf0_range;rms_mean;rms_std;duration_s;voiced_rate;energy_mean;energy_std,G->S,20,0.05,16,20,0.8,0.95,0.8521428571428572,1.0,0.006332811504584551,0.20000000000000007,0.60325,0.010534971440117835,9
JVS_JVSMuSiC,mert_l3,3,13,60_20_20_speaker_disjoint,acoustic_full_no_mode,classic,logf0_mean;logf0_std;logf0_p05;logf0_p50;logf0_p95;logf0_range;rms_mean;rms_std;duration_s;voiced_rate;energy_mean;energy_std,S->G,20,0.05,17,20,0.85,0.95,0.89375,1.0,0.4166231482209106,0.39999999999999997,0.589375,0.9775568981607111,9
JVS_JVSMuSiC,mert_l3,3,13,60_20_20_speaker_disjoint,acoustic_full_no_mode,classic,logf0_mean;logf0_std;logf0_p05;logf0_p50;logf0_p95;logf0_range;rms_mean;rms_std;duration_s;voiced_rate;energy_mean;energy_std,G->S,20,0.05,16,20,0.8,0.95,0.8604166666666666,1.0,0.4166231482209106,0.20000000000000007,0.589375,0.9775568981607111,9
JVS_JVSMuSiC,mert_l3,3,13,60_20_20_speaker_disjoint,acoustic_full_plus_mode,mean_preserving,logf0_mean;logf0_std;logf0_p05;logf0_p50;logf0_p95;logf0_range;rms_mean;rms_std;duration_s;voiced_rate;energy_mean;energy_std;mode_dummy,S->G,20,0.05,15,20,0.75,0.85,0.7999175824175824,1.0,0.006228035567043216,0.3,0.64375,0.010880986667241244,10
JVS_JVSMuSiC,mert_l3,3,13,60_20_20_speaker_disjoint,acoustic_full_plus_mode,mean_preserving,logf0_mean;logf0_std;logf0_p05;logf0_p50;logf0_p95;logf0_range;rms_mean;rms_std;duration_s;voiced_rate;energy_mean;energy_std;mode_dummy,G->S,20,0.05,16,20,0.8,0.9,0.8492857142857142,1.0,0.006228035567043144,0.20000000000000007,0.64375,0.010880986667241244,10
JVS_JVSMuSiC,mert_l3,3,13,60_20_20_speaker_disjoint,acoustic_full_plus_mode,classic,logf0_mean;logf0_std;logf0_p05;logf0_p50;logf0_p95;logf0_range;rms_mean;rms_std;duration_s;voiced_rate;energy_mean;energy_std;mode_dummy,S->G,20,0.05,17,20,0.85,0.95,0.9,1.0,0.41586563242088725,0.39999999999999997,0.466875,0.9779043388393532,10
JVS_JVSMuSiC,mert_l3,3,13,60_20_20_speaker_disjoint,acoustic_full_plus_mode,classic,logf0_mean;logf0_std;logf0_p05;logf0_p50;logf0_p95;logf0_range;rms_mean;rms_std;duration_s;voiced_rate;energy_mean;energy_std;mode_dummy,G->S,20,0.05,16,20,0.8,0.95,0.8604166666666666,1.0,0.41586563242088737,0.20000000000000007,0.466875,0.9779043388393532,10
JVS_JVSMuSiC,mert_l3,3,13,60_20_20_speaker_disjoint,row_shuffled_nuisance,mean_preserving,logf0_mean;logf0_std;logf0_p05;logf0_p50;logf0_p95;logf0_range;rms_mean;rms_std;duration_s;voiced_rate;energy_mean;energy_std,S->G,20,0.05,9,20,0.45,0.8,0.6072985347985348,2.0,0.009528250613760197,0.0,0.52125,0.00017280752345028016,9
JVS_JVSMuSiC,mert_l3,3,13,60_20_20_speaker_disjoint,row_shuffled_nuisance,mean_preserving,logf0_mean;logf0_std;logf0_p05;logf0_p50;logf0_p95;logf0_range;rms_mean;rms_std;duration_s;voiced_rate;energy_mean;energy_std,G->S,20,0.05,11,20,0.55,0.8,0.6538340336134454,1.0,0.009528250613760215,-0.04999999999999993,0.52125,0.00017280752345028016,9
JVS_JVSMuSiC,mert_l3,3,13,60_20_20_speaker_disjoint,random_gaussian_nuisance,mean_preserving,logf0_mean;logf0_std;logf0_p05;logf0_p50;logf0_p95;logf0_range;rms_mean;rms_std;duration_s;voiced_rate;energy_mean;energy_std,S->G,20,0.05,10,20,0.5,0.8,0.6302380952380953,1.5,0.009945663815463857,0.04999999999999999,0.537125,1.283666220341928e-05,12
JVS_JVSMuSiC,mert_l3,3,13,60_20_20_speaker_disjoint,random_gaussian_nuisance,mean_preserving,logf0_mean;logf0_std;logf0_p05;logf0_p50;logf0_p95;logf0_range;rms_mean;rms_std;duration_s;voiced_rate;energy_mean;energy_std,G->S,20,0.05,12,20,0.6,0.75,0.6770039682539682,1.0,0.009945663815463884,0.0,0.537125,1.283666220341928e-05,12
JVS_JVSMuSiC,mert_l3,3,13,60_20_20_speaker_disjoint,random_low_rank_projection,mean_preserving,random_dir_0;random_dir_1;random_dir_2;random_dir_3;random_dir_4;random_dir_5;random_dir_6;random_dir_7;random_dir_8;random_dir_9;random_dir_10;random_dir_11,S->G,20,0.05,9,20,0.45,0.85,0.6047985347985347,2.0,0.009893802032436488,0.0,0.470375,0.00023358172573240132,12
JVS_JVSMuSiC,mert_l3,3,13,60_20_20_speaker_disjoint,random_low_rank_projection,mean_preserving,random_dir_0;random_dir_1;random_dir_2;random_dir_3;random_dir_4;random_dir_5;random_dir_6;random_dir_7;random_dir_8;random_dir_9;random_dir_10;random_dir_11,G->S,20,0.05,12,20,0.6,0.8,0.6828373015873016,1.0,0.009893802032436472,0.0,0.470375,0.00023358172573240132,12
JVS_JVSMuSiC,mert_l3,3,17,60_20_20_speaker_disjoint,raw,raw,,S->G,20,0.05,9,20,0.45,0.75,0.5759390119684238,2.5,0.010040504350881796,0.0,0.58275,0.0,0
JVS_JVSMuSiC,mert_l3,3,17,60_20_20_speaker_disjoint,raw,raw,,G->S,20,0.05,8,20,0.4,0.75,0.5520634920634919,2.5,0.010040504350881769,0.0,0.58275,0.0,0
JVS_JVSMuSiC,mert_l3,3,17,60_20_20_speaker_disjoint,center_only_classic,classic,,S->G,20,0.05,13,20,0.65,1.0,0.8041666666666668,1.0,0.3497648078529036,0.2,1.0,0.966476963961938,0
JVS_JVSMuSiC,mert_l3,3,17,60_20_20_speaker_disjoint,center_only_classic,classic,,G->S,20,0.05,7,20,0.35,0.75,0.5249999999999999,2.5,0.34976480785290365,-0.050000000000000044,1.0,0.966476963961938,0
JVS_JVSMuSiC,mert_l3,3,17,60_20_20_speaker_disjoint,mode_dummy_only,mean_preserving,mode_dummy,S->G,20,0.05,16,20,0.8,0.9,0.8434294871794872,1.0,0.0100088881533071,0.35000000000000003,0.489,0.002537614416552647,1
JVS_JVSMuSiC,mert_l3,3,17,60_20_20_speaker_disjoint,mode_dummy_only,mean_preserving,mode_dummy,G->S,20,0.05,18,20,0.9,0.95,0.9321428571428572,1.0,0.010008888153307093,0.5,0.489,0.002537614416552647,1
JVS_JVSMuSiC,mert_l3,3,17,60_20_20_speaker_disjoint,mode_dummy_only,classic,mode_dummy,S->G,20,0.05,15,20,0.75,1.0,0.8375,1.0,0.5324148742339982,0.3,0.31325,0.9690145783784909,1
JVS_JVSMuSiC,mert_l3,3,17,60_20_20_speaker_disjoint,mode_dummy_only,classic,mode_dummy,G->S,20,0.05,17,20,0.85,0.95,0.8904761904761903,1.0,0.5324148742339982,0.44999999999999996,0.31325,0.9690145783784909,1
JVS_JVSMuSiC,mert_l3,3,17,60_20_20_speaker_disjoint,acoustic_full_no_mode,mean_preserving,logf0_mean;logf0_std;logf0_p05;logf0_p50;logf0_p95;logf0_range;rms_mean;rms_std;duration_s;voiced_rate;energy_mean;energy_std,S->G,20,0.05,13,20,0.65,0.8,0.7184967320261437,1.0,0.005602362678634731,0.2,0.610875,0.011570432168185762,9
JVS_JVSMuSiC,mert_l3,3,17,60_20_20_speaker_disjoint,acoustic_full_no_mode,mean_preserving,logf0_mean;logf0_std;logf0_p05;logf0_p50;logf0_p95;logf0_range;rms_mean;rms_std;duration_s;voiced_rate;energy_mean;energy_std,G->S,20,0.05,16,20,0.8,0.9,0.8517676767676768,1.0,0.005602362678634709,0.4,0.610875,0.011570432168185762,9
JVS_JVSMuSiC,mert_l3,3,17,60_20_20_speaker_disjoint,acoustic_full_no_mode,classic,logf0_mean;logf0_std;logf0_p05;logf0_p50;logf0_p95;logf0_range;rms_mean;rms_std;duration_s;voiced_rate;energy_mean;energy_std,S->G,20,0.05,13,20,0.65,1.0,0.7783333333333334,1.0,0.3874376026722705,0.2,0.457,0.9777134703811117,9
JVS_JVSMuSiC,mert_l3,3,17,60_20_20_speaker_disjoint,acoustic_full_no_mode,classic,logf0_mean;logf0_std;logf0_p05;logf0_p50;logf0_p95;logf0_range;rms_mean;rms_std;duration_s;voiced_rate;energy_mean;energy_std,G->S,20,0.05,14,20,0.7,0.95,0.7879761904761905,1.0,0.3874376026722706,0.29999999999999993,0.457,0.9777134703811117,9
JVS_JVSMuSiC,mert_l3,3,17,60_20_20_speaker_disjoint,acoustic_full_plus_mode,mean_preserving,logf0_mean;logf0_std;logf0_p05;logf0_p50;logf0_p95;logf0_range;rms_mean;rms_std;duration_s;voiced_rate;energy_mean;energy_std;mode_dummy,S->G,20,0.05,13,20,0.65,0.8,0.7323161764705881,1.0,0.005477659074603602,0.2,0.634,0.011834708313078313,10
JVS_JVSMuSiC,mert_l3,3,17,60_20_20_speaker_disjoint,acoustic_full_plus_mode,mean_preserving,logf0_mean;logf0_std;logf0_p05;logf0_p50;logf0_p95;logf0_range;rms_mean;rms_std;duration_s;voiced_rate;energy_mean;energy_std;mode_dummy,G->S,20,0.05,16,20,0.8,0.9,0.8434343434343436,1.0,0.005477659074603597,0.4,0.634,0.011834708313078313,10
JVS_JVSMuSiC,mert_l3,3,17,60_20_20_speaker_disjoint,acoustic_full_plus_mode,classic,logf0_mean;logf0_std;logf0_p05;logf0_p50;logf0_p95;logf0_range;rms_mean;rms_std;duration_s;voiced_rate;energy_mean;energy_std;mode_dummy,S->G,20,0.05,14,20,0.7,0.9,0.79125,1.0,0.38314649346335417,0.24999999999999994,0.3645,0.978054143815622,10
JVS_JVSMuSiC,mert_l3,3,17,60_20_20_speaker_disjoint,acoustic_full_plus_mode,classic,logf0_mean;logf0_std;logf0_p05;logf0_p50;logf0_p95;logf0_range;rms_mean;rms_std;duration_s;voiced_rate;energy_mean;energy_std;mode_dummy,G->S,20,0.05,15,20,0.75,1.0,0.8283333333333334,1.0,0.38314649346335417,0.35,0.3645,0.978054143815622,10
JVS_JVSMuSiC,mert_l3,3,17,60_20_20_speaker_disjoint,row_shuffled_nuisance,mean_preserving,logf0_mean;logf0_std;logf0_p05;logf0_p50;logf0_p95;logf0_range;rms_mean;rms_std;duration_s;voiced_rate;energy_mean;energy_std,S->G,20,0.05,8,20,0.4,0.75,0.5719444444444444,2.0,0.01012812316085504,-0.04999999999999999,0.569625,9.622388946350924e-05,9
JVS_JVSMuSiC,mert_l3,3,17,60_20_20_speaker_disjoint,row_shuffled_nuisance,mean_preserving,logf0_mean;logf0_std;logf0_p05;logf0_p50;logf0_p95;logf0_range;rms_mean;rms_std;duration_s;voiced_rate;energy_mean;energy_std,G->S,20,0.05,9,20,0.45,0.75,0.588095238095238,2.0,0.010128123160855079,0.04999999999999999,0.569625,9.622388946350924e-05,9
JVS_JVSMuSiC,mert_l3,3,17,60_20_20_speaker_disjoint,random_gaussian_nuisance,mean_preserving,logf0_mean;logf0_std;logf0_p05;logf0_p50;logf0_p95;logf0_range;rms_mean;rms_std;duration_s;voiced_rate;energy_mean;energy_std,S->G,20,0.05,7,20,0.35,0.75,0.5112745098039215,3.0,0.009925906175618181,-0.10000000000000003,0.4895,4.269923673072551e-05,12
JVS_JVSMuSiC,mert_l3,3,17,60_20_20_speaker_disjoint,random_gaussian_nuisance,mean_preserving,logf0_mean;logf0_std;logf0_p05;logf0_p50;logf0_p95;logf0_range;rms_mean;rms_std;duration_s;voiced_rate;energy_mean;energy_std,G->S,20,0.05,8,20,0.4,0.75,0.5440079365079364,3.0,0.00992590617561821,0.0,0.4895,4.269923673072551e-05,12
JVS_JVSMuSiC,mert_l3,3,17,60_20_20_speaker_disjoint,random_low_rank_projection,mean_preserving,random_dir_0;random_dir_1;random_dir_2;random_dir_3;random_dir_4;random_dir_5;random_dir_6;random_dir_7;random_dir_8;random_dir_9;random_dir_10;random_dir_11,S->G,20,0.05,9,20,0.45,0.75,0.5759390119684238,2.5,0.009937546195705865,0.0,0.579,0.0002708493378557053,12
JVS_JVSMuSiC,mert_l3,3,17,60_20_20_speaker_disjoint,random_low_rank_projection,mean_preserving,random_dir_0;random_dir_1;random_dir_2;random_dir_3;random_dir_4;random_dir_5;random_dir_6;random_dir_7;random_dir_8;random_dir_9;random_dir_10;random_dir_11,G->S,20,0.05,8,20,0.4,0.75,0.5520634920634919,2.5,0.009937546195705865,0.0,0.579,0.0002708493378557053,12
JVS_JVSMuSiC,mert_l3,3,19,60_20_20_speaker_disjoint,raw,raw,,S->G,20,0.05,4,20,0.2,0.75,0.4219047619047619,3.0,0.009127723168734064,0.0,0.649125,0.0,0
JVS_JVSMuSiC,mert_l3,3,19,60_20_20_speaker_disjoint,raw,raw,,G->S,20,0.05,2,20,0.1,0.75,0.37371212121212116,3.0,0.009127723168734097,0.0,0.649125,0.0,0
JVS_JVSMuSiC,mert_l3,3,19,60_20_20_speaker_disjoint,center_only_classic,classic,,S->G,20,0.05,14,20,0.7,0.95,0.8166666666666668,1.0,0.3224269536636634,0.49999999999999994,1.0,0.9664539272870522,0
JVS_JVSMuSiC,mert_l3,3,19,60_20_20_speaker_disjoint,center_only_classic,classic,,G->S,20,0.05,2,20,0.1,0.75,0.3696049783549783,3.0,0.3224269536636635,0.0,1.0,0.9664539272870522,0
JVS_JVSMuSiC,mert_l3,3,19,60_20_20_speaker_disjoint,mode_dummy_only,mean_preserving,mode_dummy,S->G,20,0.05,11,20,0.55,0.9,0.7045454545454545,1.0,0.009132710206784305,0.35000000000000003,0.477875,0.0025359512549102403,1
JVS_JVSMuSiC,mert_l3,3,19,60_20_20_speaker_disjoint,mode_dummy_only,mean_preserving,mode_dummy,G->S,20,0.05,17,20,0.85,0.95,0.8944444444444443,1.0,0.009132710206784267,0.75,0.477875,0.0025359512549102403,1
JVS_JVSMuSiC,mert_l3,3,19,60_20_20_speaker_disjoint,mode_dummy_only,classic,mode_dummy,S->G,20,0.05,15,20,0.75,1.0,0.8541666666666666,1.0,0.4978957208835264,0.55,0.3795,0.968989878541963,1
JVS_JVSMuSiC,mert_l3,3,19,60_20_20_speaker_disjoint,mode_dummy_only,classic,mode_dummy,G->S,20,0.05,16,20,0.8,1.0,0.8916666666666666,1.0,0.4978957208835263,0.7000000000000001,0.3795,0.968989878541963,1
JVS_JVSMuSiC,mert_l3,3,19,60_20_20_speaker_disjoint,acoustic_full_no_mode,mean_preserving,logf0_mean;logf0_std;logf0_p05;logf0_p50;logf0_p95;logf0_range;rms_mean;rms_std;duration_s;voiced_rate;energy_mean;energy_std,S->G,20,0.05,10,20,0.5,0.7,0.6361607142857143,1.5,0.005176643930350661,0.3,0.36925,0.011056326225400315,9
JVS_JVSMuSiC,mert_l3,3,19,60_20_20_speaker_disjoint,acoustic_full_no_mode,mean_preserving,logf0_mean;logf0_std;logf0_p05;logf0_p50;logf0_p95;logf0_range;rms_mean;rms_std;duration_s;voiced_rate;energy_mean;energy_std,G->S,20,0.05,15,20,0.75,0.9,0.8254166666666667,1.0,0.005176643930350699,0.65,0.36925,0.011056326225400315,9
JVS_JVSMuSiC,mert_l3,3,19,60_20_20_speaker_disjoint,acoustic_full_no_mode,classic,logf0_mean;logf0_std;logf0_p05;logf0_p50;logf0_p95;logf0_range;rms_mean;rms_std;duration_s;voiced_rate;energy_mean;energy_std,S->G,20,0.05,14,20,0.7,0.95,0.8033333333333333,1.0,0.35720918041141914,0.49999999999999994,0.56125,0.9776928152676935,9
JVS_JVSMuSiC,mert_l3,3,19,60_20_20_speaker_disjoint,acoustic_full_no_mode,classic,logf0_mean;logf0_std;logf0_p05;logf0_p50;logf0_p95;logf0_range;rms_mean;rms_std;duration_s;voiced_rate;energy_mean;energy_std,G->S,20,0.05,13,20,0.65,1.0,0.7958333333333333,1.0,0.3572091804114192,0.55,0.56125,0.9776928152676935,9
JVS_JVSMuSiC,mert_l3,3,19,60_20_20_speaker_disjoint,acoustic_full_plus_mode,mean_preserving,logf0_mean;logf0_std;logf0_p05;logf0_p50;logf0_p95;logf0_range;rms_mean;rms_std;duration_s;voiced_rate;energy_mean;energy_std;mode_dummy,S->G,20,0.05,10,20,0.5,0.8,0.6161805555555555,1.5,0.005142307797359474,0.3,0.595125,0.011486717044394523,10
JVS_JVSMuSiC,mert_l3,3,19,60_20_20_speaker_disjoint,acoustic_full_plus_mode,mean_preserving,logf0_mean;logf0_std;logf0_p05;logf0_p50;logf0_p95;logf0_range;rms_mean;rms_std;duration_s;voiced_rate;energy_mean;energy_std;mode_dummy,G->S,20,0.05,16,20,0.8,0.9,0.850548245614035,1.0,0.005142307797359497,0.7000000000000001,0.595125,0.011486717044394523,10
JVS_JVSMuSiC,mert_l3,3,19,60_20_20_speaker_disjoint,acoustic_full_plus_mode,classic,logf0_mean;logf0_std;logf0_p05;logf0_p50;logf0_p95;logf0_range;rms_mean;rms_std;duration_s;voiced_rate;energy_mean;energy_std;mode_dummy,S->G,20,0.05,16,20,0.8,0.95,0.85125,1.0,0.35953483494475375,0.6000000000000001,0.49,0.9780368513274643,10
JVS_JVSMuSiC,mert_l3,3,19,60_20_20_speaker_disjoint,acoustic_full_plus_mode,classic,logf0_mean;logf0_std;logf0_p05;logf0_p50;logf0_p95;logf0_range;rms_mean;rms_std;duration_s;voiced_rate;energy_mean;energy_std;mode_dummy,G->S,20,0.05,15,20,0.75,1.0,0.8474999999999999,1.0,0.35953483494475375,0.65,0.49,0.9780368513274643,10
JVS_JVSMuSiC,mert_l3,3,19,60_20_20_speaker_disjoint,row_shuffled_nuisance,mean_preserving,logf0_mean;logf0_std;logf0_p05;logf0_p50;logf0_p95;logf0_range;rms_mean;rms_std;duration_s;voiced_rate;energy_mean;energy_std,S->G,20,0.05,4,20,0.2,0.75,0.4181746031746032,3.0,0.008787609405504581,0.0,0.487875,0.00014994372499532727,9
JVS_JVSMuSiC,mert_l3,3,19,60_20_20_speaker_disjoint,row_shuffled_nuisance,mean_preserving,logf0_mean;logf0_std;logf0_p05;logf0_p50;logf0_p95;logf0_range;rms_mean;rms_std;duration_s;voiced_rate;energy_mean;energy_std,G->S,20,0.05,2,20,0.1,0.65,0.35839285714285707,3.0,0.008787609405504587,0.0,0.487875,0.00014994372499532727,9
JVS_JVSMuSiC,mert_l3,3,19,60_20_20_speaker_disjoint,random_gaussian_nuisance,mean_preserving,logf0_mean;logf0_std;logf0_p05;logf0_p50;logf0_p95;logf0_range;rms_mean;rms_std;duration_s;voiced_rate;energy_mean;energy_std,S->G,20,0.05,4,20,0.2,0.8,0.4114880952380952,3.5,0.00931308450540283,0.0,0.43125,2.0046324225919676e-05,12
JVS_JVSMuSiC,mert_l3,3,19,60_20_20_speaker_disjoint,random_gaussian_nuisance,mean_preserving,logf0_mean;logf0_std;logf0_p05;logf0_p50;logf0_p95;logf0_range;rms_mean;rms_std;duration_s;voiced_rate;energy_mean;energy_std,G->S,20,0.05,3,20,0.15,0.75,0.40083333333333326,3.0,0.009313084505402825,0.04999999999999999,0.43125,2.0046324225919676e-05,12
JVS_JVSMuSiC,mert_l3,3,19,60_20_20_speaker_disjoint,random_low_rank_projection,mean_preserving,random_dir_0;random_dir_1;random_dir_2;random_dir_3;random_dir_4;random_dir_5;random_dir_6;random_dir_7;random_dir_8;random_dir_9;random_dir_10;random_dir_11,S->G,20,0.05,4,20,0.2,0.75,0.42023809523809524,3.0,0.009047498384264534,0.0,0.49825,0.00024418572721485177,12
JVS_JVSMuSiC,mert_l3,3,19,60_20_20_speaker_disjoint,random_low_rank_projection,mean_preserving,random_dir_0;random_dir_1;random_dir_2;random_dir_3;random_dir_4;random_dir_5;random_dir_6;random_dir_7;random_dir_8;random_dir_9;random_dir_10;random_dir_11,G->S,20,0.05,2,20,0.1,0.75,0.37371212121212116,3.0,0.009047498384264524,0.0,0.49825,0.00024418572721485177,12
