dataset,model,layer,residualization_variant,formula,direction,splits,test_speakers_N,chance_R1,R1_mean,R1_std,R1_CI_low,R1_CI_high,delta_R1_vs_raw_mean,mode_AUC_mean,notes
JVS_JVSMuSiC,wavlm_l12,12,raw,raw,S->G,3,20,0.05,0.18333333333333332,0.08498365855987974,0.10250000000000001,0.2925,0.0,0.42775,minimal_jvs_audit
JVS_JVSMuSiC,wavlm_l12,12,raw,raw,G->S,3,20,0.05,0.2333333333333333,0.08498365855987973,0.1525,0.34249999999999997,0.0,0.42775,minimal_jvs_audit
JVS_JVSMuSiC,wavlm_l12,12,center_only_classic,classic,S->G,3,20,0.05,0.5333333333333333,0.06236095644623235,0.455,0.5975,0.3499999999999999,1.0,minimal_jvs_audit
JVS_JVSMuSiC,wavlm_l12,12,center_only_classic,classic,G->S,3,20,0.05,0.21666666666666665,0.06236095644623235,0.1525,0.295,-0.016666666666666663,1.0,minimal_jvs_audit
JVS_JVSMuSiC,wavlm_l12,12,mode_dummy_only,mean_preserving,S->G,3,20,0.05,0.45,0.0,0.45,0.45,0.26666666666666666,0.5177083333333333,minimal_jvs_audit
JVS_JVSMuSiC,wavlm_l12,12,mode_dummy_only,mean_preserving,G->S,3,20,0.05,0.7000000000000001,0.08164965809277262,0.605,0.795,0.4666666666666666,0.5177083333333333,minimal_jvs_audit
JVS_JVSMuSiC,wavlm_l12,12,mode_dummy_only,classic,S->G,3,20,0.05,0.7166666666666667,0.08498365855987977,0.6074999999999999,0.7975,0.5333333333333333,0.44908333333333333,minimal_jvs_audit
JVS_JVSMuSiC,wavlm_l12,12,mode_dummy_only,classic,G->S,3,20,0.05,0.7166666666666667,0.09428090415820632,0.65,0.84,0.48333333333333334,0.44908333333333333,minimal_jvs_audit
JVS_JVSMuSiC,wavlm_l12,12,acoustic_full_no_mode,mean_preserving,S->G,3,20,0.05,0.21666666666666667,0.02357022603955158,0.2,0.2475,0.03333333333333335,0.42745833333333333,minimal_jvs_audit
JVS_JVSMuSiC,wavlm_l12,12,acoustic_full_no_mode,mean_preserving,G->S,3,20,0.05,0.35000000000000003,0.08164965809277261,0.255,0.445,0.11666666666666668,0.42745833333333333,minimal_jvs_audit
JVS_JVSMuSiC,wavlm_l12,12,acoustic_full_no_mode,classic,S->G,3,20,0.05,0.5166666666666667,0.10274023338281628,0.405,0.6425,0.3333333333333333,0.505125,minimal_jvs_audit
JVS_JVSMuSiC,wavlm_l12,12,acoustic_full_no_mode,classic,G->S,3,20,0.05,0.4000000000000001,0.04082482904638632,0.3525,0.4475,0.16666666666666666,0.505125,minimal_jvs_audit
JVS_JVSMuSiC,wavlm_l12,12,acoustic_full_plus_mode,mean_preserving,S->G,3,20,0.05,0.18333333333333335,0.023570226039551594,0.1525,0.2,9.25185853854297e-18,0.45725,minimal_jvs_audit
JVS_JVSMuSiC,wavlm_l12,12,acoustic_full_plus_mode,mean_preserving,G->S,3,20,0.05,0.4166666666666667,0.04714045207910319,0.355,0.45,0.18333333333333335,0.45725,minimal_jvs_audit
JVS_JVSMuSiC,wavlm_l12,12,acoustic_full_plus_mode,classic,S->G,3,20,0.05,0.5333333333333333,0.04714045207910316,0.5,0.595,0.3499999999999999,0.50025,minimal_jvs_audit
JVS_JVSMuSiC,wavlm_l12,12,acoustic_full_plus_mode,classic,G->S,3,20,0.05,0.43333333333333335,0.04714045207910316,0.4,0.495,0.20000000000000004,0.50025,minimal_jvs_audit
JVS_JVSMuSiC,wavlm_l12,12,row_shuffled_nuisance,mean_preserving,S->G,3,20,0.05,0.13333333333333333,0.04714045207910317,0.1,0.195,-0.04999999999999999,0.4844166666666667,minimal_jvs_audit
JVS_JVSMuSiC,wavlm_l12,12,row_shuffled_nuisance,mean_preserving,G->S,3,20,0.05,0.16666666666666666,0.06236095644623235,0.10250000000000001,0.245,-0.06666666666666667,0.4844166666666667,minimal_jvs_audit
JVS_JVSMuSiC,wavlm_l12,12,random_gaussian_nuisance,mean_preserving,S->G,3,20,0.05,0.13333333333333333,0.04714045207910317,0.1,0.195,-0.04999999999999999,0.559375,minimal_jvs_audit
JVS_JVSMuSiC,wavlm_l12,12,random_gaussian_nuisance,mean_preserving,G->S,3,20,0.05,0.18333333333333335,0.047140452079103175,0.15,0.245,-0.049999999999999996,0.559375,minimal_jvs_audit
JVS_JVSMuSiC,wavlm_l12,12,random_low_rank_projection,mean_preserving,S->G,3,20,0.05,0.18333333333333332,0.08498365855987974,0.10250000000000001,0.2925,0.0,0.5587083333333333,minimal_jvs_audit
JVS_JVSMuSiC,wavlm_l12,12,random_low_rank_projection,mean_preserving,G->S,3,20,0.05,0.2333333333333333,0.08498365855987973,0.1525,0.34249999999999997,0.0,0.5587083333333333,minimal_jvs_audit
JVS_JVSMuSiC,mert_l3,3,raw,raw,S->G,3,20,0.05,0.3666666666666667,0.11785113019775792,0.21250000000000002,0.45,0.0,0.585375,minimal_jvs_audit
JVS_JVSMuSiC,mert_l3,3,raw,raw,G->S,3,20,0.05,0.3666666666666667,0.20548046676563256,0.115,0.59,0.0,0.585375,minimal_jvs_audit
JVS_JVSMuSiC,mert_l3,3,center_only_classic,classic,S->G,3,20,0.05,0.7166666666666668,0.06236095644623237,0.6525,0.795,0.35000000000000003,1.0,minimal_jvs_audit
JVS_JVSMuSiC,mert_l3,3,center_only_classic,classic,G->S,3,20,0.05,0.35000000000000003,0.20412414523193148,0.1125,0.5874999999999999,-0.01666666666666668,1.0,minimal_jvs_audit
JVS_JVSMuSiC,mert_l3,3,mode_dummy_only,mean_preserving,S->G,3,20,0.05,0.7166666666666668,0.11785113019775792,0.5625,0.8,0.35000000000000003,0.4819166666666667,minimal_jvs_audit
JVS_JVSMuSiC,mert_l3,3,mode_dummy_only,mean_preserving,G->S,3,20,0.05,0.8666666666666667,0.023570226039551608,0.85,0.8975,0.5,0.4819166666666667,minimal_jvs_audit
JVS_JVSMuSiC,mert_l3,3,mode_dummy_only,classic,S->G,3,20,0.05,0.8166666666666668,0.09428090415820632,0.75,0.94,0.45,0.33541666666666664,minimal_jvs_audit
JVS_JVSMuSiC,mert_l3,3,mode_dummy_only,classic,G->S,3,20,0.05,0.8166666666666668,0.023570226039551553,0.8,0.8475,0.45,0.33541666666666664,minimal_jvs_audit
JVS_JVSMuSiC,mert_l3,3,acoustic_full_no_mode,mean_preserving,S->G,3,20,0.05,0.6166666666666667,0.08498365855987973,0.5075,0.6975,0.25,0.5277916666666667,minimal_jvs_audit
JVS_JVSMuSiC,mert_l3,3,acoustic_full_no_mode,mean_preserving,G->S,3,20,0.05,0.7833333333333333,0.023570226039551605,0.7525,0.8,0.4166666666666667,0.5277916666666667,minimal_jvs_audit
JVS_JVSMuSiC,mert_l3,3,acoustic_full_no_mode,classic,S->G,3,20,0.05,0.7333333333333334,0.08498365855987973,0.6525,0.8424999999999999,0.36666666666666664,0.535875,minimal_jvs_audit
JVS_JVSMuSiC,mert_l3,3,acoustic_full_no_mode,classic,G->S,3,20,0.05,0.7166666666666667,0.06236095644623237,0.6525,0.795,0.35000000000000003,0.535875,minimal_jvs_audit
JVS_JVSMuSiC,mert_l3,3,acoustic_full_plus_mode,mean_preserving,S->G,3,20,0.05,0.6333333333333333,0.10274023338281628,0.5075,0.745,0.26666666666666666,0.6242916666666667,minimal_jvs_audit
JVS_JVSMuSiC,mert_l3,3,acoustic_full_plus_mode,mean_preserving,G->S,3,20,0.05,0.8000000000000002,1.1102230246251565e-16,0.8,0.8,0.4333333333333334,0.6242916666666667,minimal_jvs_audit
JVS_JVSMuSiC,mert_l3,3,acoustic_full_plus_mode,classic,S->G,3,20,0.05,0.7833333333333332,0.06236095644623237,0.705,0.8475,0.4166666666666667,0.44045833333333334,minimal_jvs_audit
JVS_JVSMuSiC,mert_l3,3,acoustic_full_plus_mode,classic,G->S,3,20,0.05,0.7666666666666666,0.023570226039551608,0.75,0.7975,0.4000000000000001,0.44045833333333334,minimal_jvs_audit
JVS_JVSMuSiC,mert_l3,3,row_shuffled_nuisance,mean_preserving,S->G,3,20,0.05,0.35000000000000003,0.10801234497346433,0.21000000000000002,0.4475,-0.016666666666666663,0.52625,minimal_jvs_audit
JVS_JVSMuSiC,mert_l3,3,row_shuffled_nuisance,mean_preserving,G->S,3,20,0.05,0.3666666666666667,0.19293061504650377,0.11750000000000001,0.545,1.850371707708594e-17,0.52625,minimal_jvs_audit
JVS_JVSMuSiC,mert_l3,3,random_gaussian_nuisance,mean_preserving,S->G,3,20,0.05,0.35000000000000003,0.1224744871391589,0.20750000000000002,0.4925,-0.01666666666666668,0.4859583333333333,minimal_jvs_audit
JVS_JVSMuSiC,mert_l3,3,random_gaussian_nuisance,mean_preserving,G->S,3,20,0.05,0.3833333333333333,0.18408935028645435,0.1625,0.59,0.016666666666666663,0.4859583333333333,minimal_jvs_audit
JVS_JVSMuSiC,mert_l3,3,random_low_rank_projection,mean_preserving,S->G,3,20,0.05,0.3666666666666667,0.11785113019775792,0.21250000000000002,0.45,0.0,0.515875,minimal_jvs_audit
JVS_JVSMuSiC,mert_l3,3,random_low_rank_projection,mean_preserving,G->S,3,20,0.05,0.3666666666666667,0.20548046676563256,0.115,0.59,0.0,0.515875,minimal_jvs_audit
