dataset,model,layer,split_seed,n_test_speakers,spearman_alignment_vs_raw_rank,spearman_alignment_vs_rank_improvement
JVS_JVSMuSiC,wavlm_l12,12,13,20,0.4827067669172932,0.6511278195488721
JVS_JVSMuSiC,wavlm_l12,12,17,20,0.5323308270676691,0.77593984962406
JVS_JVSMuSiC,wavlm_l12,12,19,20,0.6511278195488721,0.7819548872180451
JVS_JVSMuSiC,wavlm_l12,12,23,20,0.8225563909774435,0.9037593984962405
JVS_JVSMuSiC,wavlm_l12,12,29,20,0.45112781954887216,0.7969924812030074
JVS_JVSMuSiC,wavlm_l12,12,31,20,0.5654135338345864,0.7654135338345864
JVS_JVSMuSiC,wavlm_l12,12,37,20,0.5007518796992482,0.7593984962406014
JVS_JVSMuSiC,wavlm_l12,12,41,20,0.38195488721804516,0.8736842105263156
JVS_JVSMuSiC,wavlm_l12,12,43,20,0.4195488721804511,0.6526315789473683
JVS_JVSMuSiC,wavlm_l12,12,47,20,0.41052631578947363,0.4857142857142857
JVS_JVSMuSiC,wavlm_l12,12,53,20,0.30526315789473685,0.6781954887218045
JVS_JVSMuSiC,wavlm_l12,12,59,20,0.3443609022556391,0.7548872180451127
JVS_JVSMuSiC,wavlm_l12,12,61,20,0.4857142857142857,0.8075187969924811
JVS_JVSMuSiC,wavlm_l12,12,67,20,0.3398496240601503,0.58796992481203
JVS_JVSMuSiC,wavlm_l12,12,71,20,0.28120300751879695,0.5293233082706766
JVS_JVSMuSiC,wavlm_l12,12,73,20,0.4526315789473684,0.6947368421052631
JVS_JVSMuSiC,wavlm_l12,12,79,20,0.25864661654135335,0.6646616541353383
JVS_JVSMuSiC,wavlm_l12,12,83,20,0.5593984962406015,0.7233082706766917
JVS_JVSMuSiC,wavlm_l12,12,89,20,0.4766917293233082,0.7488721804511278
JVS_JVSMuSiC,wavlm_l12,12,97,20,0.29323308270676685,0.5007518796992482
