dataset,model,layer,split_seed,gallery_draw,gallery_size,variant,test_speakers,chance_R1,normalized_R1_above_chance,gallery_policy,R1,R5,mean_rank,MRR,EER_test_descriptive,genuine_score_mean,impostor_score_mean,genuine_minus_impostor,test_genuine_trials,test_impostor_trials,train_genuine_trials,train_impostor_trials,TMR_at_FMR_1pct,TMR_at_FMR_1pct_status,TMR_at_FMR_1pct_train_threshold,TMR_at_FMR_1pct_train_FMR,TMR_at_FMR_0_1pct,TMR_at_FMR_0_1pct_status,TMR_at_FMR_0_1pct_train_threshold,TMR_at_FMR_0_1pct_train_FMR
JVS_JVSMuSiC,wavlm_l12,12,13,0,5,raw,jvs041;jvs042;jvs063;jvs076;jvs095,0.2,0.25,sampled_from_held_out_test_speakers_only; target_included_once; identical_gallery_for_raw_and_corrected,0.4,1.0,2.6,0.5733333333333334,0.25,0.9751639074520743,0.9730662731951923,0.0020976342568819195,5,20,60,3540,0.0,train_calibrated,0.9816736448132735,0.009887005649717515,0.0,train_calibrated,0.984366202060398,0.000847457627118644
JVS_JVSMuSiC,wavlm_l12,12,13,0,5,correct_sign_global,jvs041;jvs042;jvs063;jvs076;jvs095,0.2,1.0,sampled_from_held_out_test_speakers_only; target_included_once; identical_gallery_for_raw_and_corrected,1.0,1.0,1.0,1.0,0.2,0.9954505021996356,0.9933999914208327,0.0020505107788029164,5,20,60,3540,0.0,train_calibrated,0.997071916652325,0.009887005649717515,0.0,train_calibrated,0.997700772223628,0.000847457627118644
JVS_JVSMuSiC,wavlm_l12,12,13,0,10,raw,jvs005;jvs019;jvs022;jvs032;jvs041;jvs044;jvs057;jvs061;jvs086;jvs095,0.1,0.0,sampled_from_held_out_test_speakers_only; target_included_once; identical_gallery_for_raw_and_corrected,0.1,0.7,3.9,0.404563492063492,0.4,0.9721667487141545,0.9695190668347994,0.002647681879355157,10,90,60,3540,0.0,train_calibrated,0.9816736448132735,0.009887005649717515,0.0,train_calibrated,0.984366202060398,0.000847457627118644
JVS_JVSMuSiC,wavlm_l12,12,13,0,10,correct_sign_global,jvs005;jvs019;jvs022;jvs032;jvs041;jvs044;jvs057;jvs061;jvs086;jvs095,0.1,0.5555555555555556,sampled_from_held_out_test_speakers_only; target_included_once; identical_gallery_for_raw_and_corrected,0.6,0.9,1.8,0.7666666666666667,0.17777777777777778,0.9957953404073535,0.9932265785837456,0.002568761823607879,10,90,60,3540,0.1,train_calibrated,0.997071916652325,0.009887005649717515,0.0,train_calibrated,0.997700772223628,0.000847457627118644
JVS_JVSMuSiC,wavlm_l12,12,13,0,20,raw,jvs005;jvs006;jvs010;jvs019;jvs020;jvs022;jvs027;jvs032;jvs041;jvs042;jvs044;jvs057;jvs058;jvs061;jvs063;jvs072;jvs076;jvs086;jvs095;jvs097,0.05,0.10526315789473684,sampled_from_held_out_test_speakers_only; target_included_once; identical_gallery_for_raw_and_corrected,0.15,0.6,7.4,0.2882983193277311,0.38815789473684215,0.9727622289426059,0.970121518134044,0.0026407108085618747,20,380,60,3540,0.0,train_calibrated,0.9816736448132735,0.009887005649717515,0.0,train_calibrated,0.984366202060398,0.000847457627118644
JVS_JVSMuSiC,wavlm_l12,12,13,0,20,correct_sign_global,jvs005;jvs006;jvs010;jvs019;jvs020;jvs022;jvs027;jvs032;jvs041;jvs042;jvs044;jvs057;jvs058;jvs061;jvs063;jvs072;jvs076;jvs086;jvs095;jvs097,0.05,0.4210526315789474,sampled_from_held_out_test_speakers_only; target_included_once; identical_gallery_for_raw_and_corrected,0.45,0.85,3.55,0.6128739316239316,0.1986842105263158,0.9957489962635749,0.9931830291408679,0.002565967122707069,20,380,60,3540,0.2,train_calibrated,0.997071916652325,0.009887005649717515,0.15,train_calibrated,0.997700772223628,0.000847457627118644
JVS_JVSMuSiC,wavlm_l12,12,17,0,5,raw,jvs011;jvs056;jvs075;jvs076;jvs086,0.2,0.25,sampled_from_held_out_test_speakers_only; target_included_once; identical_gallery_for_raw_and_corrected,0.4,1.0,2.8,0.5566666666666666,0.4,0.9732745505944129,0.9710577900842144,0.002216760510198479,5,20,60,3540,0.0,train_calibrated,0.9807363157439064,0.009887005649717515,0.0,train_calibrated,0.982870990688802,0.000847457627118644
JVS_JVSMuSiC,wavlm_l12,12,17,0,5,correct_sign_global,jvs011;jvs056;jvs075;jvs076;jvs086,0.2,0.25,sampled_from_held_out_test_speakers_only; target_included_once; identical_gallery_for_raw_and_corrected,0.4,1.0,1.8,0.6666666666666667,0.2,0.9965683662019232,0.9944219142812077,0.0021464519207154975,5,20,60,3540,0.4,train_calibrated,0.9968598560871347,0.009887005649717515,0.2,train_calibrated,0.9975138769898314,0.000847457627118644
JVS_JVSMuSiC,wavlm_l12,12,17,0,10,raw,jvs002;jvs011;jvs030;jvs040;jvs050;jvs063;jvs065;jvs073;jvs090;jvs091,0.1,0.11111111111111112,sampled_from_held_out_test_speakers_only; target_included_once; identical_gallery_for_raw_and_corrected,0.2,0.7,4.5,0.40027777777777773,0.4,0.9741227189294304,0.9723492056519815,0.0017735132774489015,10,90,60,3540,0.1,train_calibrated,0.9807363157439064,0.009887005649717515,0.0,train_calibrated,0.982870990688802,0.000847457627118644
JVS_JVSMuSiC,wavlm_l12,12,17,0,10,correct_sign_global,jvs002;jvs011;jvs030;jvs040;jvs050;jvs063;jvs065;jvs073;jvs090;jvs091,0.1,0.5555555555555556,sampled_from_held_out_test_speakers_only; target_included_once; identical_gallery_for_raw_and_corrected,0.6,0.9,2.8,0.6844444444444444,0.2833333333333333,0.9962224443483623,0.9944847947706624,0.0017376495776998402,10,90,60,3540,0.4,train_calibrated,0.9968598560871347,0.009887005649717515,0.2,train_calibrated,0.9975138769898314,0.000847457627118644
JVS_JVSMuSiC,wavlm_l12,12,17,0,20,raw,jvs002;jvs011;jvs030;jvs040;jvs042;jvs048;jvs050;jvs056;jvs063;jvs065;jvs069;jvs073;jvs075;jvs076;jvs080;jvs083;jvs086;jvs090;jvs091;jvs097,0.05,0.2631578947368421,sampled_from_held_out_test_speakers_only; target_included_once; identical_gallery_for_raw_and_corrected,0.3,0.45,8.2,0.3956944137304043,0.4052631578947369,0.9741804049882713,0.9715614245443679,0.002618980443903407,20,380,60,3540,0.1,train_calibrated,0.9807363157439064,0.009887005649717515,0.0,train_calibrated,0.982870990688802,0.000847457627118644
JVS_JVSMuSiC,wavlm_l12,12,17,0,20,correct_sign_global,jvs002;jvs011;jvs030;jvs040;jvs042;jvs048;jvs050;jvs056;jvs063;jvs065;jvs069;jvs073;jvs075;jvs076;jvs080;jvs083;jvs086;jvs090;jvs091;jvs097,0.05,0.4210526315789474,sampled_from_held_out_test_speakers_only; target_included_once; identical_gallery_for_raw_and_corrected,0.45,0.65,4.15,0.5736011904761905,0.25,0.9958494663996096,0.9933099332908464,0.0025395331087632034,20,380,60,3540,0.35,train_calibrated,0.9968598560871347,0.009887005649717515,0.15,train_calibrated,0.9975138769898314,0.000847457627118644
JVS_JVSMuSiC,wavlm_l12,12,19,0,5,raw,jvs039;jvs052;jvs062;jvs080;jvs088,0.2,0.25,sampled_from_held_out_test_speakers_only; target_included_once; identical_gallery_for_raw_and_corrected,0.4,1.0,2.2,0.64,0.25,0.971517386352945,0.9698898111072116,0.0016275752457334258,5,20,60,3540,0.0,train_calibrated,0.9818478101931511,0.009887005649717515,0.0,train_calibrated,0.9831783934099845,0.000847457627118644
JVS_JVSMuSiC,wavlm_l12,12,19,0,5,correct_sign_global,jvs039;jvs052;jvs062;jvs080;jvs088,0.2,0.49999999999999994,sampled_from_held_out_test_speakers_only; target_included_once; identical_gallery_for_raw_and_corrected,0.6,1.0,2.0,0.74,0.225,0.996008505154643,0.9944302703116492,0.0015782348429937976,5,20,60,3540,0.0,train_calibrated,0.9971638393019705,0.009887005649717515,0.0,train_calibrated,0.9976726962028457,0.000847457627118644
JVS_JVSMuSiC,wavlm_l12,12,19,0,10,raw,jvs003;jvs023;jvs030;jvs040;jvs046;jvs051;jvs052;jvs055;jvs056;jvs080,0.1,0.11111111111111112,sampled_from_held_out_test_speakers_only; target_included_once; identical_gallery_for_raw_and_corrected,0.2,0.6,4.6,0.3771825396825397,0.4,0.9708930432888939,0.9685408081712856,0.0023522351176082923,10,90,60,3540,0.0,train_calibrated,0.9818478101931511,0.009887005649717515,0.0,train_calibrated,0.9831783934099845,0.000847457627118644
JVS_JVSMuSiC,wavlm_l12,12,19,0,10,correct_sign_global,jvs003;jvs023;jvs030;jvs040;jvs046;jvs051;jvs052;jvs055;jvs056;jvs080,0.1,0.4444444444444445,sampled_from_held_out_test_speakers_only; target_included_once; identical_gallery_for_raw_and_corrected,0.5,0.9,2.6,0.6683333333333333,0.3,0.995553077361038,0.9932707941845351,0.0022822831765029195,10,90,60,3540,0.2,train_calibrated,0.9971638393019705,0.009887005649717515,0.1,train_calibrated,0.9976726962028457,0.000847457627118644
JVS_JVSMuSiC,wavlm_l12,12,19,0,20,raw,jvs003;jvs009;jvs023;jvs030;jvs039;jvs040;jvs046;jvs051;jvs052;jvs055;jvs056;jvs062;jvs065;jvs073;jvs080;jvs083;jvs084;jvs088;jvs092;jvs099,0.05,0.052631578947368425,sampled_from_held_out_test_speakers_only; target_included_once; identical_gallery_for_raw_and_corrected,0.1,0.4,8.85,0.23381860678880803,0.4421052631578948,0.9701998862642132,0.9670274736501654,0.0031724126140477704,20,380,60,3540,0.0,train_calibrated,0.9818478101931511,0.009887005649717515,0.0,train_calibrated,0.9831783934099845,0.000847457627118644
JVS_JVSMuSiC,wavlm_l12,12,19,0,20,correct_sign_global,jvs003;jvs009;jvs023;jvs030;jvs039;jvs040;jvs046;jvs051;jvs052;jvs055;jvs056;jvs062;jvs065;jvs073;jvs080;jvs083;jvs084;jvs088;jvs092;jvs099,0.05,0.4210526315789474,sampled_from_held_out_test_speakers_only; target_included_once; identical_gallery_for_raw_and_corrected,0.45,0.85,3.6,0.6171428571428571,0.3013157894736842,0.9947001797793533,0.9916441063418411,0.003056073437512241,20,380,60,3540,0.15,train_calibrated,0.9971638393019705,0.009887005649717515,0.05,train_calibrated,0.9976726962028457,0.000847457627118644
JVS_JVSMuSiC,wavlm_l12,12,23,0,5,raw,jvs005;jvs044;jvs055;jvs057;jvs092,0.2,0.0,sampled_from_held_out_test_speakers_only; target_included_once; identical_gallery_for_raw_and_corrected,0.2,1.0,2.0,0.5666666666666667,0.375,0.968949375343788,0.9661878201945386,0.0027615551492493617,5,20,60,3540,0.0,train_calibrated,0.9821715999863242,0.009887005649717515,0.0,train_calibrated,0.984366202060398,0.000847457627118644
JVS_JVSMuSiC,wavlm_l12,12,23,0,5,correct_sign_global,jvs005;jvs044;jvs055;jvs057;jvs092,0.2,1.0,sampled_from_held_out_test_speakers_only; target_included_once; identical_gallery_for_raw_and_corrected,1.0,1.0,1.0,1.0,0.175,0.9965056998496411,0.99383882954142,0.002666870308221103,5,20,60,3540,0.4,train_calibrated,0.9971370712342247,0.009887005649717515,0.0,train_calibrated,0.9976470544712375,0.000847457627118644
JVS_JVSMuSiC,wavlm_l12,12,23,0,10,raw,jvs005;jvs012;jvs018;jvs035;jvs044;jvs055;jvs069;jvs070;jvs092;jvs095,0.1,0.0,sampled_from_held_out_test_speakers_only; target_included_once; identical_gallery_for_raw_and_corrected,0.1,0.6,3.9,0.3869047619047619,0.4166666666666667,0.9713865420099701,0.9685734986344752,0.002813043375494928,10,90,60,3540,0.0,train_calibrated,0.9821715999863242,0.009887005649717515,0.0,train_calibrated,0.984366202060398,0.000847457627118644
JVS_JVSMuSiC,wavlm_l12,12,23,0,10,correct_sign_global,jvs005;jvs012;jvs018;jvs035;jvs044;jvs055;jvs069;jvs070;jvs092;jvs095,0.1,0.5555555555555556,sampled_from_held_out_test_speakers_only; target_included_once; identical_gallery_for_raw_and_corrected,0.6,1.0,1.7,0.7583333333333333,0.2111111111111111,0.9960665569879185,0.9933378339121982,0.002728723075720252,10,90,60,3540,0.2,train_calibrated,0.9971370712342247,0.009887005649717515,0.0,train_calibrated,0.9976470544712375,0.000847457627118644
JVS_JVSMuSiC,wavlm_l12,12,23,0,20,raw,jvs005;jvs012;jvs015;jvs018;jvs020;jvs032;jvs033;jvs035;jvs044;jvs048;jvs051;jvs053;jvs055;jvs057;jvs061;jvs063;jvs069;jvs070;jvs092;jvs095,0.05,0.10526315789473684,sampled_from_held_out_test_speakers_only; target_included_once; identical_gallery_for_raw_and_corrected,0.15,0.45,8.0,0.28610111594631715,0.40921052631578947,0.971018510840697,0.9681829275558369,0.0028355832848601104,20,380,60,3540,0.0,train_calibrated,0.9821715999863242,0.009887005649717515,0.0,train_calibrated,0.984366202060398,0.000847457627118644
JVS_JVSMuSiC,wavlm_l12,12,23,0,20,correct_sign_global,jvs005;jvs012;jvs015;jvs018;jvs020;jvs032;jvs033;jvs035;jvs044;jvs048;jvs051;jvs053;jvs055;jvs057;jvs061;jvs063;jvs069;jvs070;jvs092;jvs095,0.05,0.4210526315789474,sampled_from_held_out_test_speakers_only; target_included_once; identical_gallery_for_raw_and_corrected,0.45,0.9,2.45,0.6475,0.16052631578947368,0.9958995195110549,0.9931401831065316,0.002759336404523305,20,380,60,3540,0.1,train_calibrated,0.9971370712342247,0.009887005649717515,0.0,train_calibrated,0.9976470544712375,0.000847457627118644
JVS_JVSMuSiC,wavlm_l12,12,29,0,5,raw,jvs003;jvs024;jvs051;jvs075;jvs090,0.2,0.25,sampled_from_held_out_test_speakers_only; target_included_once; identical_gallery_for_raw_and_corrected,0.4,1.0,2.6,0.5900000000000001,0.4,0.9663353769512382,0.9648263180334924,0.0015090589177457758,5,20,60,3540,0.0,train_calibrated,0.9807775780478618,0.009887005649717515,0.0,train_calibrated,0.982870990688802,0.000847457627118644
JVS_JVSMuSiC,wavlm_l12,12,29,0,5,correct_sign_global,jvs003;jvs024;jvs051;jvs075;jvs090,0.2,0.25,sampled_from_held_out_test_speakers_only; target_included_once; identical_gallery_for_raw_and_corrected,0.4,1.0,2.6,0.5900000000000001,0.4,0.9928750843630677,0.9914118164145951,0.001463267948472624,5,20,60,3540,0.2,train_calibrated,0.9971007962955863,0.009887005649717515,0.0,train_calibrated,0.9976189758293048,0.000847457627118644
JVS_JVSMuSiC,wavlm_l12,12,29,0,10,raw,jvs003;jvs045;jvs050;jvs051;jvs052;jvs055;jvs069;jvs075;jvs085;jvs090,0.1,0.11111111111111112,sampled_from_held_out_test_speakers_only; target_included_once; identical_gallery_for_raw_and_corrected,0.2,0.6,4.7,0.37777777777777777,0.4,0.9742428116074588,0.9718444145186054,0.0023983970888534767,10,90,60,3540,0.3,train_calibrated,0.9807775780478618,0.009887005649717515,0.0,train_calibrated,0.982870990688802,0.000847457627118644
JVS_JVSMuSiC,wavlm_l12,12,29,0,10,correct_sign_global,jvs003;jvs045;jvs050;jvs051;jvs052;jvs055;jvs069;jvs075;jvs085;jvs090,0.1,0.4444444444444445,sampled_from_held_out_test_speakers_only; target_included_once; identical_gallery_for_raw_and_corrected,0.5,0.9,2.9,0.6383333333333334,0.3,0.9954806791933445,0.993143494856986,0.0023371843363584333,10,90,60,3540,0.3,train_calibrated,0.9971007962955863,0.009887005649717515,0.1,train_calibrated,0.9976189758293048,0.000847457627118644
JVS_JVSMuSiC,wavlm_l12,12,29,0,20,raw,jvs003;jvs004;jvs018;jvs024;jvs027;jvs032;jvs042;jvs045;jvs050;jvs051;jvs052;jvs055;jvs059;jvs062;jvs069;jvs075;jvs076;jvs077;jvs085;jvs090,0.05,0.10526315789473684,sampled_from_held_out_test_speakers_only; target_included_once; identical_gallery_for_raw_and_corrected,0.15,0.5,8.4,0.2696971288515407,0.4,0.9727686563124394,0.9708015804605096,0.0019670758519297893,20,380,60,3540,0.15,train_calibrated,0.9807775780478618,0.009887005649717515,0.0,train_calibrated,0.982870990688802,0.000847457627118644
JVS_JVSMuSiC,wavlm_l12,12,29,0,20,correct_sign_global,jvs003;jvs004;jvs018;jvs024;jvs027;jvs032;jvs042;jvs045;jvs050;jvs051;jvs052;jvs055;jvs059;jvs062;jvs069;jvs075;jvs076;jvs077;jvs085;jvs090,0.05,0.368421052631579,sampled_from_held_out_test_speakers_only; target_included_once; identical_gallery_for_raw_and_corrected,0.4,0.85,4.5,0.5484649122807017,0.2618421052631579,0.9950709537604243,0.9931552460017542,0.0019157077586701154,20,380,60,3540,0.2,train_calibrated,0.9971007962955863,0.009887005649717515,0.05,train_calibrated,0.9976189758293048,0.000847457627118644
JVS_JVSMuSiC,wavlm_l12,12,31,0,5,raw,jvs027;jvs031;jvs032;jvs071;jvs088,0.2,0.0,sampled_from_held_out_test_speakers_only; target_included_once; identical_gallery_for_raw_and_corrected,0.2,1.0,2.6,0.5,0.4,0.9706016270850697,0.9684709632338727,0.002130663851196979,5,20,60,3540,0.0,train_calibrated,0.9808880349276441,0.009887005649717515,0.0,train_calibrated,0.984366202060398,0.000847457627118644
JVS_JVSMuSiC,wavlm_l12,12,31,0,5,correct_sign_global,jvs027;jvs031;jvs032;jvs071;jvs088,0.2,0.7500000000000001,sampled_from_held_out_test_speakers_only; target_included_once; identical_gallery_for_raw_and_corrected,0.8,1.0,1.2,0.9,0.2,0.9939172538173425,0.9918799237456277,0.0020373300717148046,5,20,60,3540,0.2,train_calibrated,0.9970899172005135,0.009887005649717515,0.2,train_calibrated,0.9976543949182388,0.000847457627118644
JVS_JVSMuSiC,wavlm_l12,12,31,0,10,raw,jvs015;jvs017;jvs031;jvs032;jvs042;jvs045;jvs046;jvs086;jvs088;jvs098,0.1,0.0,sampled_from_held_out_test_speakers_only; target_included_once; identical_gallery_for_raw_and_corrected,0.1,0.6,4.8,0.3135714285714285,0.40555555555555556,0.9679336377103525,0.9652252696827661,0.0027083680275863387,10,90,60,3540,0.0,train_calibrated,0.9808880349276441,0.009887005649717515,0.0,train_calibrated,0.984366202060398,0.000847457627118644
JVS_JVSMuSiC,wavlm_l12,12,31,0,10,correct_sign_global,jvs015;jvs017;jvs031;jvs032;jvs042;jvs045;jvs046;jvs086;jvs088;jvs098,0.1,0.6666666666666666,sampled_from_held_out_test_speakers_only; target_included_once; identical_gallery_for_raw_and_corrected,0.7,1.0,1.7,0.8,0.3,0.9953389096157697,0.992723342197755,0.0026155674180146082,10,90,60,3540,0.1,train_calibrated,0.9970899172005135,0.009887005649717515,0.0,train_calibrated,0.9976543949182388,0.000847457627118644
JVS_JVSMuSiC,wavlm_l12,12,31,0,20,raw,jvs009;jvs010;jvs015;jvs017;jvs019;jvs027;jvs031;jvs032;jvs036;jvs042;jvs045;jvs046;jvs052;jvs065;jvs066;jvs071;jvs084;jvs086;jvs088;jvs098,0.05,0.052631578947368425,sampled_from_held_out_test_speakers_only; target_included_once; identical_gallery_for_raw_and_corrected,0.1,0.45,8.85,0.2400694444444444,0.45,0.9688858402911439,0.9651854286843363,0.003700411606807563,20,380,60,3540,0.0,train_calibrated,0.9808880349276441,0.009887005649717515,0.0,train_calibrated,0.984366202060398,0.000847457627118644
JVS_JVSMuSiC,wavlm_l12,12,31,0,20,correct_sign_global,jvs009;jvs010;jvs015;jvs017;jvs019;jvs027;jvs031;jvs032;jvs036;jvs042;jvs045;jvs046;jvs052;jvs065;jvs066;jvs071;jvs084;jvs086;jvs088;jvs098,0.05,0.368421052631579,sampled_from_held_out_test_speakers_only; target_included_once; identical_gallery_for_raw_and_corrected,0.4,0.75,3.8,0.5855800653594772,0.3,0.9937968311324645,0.9902471197021444,0.003549711430320124,20,380,60,3540,0.1,train_calibrated,0.9970899172005135,0.009887005649717515,0.05,train_calibrated,0.9976543949182388,0.000847457627118644
JVS_JVSMuSiC,wavlm_l12,12,37,0,5,raw,jvs010;jvs015;jvs029;jvs089;jvs096,0.2,0.0,sampled_from_held_out_test_speakers_only; target_included_once; identical_gallery_for_raw_and_corrected,0.2,1.0,2.4,0.54,0.4,0.9729530329717733,0.9700394343763536,0.0029135985954196197,5,20,60,3540,0.0,train_calibrated,0.9812624683336122,0.009887005649717515,0.0,train_calibrated,0.9831783934099845,0.000847457627118644
JVS_JVSMuSiC,wavlm_l12,12,37,0,5,correct_sign_global,jvs010;jvs015;jvs029;jvs089;jvs096,0.2,0.49999999999999994,sampled_from_held_out_test_speakers_only; target_included_once; identical_gallery_for_raw_and_corrected,0.6,1.0,2.2,0.7066666666666668,0.4,0.995276810807837,0.9924624999870384,0.002814310820798638,5,20,60,3540,0.4,train_calibrated,0.9970332719386936,0.009887005649717515,0.2,train_calibrated,0.9974733657695491,0.000847457627118644
JVS_JVSMuSiC,wavlm_l12,12,37,0,10,raw,jvs005;jvs013;jvs028;jvs029;jvs038;jvs050;jvs056;jvs086;jvs095;jvs096,0.1,0.11111111111111112,sampled_from_held_out_test_speakers_only; target_included_once; identical_gallery_for_raw_and_corrected,0.2,0.6,4.3,0.38511904761904764,0.4,0.9718551885472865,0.9685640631167195,0.003291125430566977,10,90,60,3540,0.0,train_calibrated,0.9812624683336122,0.009887005649717515,0.0,train_calibrated,0.9831783934099845,0.000847457627118644
JVS_JVSMuSiC,wavlm_l12,12,37,0,10,correct_sign_global,jvs005;jvs013;jvs028;jvs029;jvs038;jvs050;jvs056;jvs086;jvs095;jvs096,0.1,0.5555555555555556,sampled_from_held_out_test_speakers_only; target_included_once; identical_gallery_for_raw_and_corrected,0.6,1.0,1.6,0.7666666666666666,0.2,0.9956547296117362,0.9924474174733479,0.0032073121383883185,10,90,60,3540,0.2,train_calibrated,0.9970332719386936,0.009887005649717515,0.1,train_calibrated,0.9974733657695491,0.000847457627118644
JVS_JVSMuSiC,wavlm_l12,12,37,0,20,raw,jvs003;jvs005;jvs010;jvs013;jvs015;jvs028;jvs029;jvs038;jvs050;jvs053;jvs056;jvs060;jvs075;jvs083;jvs086;jvs087;jvs089;jvs092;jvs095;jvs096,0.05,0.2105263157894737,sampled_from_held_out_test_speakers_only; target_included_once; identical_gallery_for_raw_and_corrected,0.25,0.35,8.0,0.35203108875128997,0.4,0.972427280717435,0.9689354184152512,0.0034918623021837902,20,380,60,3540,0.0,train_calibrated,0.9812624683336122,0.009887005649717515,0.0,train_calibrated,0.9831783934099845,0.000847457627118644
JVS_JVSMuSiC,wavlm_l12,12,37,0,20,correct_sign_global,jvs003;jvs005;jvs010;jvs013;jvs015;jvs028;jvs029;jvs038;jvs050;jvs053;jvs056;jvs060;jvs075;jvs083;jvs086;jvs087;jvs089;jvs092;jvs095;jvs096,0.05,0.368421052631579,sampled_from_held_out_test_speakers_only; target_included_once; identical_gallery_for_raw_and_corrected,0.4,0.8,3.9,0.5867089598997494,0.3,0.9952238758408685,0.9918501038393375,0.0033737720015309947,20,380,60,3540,0.2,train_calibrated,0.9970332719386936,0.009887005649717515,0.05,train_calibrated,0.9974733657695491,0.000847457627118644
JVS_JVSMuSiC,wavlm_l12,12,41,0,5,raw,jvs032;jvs034;jvs039;jvs056;jvs081,0.2,0.25,sampled_from_held_out_test_speakers_only; target_included_once; identical_gallery_for_raw_and_corrected,0.4,1.0,2.8,0.5566666666666666,0.6,0.9675886363549525,0.9657062766398274,0.0018823597151250704,5,20,60,3540,0.0,train_calibrated,0.9808083548595964,0.009887005649717515,0.0,train_calibrated,0.9837602233061351,0.000847457627118644
JVS_JVSMuSiC,wavlm_l12,12,41,0,5,correct_sign_global,jvs032;jvs034;jvs039;jvs056;jvs081,0.2,0.25,sampled_from_held_out_test_speakers_only; target_included_once; identical_gallery_for_raw_and_corrected,0.4,1.0,1.8,0.6666666666666666,0.2,0.9953737571901664,0.9935185390957677,0.0018552180943987029,5,20,60,3540,0.0,train_calibrated,0.9971820170507176,0.009887005649717515,0.0,train_calibrated,0.9976193558875306,0.000847457627118644
JVS_JVSMuSiC,wavlm_l12,12,41,0,10,raw,jvs020;jvs024;jvs032;jvs034;jvs039;jvs050;jvs052;jvs064;jvs079;jvs092,0.1,0.11111111111111112,sampled_from_held_out_test_speakers_only; target_included_once; identical_gallery_for_raw_and_corrected,0.2,0.6,5.0,0.3678968253968254,0.4,0.9673915853898796,0.965543572315248,0.0018480130746315604,10,90,60,3540,0.1,train_calibrated,0.9808083548595964,0.009887005649717515,0.0,train_calibrated,0.9837602233061351,0.000847457627118644
JVS_JVSMuSiC,wavlm_l12,12,41,0,10,correct_sign_global,jvs020;jvs024;jvs032;jvs034;jvs039;jvs050;jvs052;jvs064;jvs079;jvs092,0.1,0.33333333333333337,sampled_from_held_out_test_speakers_only; target_included_once; identical_gallery_for_raw_and_corrected,0.4,0.8,3.2,0.58,0.3,0.9943358399410511,0.9925110743617621,0.0018247655792890116,10,90,60,3540,0.0,train_calibrated,0.9971820170507176,0.009887005649717515,0.0,train_calibrated,0.9976193558875306,0.000847457627118644
JVS_JVSMuSiC,wavlm_l12,12,41,0,20,raw,jvs015;jvs020;jvs021;jvs024;jvs027;jvs032;jvs034;jvs039;jvs040;jvs046;jvs050;jvs052;jvs053;jvs056;jvs064;jvs077;jvs079;jvs081;jvs092;jvs100,0.05,0.052631578947368425,sampled_from_held_out_test_speakers_only; target_included_once; identical_gallery_for_raw_and_corrected,0.1,0.35,8.9,0.2459272875816993,0.4421052631578948,0.9693508346481217,0.9672755032107121,0.0020753314374095666,20,380,60,3540,0.05,train_calibrated,0.9808083548595964,0.009887005649717515,0.0,train_calibrated,0.9837602233061351,0.000847457627118644
JVS_JVSMuSiC,wavlm_l12,12,41,0,20,correct_sign_global,jvs015;jvs020;jvs021;jvs024;jvs027;jvs032;jvs034;jvs039;jvs040;jvs046;jvs050;jvs052;jvs053;jvs056;jvs064;jvs077;jvs079;jvs081;jvs092;jvs100,0.05,0.2631578947368421,sampled_from_held_out_test_speakers_only; target_included_once; identical_gallery_for_raw_and_corrected,0.3,0.7,5.35,0.4686706349206348,0.3,0.9950459406051035,0.9930178751261428,0.0020280654789607278,20,380,60,3540,0.1,train_calibrated,0.9971820170507176,0.009887005649717515,0.1,train_calibrated,0.9976193558875306,0.000847457627118644
JVS_JVSMuSiC,wavlm_l12,12,43,0,5,raw,jvs028;jvs068;jvs069;jvs082;jvs085,0.2,0.0,sampled_from_held_out_test_speakers_only; target_included_once; identical_gallery_for_raw_and_corrected,0.2,1.0,2.8,0.4666666666666666,0.4,0.9755802482585466,0.9725533156139876,0.0030269326445589995,5,20,60,3540,0.0,train_calibrated,0.9816202919104213,0.009887005649717515,0.0,train_calibrated,0.9833159668548491,0.000847457627118644
JVS_JVSMuSiC,wavlm_l12,12,43,0,5,correct_sign_global,jvs028;jvs068;jvs069;jvs082;jvs085,0.2,0.49999999999999994,sampled_from_held_out_test_speakers_only; target_included_once; identical_gallery_for_raw_and_corrected,0.6,1.0,1.6,0.7666666666666667,0.2,0.9954623378539363,0.9925517181488592,0.002910619705077111,5,20,60,3540,0.0,train_calibrated,0.9969708550949767,0.009887005649717515,0.0,train_calibrated,0.9976041461936338,0.000847457627118644
JVS_JVSMuSiC,wavlm_l12,12,43,0,10,raw,jvs005;jvs028;jvs047;jvs048;jvs055;jvs064;jvs068;jvs074;jvs085;jvs090,0.1,0.11111111111111112,sampled_from_held_out_test_speakers_only; target_included_once; identical_gallery_for_raw_and_corrected,0.2,0.5,4.8,0.36416666666666664,0.4,0.9711408167954476,0.9683992706146578,0.002741546180789811,10,90,60,3540,0.0,train_calibrated,0.9816202919104213,0.009887005649717515,0.0,train_calibrated,0.9833159668548491,0.000847457627118644
JVS_JVSMuSiC,wavlm_l12,12,43,0,10,correct_sign_global,jvs005;jvs028;jvs047;jvs048;jvs055;jvs064;jvs068;jvs074;jvs085;jvs090,0.1,0.5555555555555556,sampled_from_held_out_test_speakers_only; target_included_once; identical_gallery_for_raw_and_corrected,0.6,1.0,2.2,0.7150000000000001,0.21666666666666667,0.9949030708384605,0.9922437922242786,0.0026592786141819147,10,90,60,3540,0.1,train_calibrated,0.9969708550949767,0.009887005649717515,0.0,train_calibrated,0.9976041461936338,0.000847457627118644
JVS_JVSMuSiC,wavlm_l12,12,43,0,20,raw,jvs001;jvs005;jvs012;jvs016;jvs028;jvs033;jvs041;jvs047;jvs048;jvs053;jvs055;jvs060;jvs064;jvs068;jvs069;jvs074;jvs080;jvs082;jvs085;jvs090,0.05,0.052631578947368425,sampled_from_held_out_test_speakers_only; target_included_once; identical_gallery_for_raw_and_corrected,0.1,0.25,8.7,0.24355214230214234,0.45,0.9707472094459186,0.9684959138794932,0.0022512955664254486,20,380,60,3540,0.0,train_calibrated,0.9816202919104213,0.009887005649717515,0.0,train_calibrated,0.9833159668548491,0.000847457627118644
JVS_JVSMuSiC,wavlm_l12,12,43,0,20,correct_sign_global,jvs001;jvs005;jvs012;jvs016;jvs028;jvs033;jvs041;jvs047;jvs048;jvs053;jvs055;jvs060;jvs064;jvs068;jvs069;jvs074;jvs080;jvs082;jvs085;jvs090,0.05,0.2631578947368421,sampled_from_held_out_test_speakers_only; target_included_once; identical_gallery_for_raw_and_corrected,0.3,0.7,4.3,0.49223901098901096,0.25,0.9955491271321101,0.9933649420742094,0.002184185057900634,20,380,60,3540,0.1,train_calibrated,0.9969708550949767,0.009887005649717515,0.0,train_calibrated,0.9976041461936338,0.000847457627118644
JVS_JVSMuSiC,wavlm_l12,12,47,0,5,raw,jvs011;jvs040;jvs053;jvs078;jvs087,0.2,0.25,sampled_from_held_out_test_speakers_only; target_included_once; identical_gallery_for_raw_and_corrected,0.4,1.0,2.2,0.6,0.4,0.9749577478494487,0.9727331246535875,0.0022246231958611418,5,20,60,3540,0.0,train_calibrated,0.9810032768423229,0.009887005649717515,0.0,train_calibrated,0.9831737495115445,0.000847457627118644
JVS_JVSMuSiC,wavlm_l12,12,47,0,5,correct_sign_global,jvs011;jvs040;jvs053;jvs078;jvs087,0.2,0.49999999999999994,sampled_from_held_out_test_speakers_only; target_included_once; identical_gallery_for_raw_and_corrected,0.6,1.0,1.6,0.7666666666666667,0.2,0.9968458053951302,0.9946924619197148,0.0021533434754154035,5,20,60,3540,0.4,train_calibrated,0.9967949809099242,0.009887005649717515,0.4,train_calibrated,0.9975380019362292,0.000847457627118644
JVS_JVSMuSiC,wavlm_l12,12,47,0,10,raw,jvs010;jvs011;jvs028;jvs030;jvs040;jvs050;jvs064;jvs076;jvs093;jvs094,0.1,0.11111111111111112,sampled_from_held_out_test_speakers_only; target_included_once; identical_gallery_for_raw_and_corrected,0.2,0.7,4.2,0.40555555555555556,0.3833333333333333,0.9730869865069897,0.9696406221153648,0.0034463643916248232,10,90,60,3540,0.1,train_calibrated,0.9810032768423229,0.009887005649717515,0.0,train_calibrated,0.9831737495115445,0.000847457627118644
JVS_JVSMuSiC,wavlm_l12,12,47,0,10,correct_sign_global,jvs010;jvs011;jvs028;jvs030;jvs040;jvs050;jvs064;jvs076;jvs093;jvs094,0.1,0.2222222222222222,sampled_from_held_out_test_speakers_only; target_included_once; identical_gallery_for_raw_and_corrected,0.3,0.9,2.8,0.5527777777777778,0.3,0.9948973034536293,0.9915497966649995,0.003347506788629717,10,90,60,3540,0.2,train_calibrated,0.9967949809099242,0.009887005649717515,0.2,train_calibrated,0.9975380019362292,0.000847457627118644
JVS_JVSMuSiC,wavlm_l12,12,47,0,20,raw,jvs010;jvs011;jvs017;jvs023;jvs028;jvs030;jvs040;jvs050;jvs053;jvs059;jvs064;jvs076;jvs078;jvs082;jvs084;jvs087;jvs093;jvs094;jvs095;jvs096,0.05,0.10526315789473684,sampled_from_held_out_test_speakers_only; target_included_once; identical_gallery_for_raw_and_corrected,0.15,0.3,7.85,0.29876172438672444,0.4,0.9712266251010044,0.9676815904152384,0.0035450346857660575,20,380,60,3540,0.05,train_calibrated,0.9810032768423229,0.009887005649717515,0.0,train_calibrated,0.9831737495115445,0.000847457627118644
JVS_JVSMuSiC,wavlm_l12,12,47,0,20,correct_sign_global,jvs010;jvs011;jvs017;jvs023;jvs028;jvs030;jvs040;jvs050;jvs053;jvs059;jvs064;jvs076;jvs078;jvs082;jvs084;jvs087;jvs093;jvs094;jvs095;jvs096,0.05,0.2631578947368421,sampled_from_held_out_test_speakers_only; target_included_once; identical_gallery_for_raw_and_corrected,0.3,0.75,4.4,0.47398989898989896,0.3,0.9945236102705343,0.9910969938426888,0.0034266164278454747,20,380,60,3540,0.15,train_calibrated,0.9967949809099242,0.009887005649717515,0.15,train_calibrated,0.9975380019362292,0.000847457627118644
JVS_JVSMuSiC,wavlm_l12,12,53,0,5,raw,jvs003;jvs076;jvs083;jvs095;jvs099,0.2,0.49999999999999994,sampled_from_held_out_test_speakers_only; target_included_once; identical_gallery_for_raw_and_corrected,0.6,1.0,2.2,0.7,0.4,0.9760605801762112,0.972777397464133,0.00328318271207817,5,20,60,3540,0.0,train_calibrated,0.9800844564093842,0.009887005649717515,0.0,train_calibrated,0.982447343335898,0.000847457627118644
JVS_JVSMuSiC,wavlm_l12,12,53,0,5,correct_sign_global,jvs003;jvs076;jvs083;jvs095;jvs099,0.2,0.7500000000000001,sampled_from_held_out_test_speakers_only; target_included_once; identical_gallery_for_raw_and_corrected,0.8,1.0,1.8,0.8400000000000001,0.2,0.9935476105760233,0.990371475052183,0.003176135523840218,5,20,60,3540,0.0,train_calibrated,0.9971850412820114,0.009887005649717515,0.0,train_calibrated,0.9977587722597974,0.000847457627118644
JVS_JVSMuSiC,wavlm_l12,12,53,0,10,raw,jvs003;jvs013;jvs015;jvs026;jvs042;jvs073;jvs079;jvs083;jvs089;jvs099,0.1,0.11111111111111112,sampled_from_held_out_test_speakers_only; target_included_once; identical_gallery_for_raw_and_corrected,0.2,0.6,4.8,0.3761111111111112,0.4,0.9718617960433773,0.9686861693531356,0.0031756266902417396,10,90,60,3540,0.0,train_calibrated,0.9800844564093842,0.009887005649717515,0.0,train_calibrated,0.982447343335898,0.000847457627118644
JVS_JVSMuSiC,wavlm_l12,12,53,0,10,correct_sign_global,jvs003;jvs013;jvs015;jvs026;jvs042;jvs073;jvs079;jvs083;jvs089;jvs099,0.1,0.33333333333333337,sampled_from_held_out_test_speakers_only; target_included_once; identical_gallery_for_raw_and_corrected,0.4,0.8,3.3,0.5599999999999999,0.28888888888888886,0.9941698452985162,0.991115328404569,0.003054516893947201,10,90,60,3540,0.0,train_calibrated,0.9971850412820114,0.009887005649717515,0.0,train_calibrated,0.9977587722597974,0.000847457627118644
JVS_JVSMuSiC,wavlm_l12,12,53,0,20,raw,jvs003;jvs013;jvs015;jvs023;jvs024;jvs026;jvs040;jvs042;jvs058;jvs062;jvs073;jvs076;jvs079;jvs083;jvs084;jvs086;jvs089;jvs090;jvs095;jvs099,0.05,0.052631578947368425,sampled_from_held_out_test_speakers_only; target_included_once; identical_gallery_for_raw_and_corrected,0.1,0.3,8.7,0.2568744164332399,0.4381578947368421,0.9705942688421271,0.9673783456231556,0.0032159232189714615,20,380,60,3540,0.0,train_calibrated,0.9800844564093842,0.009887005649717515,0.0,train_calibrated,0.982447343335898,0.000847457627118644
JVS_JVSMuSiC,wavlm_l12,12,53,0,20,correct_sign_global,jvs003;jvs013;jvs015;jvs023;jvs024;jvs026;jvs040;jvs042;jvs058;jvs062;jvs073;jvs076;jvs079;jvs083;jvs084;jvs086;jvs089;jvs090;jvs095;jvs099,0.05,0.2105263157894737,sampled_from_held_out_test_speakers_only; target_included_once; identical_gallery_for_raw_and_corrected,0.25,0.7,4.65,0.47971491228070173,0.3486842105263158,0.9936430980199527,0.9905423666437259,0.003100731376226795,20,380,60,3540,0.05,train_calibrated,0.9971850412820114,0.009887005649717515,0.0,train_calibrated,0.9977587722597974,0.000847457627118644
JVS_JVSMuSiC,wavlm_l12,12,59,0,5,raw,jvs016;jvs034;jvs068;jvs081;jvs089,0.2,0.25,sampled_from_held_out_test_speakers_only; target_included_once; identical_gallery_for_raw_and_corrected,0.4,1.0,2.8,0.5566666666666668,0.42500000000000004,0.9703601200641213,0.9694012710412073,0.0009588490229139879,5,20,60,3540,0.0,train_calibrated,0.9810639786527652,0.009887005649717515,0.0,train_calibrated,0.9841143497657376,0.000847457627118644
JVS_JVSMuSiC,wavlm_l12,12,59,0,5,correct_sign_global,jvs016;jvs034;jvs068;jvs081;jvs089,0.2,0.0,sampled_from_held_out_test_speakers_only; target_included_once; identical_gallery_for_raw_and_corrected,0.2,1.0,2.6,0.4833333333333333,0.225,0.9949370984200326,0.9940240255880444,0.0009130728319882708,5,20,60,3540,0.0,train_calibrated,0.9969872050918296,0.009887005649717515,0.0,train_calibrated,0.9975581865081711,0.000847457627118644
JVS_JVSMuSiC,wavlm_l12,12,59,0,10,raw,jvs004;jvs009;jvs018;jvs035;jvs052;jvs066;jvs068;jvs081;jvs085;jvs089,0.1,0.0,sampled_from_held_out_test_speakers_only; target_included_once; identical_gallery_for_raw_and_corrected,0.1,0.8,3.7,0.4141666666666667,0.4,0.973673080418805,0.9710292864795846,0.002643793939220318,10,90,60,3540,0.1,train_calibrated,0.9810639786527652,0.009887005649717515,0.0,train_calibrated,0.9841143497657376,0.000847457627118644
JVS_JVSMuSiC,wavlm_l12,12,59,0,10,correct_sign_global,jvs004;jvs009;jvs018;jvs035;jvs052;jvs066;jvs068;jvs081;jvs085;jvs089,0.1,0.5555555555555556,sampled_from_held_out_test_speakers_only; target_included_once; identical_gallery_for_raw_and_corrected,0.6,1.0,1.7,0.7583333333333333,0.1111111111111111,0.9952415973161302,0.9926883154387752,0.0025532818773549293,10,90,60,3540,0.0,train_calibrated,0.9969872050918296,0.009887005649717515,0.0,train_calibrated,0.9975581865081711,0.000847457627118644
JVS_JVSMuSiC,wavlm_l12,12,59,0,20,raw,jvs004;jvs009;jvs011;jvs016;jvs018;jvs034;jvs035;jvs047;jvs052;jvs066;jvs067;jvs068;jvs072;jvs073;jvs079;jvs081;jvs085;jvs088;jvs089;jvs100,0.05,0.052631578947368425,sampled_from_held_out_test_speakers_only; target_included_once; identical_gallery_for_raw_and_corrected,0.1,0.45,7.6,0.2663022138680033,0.4,0.9734399521393613,0.9709297500955035,0.0025102020438577677,20,380,60,3540,0.05,train_calibrated,0.9810639786527652,0.009887005649717515,0.0,train_calibrated,0.9841143497657376,0.000847457627118644
JVS_JVSMuSiC,wavlm_l12,12,59,0,20,correct_sign_global,jvs004;jvs009;jvs011;jvs016;jvs018;jvs034;jvs035;jvs047;jvs052;jvs066;jvs067;jvs068;jvs072;jvs073;jvs079;jvs081;jvs085;jvs088;jvs089;jvs100,0.05,0.2105263157894737,sampled_from_held_out_test_speakers_only; target_included_once; identical_gallery_for_raw_and_corrected,0.25,0.7,4.4,0.4528044871794871,0.25,0.9953389107406544,0.9929151082395345,0.0024238025011198427,20,380,60,3540,0.1,train_calibrated,0.9969872050918296,0.009887005649717515,0.1,train_calibrated,0.9975581865081711,0.000847457627118644
JVS_JVSMuSiC,wavlm_l12,12,61,0,5,raw,jvs058;jvs067;jvs078;jvs081;jvs089,0.2,0.25,sampled_from_held_out_test_speakers_only; target_included_once; identical_gallery_for_raw_and_corrected,0.4,1.0,2.0,0.6333333333333333,0.25,0.9745827142592202,0.9720554514821718,0.0025272627770484,5,20,60,3540,0.0,train_calibrated,0.9817450405176974,0.009887005649717515,0.0,train_calibrated,0.9837602233061351,0.000847457627118644
JVS_JVSMuSiC,wavlm_l12,12,61,0,5,correct_sign_global,jvs058;jvs067;jvs078;jvs081;jvs089,0.2,0.49999999999999994,sampled_from_held_out_test_speakers_only; target_included_once; identical_gallery_for_raw_and_corrected,0.6,1.0,1.8,0.75,0.25,0.9946932992484564,0.992240785931639,0.002452513316817395,5,20,60,3540,0.0,train_calibrated,0.9969541327548949,0.009887005649717515,0.0,train_calibrated,0.9975492349422392,0.000847457627118644
JVS_JVSMuSiC,wavlm_l12,12,61,0,10,raw,jvs005;jvs027;jvs039;jvs045;jvs047;jvs054;jvs058;jvs069;jvs087;jvs089,0.1,0.11111111111111112,sampled_from_held_out_test_speakers_only; target_included_once; identical_gallery_for_raw_and_corrected,0.2,0.6,4.7,0.3757936507936508,0.4,0.9707109418382052,0.9686636172710276,0.0020473245671775997,10,90,60,3540,0.0,train_calibrated,0.9817450405176974,0.009887005649717515,0.0,train_calibrated,0.9837602233061351,0.000847457627118644
JVS_JVSMuSiC,wavlm_l12,12,61,0,10,correct_sign_global,jvs005;jvs027;jvs039;jvs045;jvs047;jvs054;jvs058;jvs069;jvs087;jvs089,0.1,0.4444444444444445,sampled_from_held_out_test_speakers_only; target_included_once; identical_gallery_for_raw_and_corrected,0.5,1.0,1.9,0.6916666666666667,0.2,0.9959173325128713,0.9939262403293849,0.001991092183486365,10,90,60,3540,0.2,train_calibrated,0.9969541327548949,0.009887005649717515,0.1,train_calibrated,0.9975492349422392,0.000847457627118644
JVS_JVSMuSiC,wavlm_l12,12,61,0,20,raw,jvs001;jvs005;jvs006;jvs016;jvs024;jvs027;jvs030;jvs039;jvs045;jvs047;jvs054;jvs058;jvs066;jvs067;jvs069;jvs073;jvs078;jvs081;jvs087;jvs089,0.05,0.10526315789473684,sampled_from_held_out_test_speakers_only; target_included_once; identical_gallery_for_raw_and_corrected,0.15,0.35,8.8,0.276186174936175,0.4013157894736842,0.9700386405778707,0.9678829008927327,0.0021557396851380473,20,380,60,3540,0.0,train_calibrated,0.9817450405176974,0.009887005649717515,0.0,train_calibrated,0.9837602233061351,0.000847457627118644
JVS_JVSMuSiC,wavlm_l12,12,61,0,20,correct_sign_global,jvs001;jvs005;jvs006;jvs016;jvs024;jvs027;jvs030;jvs039;jvs045;jvs047;jvs054;jvs058;jvs066;jvs067;jvs069;jvs073;jvs078;jvs081;jvs087;jvs089,0.05,0.4210526315789474,sampled_from_held_out_test_speakers_only; target_included_once; identical_gallery_for_raw_and_corrected,0.45,0.75,4.05,0.5967857142857143,0.2,0.9952634327007848,0.9931652012630487,0.00209823143773602,20,380,60,3540,0.1,train_calibrated,0.9969541327548949,0.009887005649717515,0.05,train_calibrated,0.9975492349422392,0.000847457627118644
JVS_JVSMuSiC,wavlm_l12,12,67,0,5,raw,jvs010;jvs016;jvs041;jvs042;jvs053,0.2,0.0,sampled_from_held_out_test_speakers_only; target_included_once; identical_gallery_for_raw_and_corrected,0.2,1.0,2.6,0.5,0.4,0.9725918709488994,0.9700584737522229,0.0025333971966765567,5,20,60,3540,0.0,train_calibrated,0.980310627495395,0.009887005649717515,0.0,train_calibrated,0.9831737495115445,0.000847457627118644
JVS_JVSMuSiC,wavlm_l12,12,67,0,5,correct_sign_global,jvs010;jvs016;jvs041;jvs042;jvs053,0.2,0.49999999999999994,sampled_from_held_out_test_speakers_only; target_included_once; identical_gallery_for_raw_and_corrected,0.6,1.0,2.0,0.74,0.4,0.9946608466468814,0.9922259484669921,0.002434898179889289,5,20,60,3540,0.0,train_calibrated,0.9971423765627607,0.009887005649717515,0.0,train_calibrated,0.9976230625116127,0.000847457627118644
JVS_JVSMuSiC,wavlm_l12,12,67,0,10,raw,jvs005;jvs016;jvs018;jvs021;jvs041;jvs047;jvs052;jvs066;jvs074;jvs092,0.1,0.11111111111111112,sampled_from_held_out_test_speakers_only; target_included_once; identical_gallery_for_raw_and_corrected,0.2,0.6,4.7,0.3602777777777778,0.4111111111111111,0.9708049314417376,0.9691521743541116,0.0016527570876260222,10,90,60,3540,0.0,train_calibrated,0.980310627495395,0.009887005649717515,0.0,train_calibrated,0.9831737495115445,0.000847457627118644
JVS_JVSMuSiC,wavlm_l12,12,67,0,10,correct_sign_global,jvs005;jvs016;jvs018;jvs021;jvs041;jvs047;jvs052;jvs066;jvs074;jvs092,0.1,0.6666666666666666,sampled_from_held_out_test_speakers_only; target_included_once; identical_gallery_for_raw_and_corrected,0.7,0.9,2.1,0.7944444444444444,0.17777777777777778,0.9957805469860844,0.9941928157601243,0.0015877312259601206,10,90,60,3540,0.0,train_calibrated,0.9971423765627607,0.009887005649717515,0.0,train_calibrated,0.9976230625116127,0.000847457627118644
JVS_JVSMuSiC,wavlm_l12,12,67,0,20,raw,jvs005;jvs010;jvs016;jvs018;jvs021;jvs028;jvs031;jvs041;jvs042;jvs044;jvs045;jvs047;jvs049;jvs052;jvs053;jvs066;jvs074;jvs081;jvs085;jvs092,0.05,0.052631578947368425,sampled_from_held_out_test_speakers_only; target_included_once; identical_gallery_for_raw_and_corrected,0.1,0.4,8.25,0.2486329356917592,0.45,0.971979631451085,0.9696763258087839,0.002303305642301079,20,380,60,3540,0.05,train_calibrated,0.980310627495395,0.009887005649717515,0.0,train_calibrated,0.9831737495115445,0.000847457627118644
JVS_JVSMuSiC,wavlm_l12,12,67,0,20,correct_sign_global,jvs005;jvs010;jvs016;jvs018;jvs021;jvs028;jvs031;jvs041;jvs042;jvs044;jvs045;jvs047;jvs049;jvs052;jvs053;jvs066;jvs074;jvs081;jvs085;jvs092,0.05,0.368421052631579,sampled_from_held_out_test_speakers_only; target_included_once; identical_gallery_for_raw_and_corrected,0.4,0.7,4.2,0.5641018907563025,0.25,0.9953536928967578,0.9931314549845623,0.002222237912195446,20,380,60,3540,0.05,train_calibrated,0.9971423765627607,0.009887005649717515,0.0,train_calibrated,0.9976230625116127,0.000847457627118644
JVS_JVSMuSiC,wavlm_l12,12,71,0,5,raw,jvs001;jvs033;jvs094;jvs096;jvs097,0.2,0.25,sampled_from_held_out_test_speakers_only; target_included_once; identical_gallery_for_raw_and_corrected,0.4,1.0,2.4,0.6,0.4,0.9697182623015778,0.9665744648488565,0.0031437974527213086,5,20,60,3540,0.0,train_calibrated,0.9812624683336122,0.009887005649717515,0.0,train_calibrated,0.9827791186616337,0.000847457627118644
JVS_JVSMuSiC,wavlm_l12,12,71,0,5,correct_sign_global,jvs001;jvs033;jvs094;jvs096;jvs097,0.2,0.49999999999999994,sampled_from_held_out_test_speakers_only; target_included_once; identical_gallery_for_raw_and_corrected,0.6,1.0,1.6,0.7666666666666666,0.225,0.996211176420027,0.9931758809128425,0.00303529550718451,5,20,60,3540,0.4,train_calibrated,0.9970755432710483,0.009887005649717515,0.4,train_calibrated,0.9976470567036425,0.000847457627118644
JVS_JVSMuSiC,wavlm_l12,12,71,0,10,raw,jvs001;jvs007;jvs009;jvs030;jvs033;jvs046;jvs082;jvs090;jvs095;jvs097,0.1,0.11111111111111112,sampled_from_held_out_test_speakers_only; target_included_once; identical_gallery_for_raw_and_corrected,0.2,0.6,4.5,0.37511904761904763,0.4166666666666667,0.9685750175834343,0.9665189990753397,0.0020560185080946702,10,90,60,3540,0.0,train_calibrated,0.9812624683336122,0.009887005649717515,0.0,train_calibrated,0.9827791186616337,0.000847457627118644
JVS_JVSMuSiC,wavlm_l12,12,71,0,10,correct_sign_global,jvs001;jvs007;jvs009;jvs030;jvs033;jvs046;jvs082;jvs090;jvs095;jvs097,0.1,0.4444444444444445,sampled_from_held_out_test_speakers_only; target_included_once; identical_gallery_for_raw_and_corrected,0.5,1.0,2.0,0.6833333333333333,0.3,0.995798674051492,0.9938035469295339,0.0019951271219581512,10,90,60,3540,0.1,train_calibrated,0.9970755432710483,0.009887005649717515,0.1,train_calibrated,0.9976470567036425,0.000847457627118644
JVS_JVSMuSiC,wavlm_l12,12,71,0,20,raw,jvs001;jvs007;jvs009;jvs017;jvs028;jvs030;jvs033;jvs036;jvs046;jvs051;jvs071;jvs082;jvs085;jvs087;jvs090;jvs091;jvs094;jvs095;jvs096;jvs097,0.05,0.10526315789473684,sampled_from_held_out_test_speakers_only; target_included_once; identical_gallery_for_raw_and_corrected,0.15,0.35,8.6,0.2644468031968032,0.45,0.96959028173943,0.9665126067109105,0.003077675028519411,20,380,60,3540,0.05,train_calibrated,0.9812624683336122,0.009887005649717515,0.0,train_calibrated,0.9827791186616337,0.000847457627118644
JVS_JVSMuSiC,wavlm_l12,12,71,0,20,correct_sign_global,jvs001;jvs007;jvs009;jvs017;jvs028;jvs030;jvs033;jvs036;jvs046;jvs051;jvs071;jvs082;jvs085;jvs087;jvs090;jvs091;jvs094;jvs095;jvs096;jvs097,0.05,0.2631578947368421,sampled_from_held_out_test_speakers_only; target_included_once; identical_gallery_for_raw_and_corrected,0.3,0.8,4.1,0.49118055555555556,0.29605263157894735,0.9949373619128045,0.9919789760703428,0.002958385842461664,20,380,60,3540,0.1,train_calibrated,0.9970755432710483,0.009887005649717515,0.1,train_calibrated,0.9976470567036425,0.000847457627118644
JVS_JVSMuSiC,wavlm_l12,12,73,0,5,raw,jvs008;jvs051;jvs055;jvs061;jvs066,0.2,0.0,sampled_from_held_out_test_speakers_only; target_included_once; identical_gallery_for_raw_and_corrected,0.2,1.0,2.6,0.5066666666666666,0.4,0.9688752618786012,0.9673217831106321,0.0015534787679690742,5,20,60,3540,0.0,train_calibrated,0.9815082545595386,0.009887005649717515,0.0,train_calibrated,0.9837602233061351,0.000847457627118644
JVS_JVSMuSiC,wavlm_l12,12,73,0,5,correct_sign_global,jvs008;jvs051;jvs055;jvs061;jvs066,0.2,0.7500000000000001,sampled_from_held_out_test_speakers_only; target_included_once; identical_gallery_for_raw_and_corrected,0.8,1.0,1.4,0.8666666666666666,0.2,0.9966608638449763,0.9951673666299203,0.0014934972150559833,5,20,60,3540,0.2,train_calibrated,0.9970365235472882,0.009887005649717515,0.0,train_calibrated,0.997684645251288,0.000847457627118644
JVS_JVSMuSiC,wavlm_l12,12,73,0,10,raw,jvs004;jvs014;jvs033;jvs041;jvs054;jvs061;jvs065;jvs074;jvs085;jvs092,0.1,0.0,sampled_from_held_out_test_speakers_only; target_included_once; identical_gallery_for_raw_and_corrected,0.1,0.5,4.7,0.35345238095238096,0.4111111111111111,0.9704114372761283,0.9681914343304124,0.002220002945715893,10,90,60,3540,0.0,train_calibrated,0.9815082545595386,0.009887005649717515,0.0,train_calibrated,0.9837602233061351,0.000847457627118644
JVS_JVSMuSiC,wavlm_l12,12,73,0,10,correct_sign_global,jvs004;jvs014;jvs033;jvs041;jvs054;jvs061;jvs065;jvs074;jvs085;jvs092,0.1,0.5555555555555556,sampled_from_held_out_test_speakers_only; target_included_once; identical_gallery_for_raw_and_corrected,0.6,0.9,2.4,0.7158333333333333,0.2111111111111111,0.995910991571848,0.9937583723488136,0.0021526192230344465,10,90,60,3540,0.2,train_calibrated,0.9970365235472882,0.009887005649717515,0.0,train_calibrated,0.997684645251288,0.000847457627118644
JVS_JVSMuSiC,wavlm_l12,12,73,0,20,raw,jvs004;jvs007;jvs008;jvs010;jvs014;jvs033;jvs040;jvs041;jvs046;jvs051;jvs054;jvs055;jvs056;jvs061;jvs065;jvs066;jvs070;jvs074;jvs085;jvs092,0.05,0.0,sampled_from_held_out_test_speakers_only; target_included_once; identical_gallery_for_raw_and_corrected,0.05,0.4,8.1,0.26154497764017887,0.4,0.9697187501894117,0.9674408130395596,0.0022779371498520273,20,380,60,3540,0.0,train_calibrated,0.9815082545595386,0.009887005649717515,0.0,train_calibrated,0.9837602233061351,0.000847457627118644
JVS_JVSMuSiC,wavlm_l12,12,73,0,20,correct_sign_global,jvs004;jvs007;jvs008;jvs010;jvs014;jvs033;jvs040;jvs041;jvs046;jvs051;jvs054;jvs055;jvs056;jvs061;jvs065;jvs066;jvs070;jvs074;jvs085;jvs092,0.05,0.368421052631579,sampled_from_held_out_test_speakers_only; target_included_once; identical_gallery_for_raw_and_corrected,0.4,0.8,3.9,0.5837388306138306,0.25,0.9958275883691987,0.9936207064312365,0.0022068819379622573,20,380,60,3540,0.2,train_calibrated,0.9970365235472882,0.009887005649717515,0.05,train_calibrated,0.997684645251288,0.000847457627118644
JVS_JVSMuSiC,wavlm_l12,12,79,0,5,raw,jvs017;jvs031;jvs045;jvs054;jvs083,0.2,0.0,sampled_from_held_out_test_speakers_only; target_included_once; identical_gallery_for_raw_and_corrected,0.2,1.0,3.0,0.45666666666666667,0.4,0.9661387216849755,0.9607837996808095,0.005354922004165985,5,20,60,3540,0.0,train_calibrated,0.9817069616841512,0.009887005649717515,0.0,train_calibrated,0.984366202060398,0.000847457627118644
JVS_JVSMuSiC,wavlm_l12,12,79,0,5,correct_sign_global,jvs017;jvs031;jvs045;jvs054;jvs083,0.2,0.49999999999999994,sampled_from_held_out_test_speakers_only; target_included_once; identical_gallery_for_raw_and_corrected,0.6,1.0,1.8,0.7333333333333333,0.2,0.99474381475718,0.9896357744221067,0.005108040335073283,5,20,60,3540,0.0,train_calibrated,0.997103713984248,0.009887005649717515,0.0,train_calibrated,0.9975836963224582,0.000847457627118644
JVS_JVSMuSiC,wavlm_l12,12,79,0,10,raw,jvs013;jvs017;jvs027;jvs030;jvs042;jvs046;jvs054;jvs061;jvs071;jvs085,0.1,0.11111111111111112,sampled_from_held_out_test_speakers_only; target_included_once; identical_gallery_for_raw_and_corrected,0.2,0.6,5.2,0.354563492063492,0.5,0.9673280898908967,0.9652435489496624,0.0020845409412343363,10,90,60,3540,0.0,train_calibrated,0.9817069616841512,0.009887005649717515,0.0,train_calibrated,0.984366202060398,0.000847457627118644
JVS_JVSMuSiC,wavlm_l12,12,79,0,10,correct_sign_global,jvs013;jvs017;jvs027;jvs030;jvs042;jvs046;jvs054;jvs061;jvs071;jvs085,0.1,0.11111111111111112,sampled_from_held_out_test_speakers_only; target_included_once; identical_gallery_for_raw_and_corrected,0.2,0.9,3.4,0.42595238095238097,0.3944444444444445,0.9938647464202326,0.9918531406291101,0.0020116057911224727,10,90,60,3540,0.1,train_calibrated,0.997103713984248,0.009887005649717515,0.1,train_calibrated,0.9975836963224582,0.000847457627118644
JVS_JVSMuSiC,wavlm_l12,12,79,0,20,raw,jvs013;jvs015;jvs017;jvs027;jvs030;jvs031;jvs042;jvs045;jvs046;jvs054;jvs058;jvs061;jvs066;jvs067;jvs071;jvs083;jvs085;jvs090;jvs091;jvs096,0.05,0.052631578947368425,sampled_from_held_out_test_speakers_only; target_included_once; identical_gallery_for_raw_and_corrected,0.1,0.35,9.15,0.23985805860805862,0.45,0.9692032959952434,0.9663897414861059,0.0028135545091374503,20,380,60,3540,0.0,train_calibrated,0.9817069616841512,0.009887005649717515,0.0,train_calibrated,0.984366202060398,0.000847457627118644
JVS_JVSMuSiC,wavlm_l12,12,79,0,20,correct_sign_global,jvs013;jvs015;jvs017;jvs027;jvs030;jvs031;jvs042;jvs045;jvs046;jvs054;jvs058;jvs061;jvs066;jvs067;jvs071;jvs083;jvs085;jvs090;jvs091;jvs096,0.05,0.2631578947368421,sampled_from_held_out_test_speakers_only; target_included_once; identical_gallery_for_raw_and_corrected,0.3,0.65,5.05,0.461395757020757,0.35,0.994639342504281,0.9919256265980697,0.002713715906211278,20,380,60,3540,0.1,train_calibrated,0.997103713984248,0.009887005649717515,0.1,train_calibrated,0.9975836963224582,0.000847457627118644
JVS_JVSMuSiC,wavlm_l12,12,83,0,5,raw,jvs009;jvs012;jvs072;jvs085;jvs100,0.2,0.0,sampled_from_held_out_test_speakers_only; target_included_once; identical_gallery_for_raw_and_corrected,0.2,1.0,2.8,0.47333333333333333,0.4,0.9707052028713908,0.96827735530095,0.0024278475704407887,5,20,60,3540,0.2,train_calibrated,0.9812296414773806,0.009887005649717515,0.0,train_calibrated,0.9826401961975593,0.000847457627118644
JVS_JVSMuSiC,wavlm_l12,12,83,0,5,correct_sign_global,jvs009;jvs012;jvs072;jvs085;jvs100,0.2,0.25,sampled_from_held_out_test_speakers_only; target_included_once; identical_gallery_for_raw_and_corrected,0.4,1.0,2.2,0.6166666666666667,0.375,0.9952114180145626,0.9928525743141714,0.002358843700391189,5,20,60,3540,0.2,train_calibrated,0.9971203132208872,0.009887005649717515,0.2,train_calibrated,0.9976270776763463,0.000847457627118644
JVS_JVSMuSiC,wavlm_l12,12,83,0,10,raw,jvs006;jvs028;jvs038;jvs059;jvs071;jvs076;jvs077;jvs081;jvs085;jvs094,0.1,0.11111111111111112,sampled_from_held_out_test_speakers_only; target_included_once; identical_gallery_for_raw_and_corrected,0.2,0.6,4.4,0.38607142857142857,0.4,0.9722722696462964,0.9690844614825751,0.0031878081637213285,10,90,60,3540,0.1,train_calibrated,0.9812296414773806,0.009887005649717515,0.0,train_calibrated,0.9826401961975593,0.000847457627118644
JVS_JVSMuSiC,wavlm_l12,12,83,0,10,correct_sign_global,jvs006;jvs028;jvs038;jvs059;jvs071;jvs076;jvs077;jvs081;jvs085;jvs094,0.1,0.4444444444444445,sampled_from_held_out_test_speakers_only; target_included_once; identical_gallery_for_raw_and_corrected,0.5,1.0,1.9,0.6916666666666667,0.11666666666666667,0.9944963805416286,0.9914281474276739,0.003068233113954655,10,90,60,3540,0.0,train_calibrated,0.9971203132208872,0.009887005649717515,0.0,train_calibrated,0.9976270776763463,0.000847457627118644
JVS_JVSMuSiC,wavlm_l12,12,83,0,20,raw,jvs001;jvs006;jvs009;jvs012;jvs027;jvs028;jvs036;jvs038;jvs053;jvs059;jvs071;jvs072;jvs076;jvs077;jvs081;jvs085;jvs086;jvs094;jvs095;jvs100,0.05,0.15789473684210528,sampled_from_held_out_test_speakers_only; target_included_once; identical_gallery_for_raw_and_corrected,0.2,0.4,8.0,0.30947496947496944,0.4,0.9722272652000574,0.9688545515951333,0.0033727136049240825,20,380,60,3540,0.05,train_calibrated,0.9812296414773806,0.009887005649717515,0.0,train_calibrated,0.9826401961975593,0.000847457627118644
JVS_JVSMuSiC,wavlm_l12,12,83,0,20,correct_sign_global,jvs001;jvs006;jvs009;jvs012;jvs027;jvs028;jvs036;jvs038;jvs053;jvs059;jvs071;jvs072;jvs076;jvs077;jvs081;jvs085;jvs086;jvs094;jvs095;jvs100,0.05,0.368421052631579,sampled_from_held_out_test_speakers_only; target_included_once; identical_gallery_for_raw_and_corrected,0.4,0.85,3.1,0.5871794871794871,0.2,0.9951034635304389,0.9918574571307579,0.0032460063996809785,20,380,60,3540,0.1,train_calibrated,0.9971203132208872,0.009887005649717515,0.05,train_calibrated,0.9976270776763463,0.000847457627118644
JVS_JVSMuSiC,wavlm_l12,12,89,0,5,raw,jvs023;jvs050;jvs068;jvs089;jvs092,0.2,0.0,sampled_from_held_out_test_speakers_only; target_included_once; identical_gallery_for_raw_and_corrected,0.2,1.0,3.0,0.4566666666666667,0.625,0.9727447646921513,0.97145195984738,0.0012928048447713447,5,20,60,3540,0.0,train_calibrated,0.9818135905053682,0.009887005649717515,0.0,train_calibrated,0.9837602233061351,0.000847457627118644
JVS_JVSMuSiC,wavlm_l12,12,89,0,5,correct_sign_global,jvs023;jvs050;jvs068;jvs089;jvs092,0.2,0.25,sampled_from_held_out_test_speakers_only; target_included_once; identical_gallery_for_raw_and_corrected,0.4,1.0,2.2,0.6166666666666667,0.4,0.9948279065161996,0.9935506959171725,0.0012772105990270788,5,20,60,3540,0.2,train_calibrated,0.9968943986398509,0.009887005649717515,0.0,train_calibrated,0.9974941152715298,0.000847457627118644
JVS_JVSMuSiC,wavlm_l12,12,89,0,10,raw,jvs004;jvs007;jvs011;jvs023;jvs035;jvs050;jvs062;jvs075;jvs089;jvs092,0.1,0.11111111111111112,sampled_from_held_out_test_speakers_only; target_included_once; identical_gallery_for_raw_and_corrected,0.2,0.8,4.1,0.42055555555555557,0.4111111111111111,0.9730395339185292,0.970701549487248,0.0023379844312811926,10,90,60,3540,0.0,train_calibrated,0.9818135905053682,0.009887005649717515,0.0,train_calibrated,0.9837602233061351,0.000847457627118644
JVS_JVSMuSiC,wavlm_l12,12,89,0,10,correct_sign_global,jvs004;jvs007;jvs011;jvs023;jvs035;jvs050;jvs062;jvs075;jvs089;jvs092,0.1,0.2222222222222222,sampled_from_held_out_test_speakers_only; target_included_once; identical_gallery_for_raw_and_corrected,0.3,0.9,2.7,0.545,0.3,0.9958093676247805,0.9935290163190484,0.002280351305732009,10,90,60,3540,0.4,train_calibrated,0.9968943986398509,0.009887005649717515,0.1,train_calibrated,0.9974941152715298,0.000847457627118644
JVS_JVSMuSiC,wavlm_l12,12,89,0,20,raw,jvs004;jvs006;jvs007;jvs011;jvs012;jvs017;jvs023;jvs027;jvs032;jvs035;jvs050;jvs057;jvs059;jvs062;jvs066;jvs068;jvs075;jvs089;jvs092;jvs097,0.05,0.052631578947368425,sampled_from_held_out_test_speakers_only; target_included_once; identical_gallery_for_raw_and_corrected,0.1,0.45,7.7,0.2892397186147186,0.4039473684210526,0.9713803819260971,0.9690551186264686,0.002325263299628455,20,380,60,3540,0.0,train_calibrated,0.9818135905053682,0.009887005649717515,0.0,train_calibrated,0.9837602233061351,0.000847457627118644
JVS_JVSMuSiC,wavlm_l12,12,89,0,20,correct_sign_global,jvs004;jvs006;jvs007;jvs011;jvs012;jvs017;jvs023;jvs027;jvs032;jvs035;jvs050;jvs057;jvs059;jvs062;jvs066;jvs068;jvs075;jvs089;jvs092;jvs097,0.05,0.2631578947368421,sampled_from_held_out_test_speakers_only; target_included_once; identical_gallery_for_raw_and_corrected,0.3,0.75,3.9,0.4904334554334554,0.256578947368421,0.9957988519539756,0.9935406985287429,0.002258153425232612,20,380,60,3540,0.35,train_calibrated,0.9968943986398509,0.009887005649717515,0.15,train_calibrated,0.9974941152715298,0.000847457627118644
JVS_JVSMuSiC,wavlm_l12,12,97,0,5,raw,jvs025;jvs041;jvs044;jvs062;jvs078,0.2,0.7500000000000001,sampled_from_held_out_test_speakers_only; target_included_once; identical_gallery_for_raw_and_corrected,0.8,1.0,1.8,0.8400000000000001,0.4,0.9726056095336713,0.9707970909183583,0.0018085186153129484,5,20,60,3540,0.0,train_calibrated,0.980448171919921,0.009887005649717515,0.0,train_calibrated,0.9830743810735336,0.000847457627118644
JVS_JVSMuSiC,wavlm_l12,12,97,0,5,correct_sign_global,jvs025;jvs041;jvs044;jvs062;jvs078,0.2,0.25,sampled_from_held_out_test_speakers_only; target_included_once; identical_gallery_for_raw_and_corrected,0.4,1.0,1.8,0.6666666666666666,0.25,0.9958631372209567,0.9941032188219685,0.0017599183989881473,5,20,60,3540,0.0,train_calibrated,0.9970363702857279,0.009887005649717515,0.0,train_calibrated,0.9974992654573183,0.000847457627118644
JVS_JVSMuSiC,wavlm_l12,12,97,0,10,raw,jvs028;jvs033;jvs046;jvs047;jvs060;jvs064;jvs078;jvs088;jvs097;jvs100,0.1,0.0,sampled_from_held_out_test_speakers_only; target_included_once; identical_gallery_for_raw_and_corrected,0.1,0.7,4.7,0.3291666666666667,0.3,0.9694996799646626,0.9676026125669647,0.0018970673976979047,10,90,60,3540,0.0,train_calibrated,0.980448171919921,0.009887005649717515,0.0,train_calibrated,0.9830743810735336,0.000847457627118644
JVS_JVSMuSiC,wavlm_l12,12,97,0,10,correct_sign_global,jvs028;jvs033;jvs046;jvs047;jvs060;jvs064;jvs078;jvs088;jvs097;jvs100,0.1,0.5555555555555556,sampled_from_held_out_test_speakers_only; target_included_once; identical_gallery_for_raw_and_corrected,0.6,0.8,2.8,0.6977777777777778,0.3833333333333333,0.995308110618814,0.9934608289213677,0.0018472816974463013,10,90,60,3540,0.2,train_calibrated,0.9970363702857279,0.009887005649717515,0.1,train_calibrated,0.9974992654573183,0.000847457627118644
JVS_JVSMuSiC,wavlm_l12,12,97,0,20,raw,jvs019;jvs020;jvs025;jvs028;jvs031;jvs033;jvs041;jvs044;jvs046;jvs047;jvs056;jvs060;jvs062;jvs063;jvs064;jvs078;jvs085;jvs088;jvs097;jvs100,0.05,0.052631578947368425,sampled_from_held_out_test_speakers_only; target_included_once; identical_gallery_for_raw_and_corrected,0.1,0.5,8.55,0.2492413346457464,0.43947368421052635,0.9712024784525349,0.9690618368917768,0.0021406415607581053,20,380,60,3540,0.05,train_calibrated,0.980448171919921,0.009887005649717515,0.0,train_calibrated,0.9830743810735336,0.000847457627118644
JVS_JVSMuSiC,wavlm_l12,12,97,0,20,correct_sign_global,jvs019;jvs020;jvs025;jvs028;jvs031;jvs033;jvs041;jvs044;jvs046;jvs047;jvs056;jvs060;jvs062;jvs063;jvs064;jvs078;jvs085;jvs088;jvs097;jvs100,0.05,0.2631578947368421,sampled_from_held_out_test_speakers_only; target_included_once; identical_gallery_for_raw_and_corrected,0.3,0.7,4.4,0.4906349206349206,0.2934210526315789,0.9954864144505132,0.9933997892821604,0.0020866251683527848,20,380,60,3540,0.1,train_calibrated,0.9970363702857279,0.009887005649717515,0.05,train_calibrated,0.9974992654573183,0.000847457627118644
