dataset,model,layer,split_seed,train_speakers,shared_mean_explained_energy,mean_residual_norm,mean_centered_residual_norm,global_mean_norm,effective_rank_centered,top1_centered_variance,top2_centered_variance,top4_centered_variance,top8_centered_variance,largest_centered_eigenvalue,analysis_population
JVS_JVSMuSiC,wavlm_l12,12,13,jvs001;jvs002;jvs007;jvs008;jvs014;jvs016;jvs017;jvs018;jvs021;jvs023;jvs024;jvs026;jvs028;jvs029;jvs030;jvs031;jvs033;jvs034;jvs035;jvs037;jvs038;jvs039;jvs040;jvs045;jvs046;jvs048;jvs050;jvs052;jvs053;jvs054;jvs055;jvs056;jvs060;jvs062;jvs064;jvs065;jvs066;jvs067;jvs069;jvs070;jvs073;jvs074;jvs077;jvs078;jvs079;jvs081;jvs082;jvs084;jvs085;jvs087;jvs088;jvs090;jvs091;jvs092;jvs093;jvs094;jvs096;jvs098;jvs099;jvs100,0.8334221347856381,1.4519364516803035,0.57952935193214,1.3368589674880076,22.803621492080076,0.2045194113166592,0.321376617980241,0.49104150894654197,0.6390664000975335,0.0742945952977567,train_speakers_only
JVS_JVSMuSiC,wavlm_l12,12,17,jvs003;jvs006;jvs008;jvs012;jvs013;jvs014;jvs015;jvs016;jvs017;jvs018;jvs019;jvs020;jvs021;jvs022;jvs023;jvs024;jvs027;jvs028;jvs029;jvs031;jvs032;jvs033;jvs035;jvs036;jvs039;jvs041;jvs043;jvs044;jvs046;jvs047;jvs049;jvs051;jvs052;jvs053;jvs054;jvs055;jvs058;jvs059;jvs061;jvs062;jvs064;jvs066;jvs067;jvs068;jvs070;jvs071;jvs072;jvs074;jvs077;jvs078;jvs079;jvs081;jvs084;jvs085;jvs088;jvs094;jvs095;jvs098;jvs099;jvs100,0.8247067805205351,1.4688259737731078,0.6014261770134989,1.344200908572485,21.997961590134754,0.1946817332134322,0.3234866447588456,0.4879693776735504,0.6583283273002734,0.07603584281682534,train_speakers_only
JVS_JVSMuSiC,wavlm_l12,12,19,jvs001;jvs002;jvs004;jvs005;jvs006;jvs007;jvs008;jvs011;jvs016;jvs017;jvs018;jvs019;jvs020;jvs022;jvs025;jvs026;jvs027;jvs029;jvs031;jvs032;jvs033;jvs035;jvs036;jvs037;jvs038;jvs041;jvs043;jvs045;jvs047;jvs048;jvs053;jvs054;jvs058;jvs060;jvs061;jvs063;jvs064;jvs066;jvs067;jvs068;jvs069;jvs070;jvs071;jvs074;jvs076;jvs078;jvs079;jvs081;jvs082;jvs085;jvs087;jvs089;jvs091;jvs093;jvs094;jvs095;jvs096;jvs097;jvs098;jvs100,0.8384389453841044,1.4322712884284827,0.5672266506790907,1.3189660015111457,25.11118852824109,0.15428714289327913,0.272028876546651,0.45013858035566523,0.6120050315900842,0.05259705331658233,train_speakers_only
JVS_JVSMuSiC,wavlm_l12,12,23,jvs001;jvs002;jvs003;jvs008;jvs009;jvs010;jvs011;jvs014;jvs016;jvs019;jvs022;jvs023;jvs024;jvs025;jvs026;jvs027;jvs028;jvs029;jvs030;jvs031;jvs036;jvs037;jvs039;jvs040;jvs041;jvs042;jvs043;jvs045;jvs046;jvs047;jvs049;jvs050;jvs052;jvs056;jvs062;jvs064;jvs067;jvs071;jvs072;jvs075;jvs076;jvs077;jvs079;jvs080;jvs081;jvs082;jvs083;jvs084;jvs085;jvs086;jvs087;jvs089;jvs091;jvs093;jvs094;jvs096;jvs097;jvs098;jvs099;jvs100,0.8153436980027113,1.4291077764400368,0.5967529009142881,1.3006392349887477,21.52471222953868,0.20809309090181372,0.34036388189790423,0.5114079941330063,0.6534032567377331,0.08107631782294968,train_speakers_only
JVS_JVSMuSiC,wavlm_l12,12,29,jvs001;jvs005;jvs007;jvs008;jvs009;jvs010;jvs011;jvs014;jvs015;jvs016;jvs017;jvs019;jvs020;jvs021;jvs022;jvs025;jvs026;jvs028;jvs029;jvs030;jvs031;jvs033;jvs035;jvs036;jvs038;jvs039;jvs040;jvs041;jvs044;jvs046;jvs048;jvs049;jvs053;jvs054;jvs057;jvs058;jvs060;jvs064;jvs066;jvs067;jvs068;jvs070;jvs071;jvs072;jvs073;jvs074;jvs078;jvs079;jvs080;jvs081;jvs084;jvs086;jvs089;jvs091;jvs093;jvs095;jvs096;jvs097;jvs098;jvs099,0.8345496837094253,1.4645648248665664,0.5816825919545221,1.345456158030698,23.43254070924557,0.17024444378861722,0.2948095548157262,0.4773043567778485,0.6304062623908909,0.06213362500512654,train_speakers_only
JVS_JVSMuSiC,wavlm_l12,12,31,jvs001;jvs002;jvs004;jvs005;jvs006;jvs007;jvs008;jvs011;jvs016;jvs018;jvs021;jvs022;jvs023;jvs024;jvs025;jvs026;jvs028;jvs029;jvs033;jvs035;jvs037;jvs038;jvs039;jvs041;jvs043;jvs047;jvs048;jvs050;jvs051;jvs053;jvs054;jvs055;jvs056;jvs057;jvs058;jvs059;jvs060;jvs061;jvs062;jvs063;jvs064;jvs068;jvs070;jvs074;jvs075;jvs077;jvs078;jvs080;jvs081;jvs083;jvs085;jvs087;jvs089;jvs091;jvs092;jvs093;jvs094;jvs096;jvs097;jvs099,0.8461174752146221,1.4470249779870343,0.5606106553487858,1.340202025218852,25.423738314113233,0.18437612889272964,0.2931683912990273,0.4361607798294422,0.595581646625129,0.06124957920396411,train_speakers_only
JVS_JVSMuSiC,wavlm_l12,12,37,jvs001;jvs002;jvs004;jvs006;jvs007;jvs009;jvs011;jvs012;jvs014;jvs016;jvs017;jvs018;jvs019;jvs020;jvs021;jvs023;jvs024;jvs025;jvs026;jvs030;jvs031;jvs032;jvs034;jvs035;jvs037;jvs039;jvs040;jvs041;jvs043;jvs044;jvs046;jvs048;jvs051;jvs052;jvs054;jvs055;jvs058;jvs059;jvs062;jvs063;jvs065;jvs066;jvs067;jvs068;jvs069;jvs071;jvs072;jvs073;jvs078;jvs079;jvs080;jvs084;jvs085;jvs091;jvs093;jvs094;jvs097;jvs098;jvs099;jvs100,0.8298054501660677,1.4542779393306882,0.5850488396799894,1.3350187063258658,22.97403111971498,0.18377143391931905,0.31531098944635594,0.48932891001371853,0.6429361523062054,0.0683158239205295,train_speakers_only
JVS_JVSMuSiC,wavlm_l12,12,41,jvs001;jvs003;jvs004;jvs005;jvs006;jvs007;jvs009;jvs010;jvs011;jvs012;jvs016;jvs017;jvs019;jvs022;jvs023;jvs025;jvs026;jvs028;jvs029;jvs030;jvs031;jvs036;jvs037;jvs038;jvs042;jvs043;jvs044;jvs045;jvs049;jvs051;jvs054;jvs055;jvs058;jvs059;jvs060;jvs061;jvs062;jvs063;jvs065;jvs066;jvs067;jvs068;jvs069;jvs070;jvs071;jvs072;jvs073;jvs074;jvs075;jvs078;jvs080;jvs084;jvs085;jvs086;jvs090;jvs094;jvs095;jvs096;jvs098;jvs099,0.830448382527774,1.4379881511811938,0.5766562279780422,1.317954094079627,23.153871115492787,0.18316026368733676,0.3113341577097179,0.47900755985575,0.6356366914939717,0.0660572301793272,train_speakers_only
JVS_JVSMuSiC,wavlm_l12,12,43,jvs002;jvs003;jvs004;jvs006;jvs007;jvs008;jvs009;jvs011;jvs013;jvs014;jvs015;jvs018;jvs022;jvs023;jvs024;jvs025;jvs026;jvs027;jvs034;jvs035;jvs036;jvs037;jvs038;jvs039;jvs040;jvs042;jvs043;jvs044;jvs045;jvs046;jvs049;jvs051;jvs054;jvs056;jvs058;jvs061;jvs062;jvs063;jvs065;jvs066;jvs067;jvs070;jvs071;jvs073;jvs076;jvs077;jvs078;jvs079;jvs083;jvs084;jvs086;jvs088;jvs089;jvs092;jvs093;jvs094;jvs096;jvs097;jvs099;jvs100,0.8287708821739532,1.4577813937968402,0.5865420812909735,1.3366066967784087,21.930650149054518,0.2119428217846622,0.3421127278995932,0.4984591266505539,0.6514156130745696,0.07955515959533904,train_speakers_only
JVS_JVSMuSiC,wavlm_l12,12,47,jvs002;jvs004;jvs005;jvs006;jvs007;jvs008;jvs009;jvs012;jvs013;jvs014;jvs015;jvs016;jvs018;jvs019;jvs020;jvs021;jvs022;jvs024;jvs025;jvs026;jvs029;jvs031;jvs032;jvs033;jvs034;jvs036;jvs037;jvs039;jvs044;jvs045;jvs047;jvs048;jvs049;jvs051;jvs052;jvs055;jvs056;jvs057;jvs058;jvs062;jvs063;jvs067;jvs068;jvs070;jvs071;jvs073;jvs074;jvs075;jvs077;jvs079;jvs083;jvs086;jvs088;jvs089;jvs091;jvs092;jvs097;jvs098;jvs099;jvs100,0.8375361383912852,1.4645721482098837,0.5804656173566788,1.3496384850706753,23.45156549650391,0.16605031072301196,0.29172852048108344,0.47402219488600106,0.6381235071017315,0.05966601806855016,train_speakers_only
JVS_JVSMuSiC,wavlm_l12,12,53,jvs002;jvs004;jvs005;jvs006;jvs007;jvs008;jvs009;jvs010;jvs011;jvs012;jvs014;jvs016;jvs017;jvs019;jvs020;jvs021;jvs022;jvs025;jvs027;jvs028;jvs029;jvs030;jvs031;jvs032;jvs033;jvs035;jvs039;jvs041;jvs043;jvs044;jvs045;jvs046;jvs047;jvs049;jvs050;jvs051;jvs053;jvs054;jvs055;jvs056;jvs057;jvs059;jvs064;jvs066;jvs067;jvs068;jvs069;jvs070;jvs071;jvs075;jvs077;jvs080;jvs081;jvs085;jvs087;jvs091;jvs094;jvs096;jvs097;jvs100,0.8460104190735389,1.4577142359465696,0.5638321991534218,1.348100977754438,25.114101544047127,0.1588947973870841,0.2708663494916463,0.44262357005289243,0.6166640909752481,0.053452668237297975,train_speakers_only
JVS_JVSMuSiC,wavlm_l12,12,59,jvs002;jvs005;jvs006;jvs008;jvs013;jvs014;jvs015;jvs017;jvs019;jvs020;jvs021;jvs022;jvs023;jvs024;jvs026;jvs027;jvs028;jvs030;jvs031;jvs032;jvs033;jvs036;jvs037;jvs038;jvs039;jvs042;jvs044;jvs045;jvs046;jvs048;jvs049;jvs050;jvs053;jvs054;jvs055;jvs058;jvs059;jvs060;jvs061;jvs062;jvs064;jvs065;jvs070;jvs071;jvs074;jvs076;jvs077;jvs078;jvs082;jvs083;jvs084;jvs086;jvs087;jvs090;jvs091;jvs092;jvs093;jvs095;jvs096;jvs098,0.8326369638009546,1.4835165026696189,0.5928504987389324,1.3636723562096553,22.651845907800595,0.17809661925182327,0.3105263217130875,0.4854745454458026,0.6487596859573527,0.06769846893178451,train_speakers_only
JVS_JVSMuSiC,wavlm_l12,12,61,jvs002;jvs003;jvs007;jvs008;jvs009;jvs010;jvs011;jvs013;jvs015;jvs017;jvs018;jvs021;jvs022;jvs023;jvs025;jvs026;jvs028;jvs031;jvs032;jvs033;jvs034;jvs035;jvs036;jvs037;jvs038;jvs040;jvs041;jvs042;jvs044;jvs046;jvs048;jvs049;jvs050;jvs051;jvs052;jvs053;jvs055;jvs056;jvs059;jvs061;jvs063;jvs064;jvs065;jvs070;jvs074;jvs075;jvs076;jvs077;jvs079;jvs083;jvs085;jvs086;jvs088;jvs091;jvs092;jvs093;jvs095;jvs096;jvs098;jvs100,0.8353775833884833,1.444265501741621,0.5789386408779424,1.327671837714796,24.883129013212855,0.16012829907394166,0.2825544675757793,0.44525449178770016,0.6126883515540135,0.05656593513148414,train_speakers_only
JVS_JVSMuSiC,wavlm_l12,12,67,jvs001;jvs002;jvs003;jvs004;jvs008;jvs009;jvs011;jvs012;jvs013;jvs014;jvs015;jvs017;jvs020;jvs022;jvs023;jvs025;jvs026;jvs027;jvs029;jvs032;jvs033;jvs037;jvs038;jvs039;jvs043;jvs046;jvs048;jvs051;jvs054;jvs055;jvs056;jvs057;jvs058;jvs059;jvs060;jvs061;jvs062;jvs064;jvs065;jvs068;jvs069;jvs070;jvs071;jvs073;jvs075;jvs078;jvs080;jvs082;jvs083;jvs084;jvs086;jvs087;jvs088;jvs090;jvs091;jvs093;jvs095;jvs097;jvs099;jvs100,0.8381473877967431,1.4654503757731345,0.5741131918736673,1.35013829876829,22.331855458258346,0.19597074700026343,0.33458860316301686,0.49380641595188857,0.6452483378376878,0.07015301130856713,train_speakers_only
JVS_JVSMuSiC,wavlm_l12,12,71,jvs002;jvs003;jvs004;jvs005;jvs006;jvs010;jvs011;jvs012;jvs013;jvs014;jvs016;jvs018;jvs019;jvs021;jvs022;jvs024;jvs025;jvs026;jvs027;jvs029;jvs031;jvs032;jvs034;jvs037;jvs039;jvs042;jvs043;jvs044;jvs045;jvs047;jvs048;jvs049;jvs050;jvs052;jvs053;jvs054;jvs055;jvs059;jvs061;jvs062;jvs065;jvs066;jvs067;jvs068;jvs069;jvs070;jvs073;jvs074;jvs075;jvs077;jvs079;jvs080;jvs083;jvs084;jvs086;jvs088;jvs089;jvs092;jvs093;jvs098,0.8253337411167431,1.4432378920000601,0.5881137672099879,1.3211197138661297,22.52885128242452,0.18605317192892126,0.3130084370181164,0.48159365703827167,0.6517280108705136,0.06988759276924003,train_speakers_only
JVS_JVSMuSiC,wavlm_l12,12,73,jvs001;jvs002;jvs005;jvs006;jvs009;jvs011;jvs012;jvs013;jvs017;jvs018;jvs019;jvs020;jvs021;jvs023;jvs025;jvs026;jvs027;jvs032;jvs034;jvs035;jvs036;jvs037;jvs038;jvs039;jvs042;jvs043;jvs048;jvs050;jvs052;jvs058;jvs059;jvs062;jvs063;jvs064;jvs067;jvs068;jvs069;jvs071;jvs072;jvs076;jvs077;jvs079;jvs080;jvs081;jvs082;jvs083;jvs084;jvs086;jvs087;jvs088;jvs089;jvs090;jvs091;jvs094;jvs095;jvs096;jvs097;jvs098;jvs099;jvs100,0.820528618569337,1.4351944883690089,0.59597728428918,1.3090283175552369,22.233776886947627,0.21042643010977993,0.3240644978813443,0.4925403429461803,0.6486322069128581,0.08020456391700426,train_speakers_only
JVS_JVSMuSiC,wavlm_l12,12,79,jvs001;jvs002;jvs003;jvs006;jvs007;jvs010;jvs011;jvs012;jvs014;jvs016;jvs018;jvs019;jvs021;jvs022;jvs023;jvs028;jvs029;jvs032;jvs033;jvs034;jvs035;jvs036;jvs037;jvs038;jvs040;jvs047;jvs048;jvs049;jvs050;jvs051;jvs052;jvs053;jvs055;jvs056;jvs057;jvs059;jvs060;jvs062;jvs063;jvs064;jvs065;jvs068;jvs070;jvs072;jvs073;jvs074;jvs075;jvs076;jvs079;jvs080;jvs081;jvs082;jvs086;jvs087;jvs092;jvs093;jvs094;jvs097;jvs098;jvs100,0.8419136780502443,1.419103718709353,0.5575334408101386,1.3087424123671347,26.09270730784095,0.14859677949878503,0.263440933616484,0.423577225739687,0.6063450907507555,0.04860083372779103,train_speakers_only
JVS_JVSMuSiC,wavlm_l12,12,83,jvs002;jvs003;jvs004;jvs005;jvs010;jvs011;jvs013;jvs014;jvs017;jvs018;jvs019;jvs022;jvs024;jvs025;jvs026;jvs029;jvs030;jvs033;jvs034;jvs035;jvs037;jvs039;jvs040;jvs043;jvs044;jvs046;jvs047;jvs048;jvs049;jvs050;jvs051;jvs052;jvs054;jvs055;jvs057;jvs058;jvs060;jvs061;jvs062;jvs063;jvs064;jvs065;jvs068;jvs069;jvs070;jvs073;jvs074;jvs078;jvs079;jvs082;jvs083;jvs084;jvs087;jvs088;jvs089;jvs090;jvs092;jvs096;jvs097;jvs099,0.8290937407573786,1.4423330848013065,0.5808889096183526,1.3240877141224143,23.253623367104634,0.19897783512765443,0.3224077710497148,0.4714120340611254,0.6299247986865705,0.07312936191263882,train_speakers_only
JVS_JVSMuSiC,wavlm_l12,12,89,jvs001;jvs002;jvs003;jvs005;jvs008;jvs009;jvs010;jvs013;jvs014;jvs015;jvs016;jvs018;jvs019;jvs021;jvs024;jvs025;jvs026;jvs028;jvs029;jvs030;jvs031;jvs033;jvs036;jvs037;jvs038;jvs042;jvs043;jvs044;jvs046;jvs047;jvs049;jvs052;jvs054;jvs056;jvs058;jvs060;jvs061;jvs063;jvs064;jvs065;jvs067;jvs071;jvs072;jvs073;jvs074;jvs076;jvs078;jvs079;jvs080;jvs081;jvs083;jvs084;jvs085;jvs086;jvs091;jvs094;jvs095;jvs096;jvs099;jvs100,0.8184320304535757,1.4520053912448856,0.6033775001717072,1.3240054934239975,22.09784289602979,0.2011473234922333,0.33712551382900147,0.49438618896289654,0.648086603559642,0.07955174126837654,train_speakers_only
JVS_JVSMuSiC,wavlm_l12,12,97,jvs003;jvs004;jvs005;jvs006;jvs007;jvs008;jvs009;jvs010;jvs011;jvs013;jvs014;jvs015;jvs017;jvs018;jvs021;jvs022;jvs023;jvs024;jvs026;jvs029;jvs030;jvs032;jvs034;jvs035;jvs037;jvs038;jvs039;jvs040;jvs043;jvs045;jvs048;jvs049;jvs050;jvs051;jvs052;jvs054;jvs055;jvs057;jvs058;jvs059;jvs066;jvs067;jvs068;jvs069;jvs072;jvs073;jvs074;jvs077;jvs080;jvs081;jvs082;jvs083;jvs086;jvs087;jvs089;jvs090;jvs093;jvs094;jvs096;jvs099,0.8353240373782778,1.442727395524033,0.5755999264560712,1.3276400344630537,23.867507255866037,0.1824060984275023,0.29833148788737457,0.4571328764951799,0.627402928722978,0.06445765544088616,train_speakers_only
