dataset,model,layer,reference_budget,variant,rows,R1_mean,R1_p2_5,R1_p97_5,R5_mean,R5_p2_5,R5_p97_5,mean_rank_mean,mean_rank_p2_5,mean_rank_p97_5,MRR_mean,MRR_p2_5,MRR_p97_5,EER_test_descriptive_mean,EER_test_descriptive_p2_5,EER_test_descriptive_p97_5,TMR_at_FMR_1pct_mean,TMR_at_FMR_1pct_p2_5,TMR_at_FMR_1pct_p97_5,TMR_at_FMR_0_1pct_mean,TMR_at_FMR_0_1pct_p2_5,TMR_at_FMR_0_1pct_p97_5,genuine_score_mean_mean,genuine_score_mean_p2_5,genuine_score_mean_p97_5,impostor_score_mean_mean,impostor_score_mean_p2_5,impostor_score_mean_p97_5,genuine_minus_impostor_mean,genuine_minus_impostor_p2_5,genuine_minus_impostor_p97_5
JVS_JVSMuSiC,wavlm_l12,12,1,correct_sign_global,20,0.2825,0.1,0.4,0.68,0.55,0.8,4.942499999999999,3.7475,5.9262500000000005,0.4609255078963864,0.33489430014430016,0.5573115079365079,0.34973684210526307,0.29930921052631576,0.40371710526315785,0.0,0.0,0.0,0.0,0.0,0.0,0.9903299560452707,0.9889106080097333,0.9916410510747791,0.9877091221736081,0.985391413784301,0.9894744203478968,0.002620833871662559,0.0015793377532651337,0.0038073618434058985
JVS_JVSMuSiC,wavlm_l12,12,1,raw,20,0.11750000000000001,0.05,0.22624999999999992,0.40750000000000003,0.27375,0.5,8.3475,7.62375,9.25,0.26863024499150656,0.2324334557395219,0.3371382887945387,0.43717105263157896,0.36812500000000004,0.5006907894736842,0.01,0.0,0.07624999999999993,0.005,0.0,0.05,0.9658669015461268,0.9616602883753272,0.9694661180292381,0.9631632229678935,0.9591029654309949,0.9666197830638952,0.002703678578233415,0.001589005970489893,0.0039395938683180086
JVS_JVSMuSiC,wavlm_l12,12,10,correct_sign_global,20,0.3475,0.25,0.45,0.7525000000000001,0.65,0.87625,4.175000000000001,2.70375,5.0575,0.5264640827331423,0.4511629318394024,0.6261562499999999,0.2633552631578947,0.17513157894736842,0.3483552631578946,0.1075,0.023750000000000004,0.25249999999999984,0.027500000000000004,0.0,0.1,0.9948624557180464,0.9933355191205216,0.9956741667011907,0.9922219234154988,0.9899062514527753,0.9933328065517645,0.002640532302547688,0.0019834805978690335,0.003577534128130638
JVS_JVSMuSiC,wavlm_l12,12,10,raw,20,0.1325,0.05,0.25249999999999984,0.4,0.27375,0.5524999999999999,8.385,7.595,9.03125,0.27317948353890686,0.22816501727439228,0.3583398332618533,0.41986842105263167,0.3742763157894737,0.4548355263157895,0.01,0.0,0.05,0.0,0.0,0.0,0.970795860250591,0.9683779989535153,0.9733376729930352,0.9680658846280498,0.9648729101944566,0.9708151218472669,0.0027299756225415027,0.0020398640719344746,0.0037175018282014274
JVS_JVSMuSiC,wavlm_l12,12,2,correct_sign_global,20,0.3325,0.22375,0.42624999999999996,0.71,0.5975,0.8024999999999999,4.5275,3.61875,5.433749999999999,0.5004354561309862,0.40555297827172826,0.5786045884262796,0.2950657894736842,0.2025,0.353453947368421,0.0025,0.0,0.02624999999999993,0.0,0.0,0.0,0.9929885884259722,0.991919153574253,0.993927351766694,0.9903591567632786,0.9884248831057226,0.9915723415827458,0.0026294316626937096,0.0018371971113287089,0.003549927865240518
JVS_JVSMuSiC,wavlm_l12,12,2,raw,20,0.13500000000000004,0.07375000000000001,0.27624999999999994,0.4,0.3,0.55,8.332499999999998,7.52375,9.354999999999999,0.27528825930906037,0.2297335383162589,0.3703951084121846,0.43217105263157896,0.355,0.498125,0.017499999999999998,0.0,0.05,0.0025,0.0,0.02624999999999993,0.9691009477780611,0.9660725076154373,0.9717254252273247,0.9663826523779566,0.9637317014183856,0.9692086523699933,0.0027182954001044703,0.0018879879169046072,0.0036796127708697
JVS_JVSMuSiC,wavlm_l12,12,5,correct_sign_global,20,0.3475,0.2,0.45,0.7525,0.65,0.85,4.2425,3.0974999999999997,5.4,0.523207886003745,0.41694158721180774,0.6142912895927601,0.26874999999999993,0.20062500000000003,0.35,0.045000000000000005,0.0,0.15,0.005,0.0,0.05,0.9944488725986759,0.9929573474046344,0.9951826156634495,0.9918374855056582,0.9896666702200226,0.9928709604003423,0.002611387093017348,0.001959854581746498,0.0034271572194569363
JVS_JVSMuSiC,wavlm_l12,12,5,raw,20,0.1375,0.05,0.3,0.39249999999999996,0.27375,0.5,8.3175,7.4975,8.928749999999999,0.2763017654644977,0.23316924629700364,0.3865083170989227,0.4275657894736843,0.3986184210526316,0.4567763157894737,0.015,0.0,0.07624999999999993,0.0025,0.0,0.02624999999999993,0.9703856104896479,0.968387790022081,0.9728446072459689,0.9676853642309148,0.9649496400669585,0.9702659714032664,0.002700246258733241,0.0020140925411868764,0.003557769088673357
JVS_JVSMuSiC,wavlm_l12,12,full,correct_sign_global,20,0.36249999999999993,0.25,0.45,0.76,0.65,0.87625,4.0875,2.75875,5.2075,0.5402370736311333,0.45688534035409034,0.633080357142857,0.2658552631578947,0.17865131578947369,0.349375,0.14500000000000005,0.05,0.35,0.07,0.0,0.15,0.995140032888723,0.9937161212483958,0.9958757442831184,0.9925043458819275,0.9903873619993956,0.993582702677552,0.0026356870067956784,0.0019690776758081565,0.003491241304144665
JVS_JVSMuSiC,wavlm_l12,12,full,raw,20,0.13500000000000004,0.07375000000000001,0.27624999999999994,0.4025,0.27375,0.5524999999999999,8.33,7.495,9.03125,0.2757876437610377,0.23668734640295205,0.37495433436532494,0.4209868421052632,0.39378289473684214,0.45,0.030000000000000006,0.0,0.12624999999999992,0.0,0.0,0.0,0.9711471212032535,0.9690366317505912,0.973828689885039,0.9684225384860042,0.9657574772651769,0.9712613791811573,0.0027245827172491634,0.0020184972550326835,0.0036266075693128477
