dataset,model,layer,split_seed,reference_budget,reference_draw,effective_reference_min,effective_reference_max,variant,test_speakers,gallery,R1,R5,mean_rank,MRR,EER_test_descriptive,genuine_score_mean,impostor_score_mean,genuine_minus_impostor,test_genuine_trials,test_impostor_trials,train_genuine_trials,train_impostor_trials,TMR_at_FMR_1pct,TMR_at_FMR_1pct_status,TMR_at_FMR_1pct_train_threshold,TMR_at_FMR_1pct_train_FMR,TMR_at_FMR_0_1pct,TMR_at_FMR_0_1pct_status,TMR_at_FMR_0_1pct_train_threshold,TMR_at_FMR_0_1pct_train_FMR
JVS_JVSMuSiC,wavlm_l12,12,13,1,0,1,1,raw,jvs005;jvs006;jvs010;jvs019;jvs020;jvs022;jvs027;jvs032;jvs041;jvs042;jvs044;jvs057;jvs058;jvs061;jvs063;jvs072;jvs076;jvs086;jvs095;jvs097,full_test_singing_centroid_per_speaker,0.1,0.45,7.6,0.260364010989011,0.35,0.9655347795128998,0.9630171346013152,0.002517644911584571,20,380,60,3540,0.0,train_calibrated,0.9816736448132735,0.009887005649717515,0.0,train_calibrated,0.984366202060398,0.000847457627118644
JVS_JVSMuSiC,wavlm_l12,12,13,1,0,1,1,correct_sign_global,jvs005;jvs006;jvs010;jvs019;jvs020;jvs022;jvs027;jvs032;jvs041;jvs042;jvs044;jvs057;jvs058;jvs061;jvs063;jvs072;jvs076;jvs086;jvs095;jvs097,full_test_singing_centroid_per_speaker,0.4,0.65,4.8,0.5255494505494505,0.35,0.9910592548863966,0.9886089013088116,0.0024503535775849405,20,380,60,3540,0.0,train_calibrated,0.997071916652325,0.009887005649717515,0.0,train_calibrated,0.997700772223628,0.000847457627118644
JVS_JVSMuSiC,wavlm_l12,12,13,2,0,2,2,raw,jvs005;jvs006;jvs010;jvs019;jvs020;jvs022;jvs027;jvs032;jvs041;jvs042;jvs044;jvs057;jvs058;jvs061;jvs063;jvs072;jvs076;jvs086;jvs095;jvs097,full_test_singing_centroid_per_speaker,0.1,0.55,7.55,0.26318394024276376,0.35,0.9707934210359538,0.9682618918244432,0.0025315292115105636,20,380,60,3540,0.0,train_calibrated,0.9816736448132735,0.009887005649717515,0.0,train_calibrated,0.984366202060398,0.000847457627118644
JVS_JVSMuSiC,wavlm_l12,12,13,2,0,2,2,correct_sign_global,jvs005;jvs006;jvs010;jvs019;jvs020;jvs022;jvs027;jvs032;jvs041;jvs042;jvs044;jvs057;jvs058;jvs061;jvs063;jvs072;jvs076;jvs086;jvs095;jvs097,full_test_singing_centroid_per_speaker,0.35,0.7,4.55,0.48734126984126974,0.3,0.9935912664113117,0.9911330120940901,0.0024582543172215754,20,380,60,3540,0.0,train_calibrated,0.997071916652325,0.009887005649717515,0.0,train_calibrated,0.997700772223628,0.000847457627118644
JVS_JVSMuSiC,wavlm_l12,12,13,5,0,5,5,raw,jvs005;jvs006;jvs010;jvs019;jvs020;jvs022;jvs027;jvs032;jvs041;jvs042;jvs044;jvs057;jvs058;jvs061;jvs063;jvs072;jvs076;jvs086;jvs095;jvs097,full_test_singing_centroid_per_speaker,0.15,0.5,7.45,0.28106617647058824,0.4,0.9722571434979388,0.9696382161880368,0.002618927309901986,20,380,60,3540,0.0,train_calibrated,0.9816736448132735,0.009887005649717515,0.0,train_calibrated,0.984366202060398,0.000847457627118644
JVS_JVSMuSiC,wavlm_l12,12,13,5,0,5,5,correct_sign_global,jvs005;jvs006;jvs010;jvs019;jvs020;jvs022;jvs027;jvs032;jvs041;jvs042;jvs044;jvs057;jvs058;jvs061;jvs063;jvs072;jvs076;jvs086;jvs095;jvs097,full_test_singing_centroid_per_speaker,0.35,0.8,3.85,0.5299621212121213,0.2118421052631579,0.995104435774303,0.9925633581014055,0.0025410776728974627,20,380,60,3540,0.1,train_calibrated,0.997071916652325,0.009887005649717515,0.0,train_calibrated,0.997700772223628,0.000847457627118644
JVS_JVSMuSiC,wavlm_l12,12,13,10,0,10,10,raw,jvs005;jvs006;jvs010;jvs019;jvs020;jvs022;jvs027;jvs032;jvs041;jvs042;jvs044;jvs057;jvs058;jvs061;jvs063;jvs072;jvs076;jvs086;jvs095;jvs097,full_test_singing_centroid_per_speaker,0.15,0.6,7.5,0.2896078431372549,0.3605263157894737,0.9722405055877037,0.9696519734009766,0.002588532186727055,20,380,60,3540,0.0,train_calibrated,0.9816736448132735,0.009887005649717515,0.0,train_calibrated,0.984366202060398,0.000847457627118644
JVS_JVSMuSiC,wavlm_l12,12,13,10,0,10,10,correct_sign_global,jvs005;jvs006;jvs010;jvs019;jvs020;jvs022;jvs027;jvs032;jvs041;jvs042;jvs044;jvs057;jvs058;jvs061;jvs063;jvs072;jvs076;jvs086;jvs095;jvs097,full_test_singing_centroid_per_speaker,0.4,0.8,3.9,0.5757905982905983,0.20263157894736844,0.995440528595217,0.9929251073345146,0.0025154212607024773,20,380,60,3540,0.15,train_calibrated,0.997071916652325,0.009887005649717515,0.05,train_calibrated,0.997700772223628,0.000847457627118644
JVS_JVSMuSiC,wavlm_l12,12,13,full,0,20,20,raw,jvs005;jvs006;jvs010;jvs019;jvs020;jvs022;jvs027;jvs032;jvs041;jvs042;jvs044;jvs057;jvs058;jvs061;jvs063;jvs072;jvs076;jvs086;jvs095;jvs097,full_test_singing_centroid_per_speaker,0.15,0.6,7.4,0.2882983193277311,0.38815789473684215,0.9727622289426059,0.970121518134044,0.0026407108085618747,20,380,60,3540,0.0,train_calibrated,0.9816736448132735,0.009887005649717515,0.0,train_calibrated,0.984366202060398,0.000847457627118644
JVS_JVSMuSiC,wavlm_l12,12,13,full,0,20,20,correct_sign_global,jvs005;jvs006;jvs010;jvs019;jvs020;jvs022;jvs027;jvs032;jvs041;jvs042;jvs044;jvs057;jvs058;jvs061;jvs063;jvs072;jvs076;jvs086;jvs095;jvs097,full_test_singing_centroid_per_speaker,0.45,0.85,3.55,0.6128739316239316,0.1986842105263158,0.9957489962635749,0.9931830291408679,0.002565967122707069,20,380,60,3540,0.2,train_calibrated,0.997071916652325,0.009887005649717515,0.15,train_calibrated,0.997700772223628,0.000847457627118644
JVS_JVSMuSiC,wavlm_l12,12,17,1,0,1,1,raw,jvs002;jvs011;jvs030;jvs040;jvs042;jvs048;jvs050;jvs056;jvs063;jvs065;jvs069;jvs073;jvs075;jvs076;jvs080;jvs083;jvs086;jvs090;jvs091;jvs097,full_test_singing_centroid_per_speaker,0.25,0.5,8.0,0.3533549783549783,0.39210526315789473,0.9691046089097979,0.9667435879597379,0.0023610209500599666,20,380,60,3540,0.0,train_calibrated,0.9807363157439064,0.009887005649717515,0.0,train_calibrated,0.982870990688802,0.000847457627118644
JVS_JVSMuSiC,wavlm_l12,12,17,1,0,1,1,correct_sign_global,jvs002;jvs011;jvs030;jvs040;jvs042;jvs048;jvs050;jvs056;jvs063;jvs065;jvs069;jvs073;jvs075;jvs076;jvs080;jvs083;jvs086;jvs090;jvs091;jvs097,full_test_singing_centroid_per_speaker,0.25,0.75,4.55,0.4500582750582751,0.35,0.9905638772937323,0.9882658593480775,0.0022980179456547623,20,380,60,3540,0.0,train_calibrated,0.9968598560871347,0.009887005649717515,0.0,train_calibrated,0.9975138769898314,0.000847457627118644
JVS_JVSMuSiC,wavlm_l12,12,17,2,0,2,2,raw,jvs002;jvs011;jvs030;jvs040;jvs042;jvs048;jvs050;jvs056;jvs063;jvs065;jvs069;jvs073;jvs075;jvs076;jvs080;jvs083;jvs086;jvs090;jvs091;jvs097,full_test_singing_centroid_per_speaker,0.3,0.45,8.35,0.387161860757062,0.5,0.9720510551283541,0.9695949242505292,0.0024561308778249247,20,380,60,3540,0.05,train_calibrated,0.9807363157439064,0.009887005649717515,0.05,train_calibrated,0.982870990688802,0.000847457627118644
JVS_JVSMuSiC,wavlm_l12,12,17,2,0,2,2,correct_sign_global,jvs002;jvs011;jvs030;jvs040;jvs042;jvs048;jvs050;jvs056;jvs063;jvs065;jvs069;jvs073;jvs075;jvs076;jvs080;jvs083;jvs086;jvs090;jvs091;jvs097,full_test_singing_centroid_per_speaker,0.35,0.65,4.8,0.4878607503607505,0.3460526315789474,0.9936839260057386,0.9912933619289244,0.002390564076814261,20,380,60,3540,0.0,train_calibrated,0.9968598560871347,0.009887005649717515,0.0,train_calibrated,0.9975138769898314,0.000847457627118644
JVS_JVSMuSiC,wavlm_l12,12,17,5,0,5,5,raw,jvs002;jvs011;jvs030;jvs040;jvs042;jvs048;jvs050;jvs056;jvs063;jvs065;jvs069;jvs073;jvs075;jvs076;jvs080;jvs083;jvs086;jvs090;jvs091;jvs097,full_test_singing_centroid_per_speaker,0.3,0.45,8.1,0.3963582893284905,0.4052631578947369,0.9730774517717944,0.9703299028603501,0.002747548911444242,20,380,60,3540,0.0,train_calibrated,0.9807363157439064,0.009887005649717515,0.0,train_calibrated,0.982870990688802,0.000847457627118644
JVS_JVSMuSiC,wavlm_l12,12,17,5,0,5,5,correct_sign_global,jvs002;jvs011;jvs030;jvs040;jvs042;jvs048;jvs050;jvs056;jvs063;jvs065;jvs069;jvs073;jvs075;jvs076;jvs080;jvs083;jvs086;jvs090;jvs091;jvs097,full_test_singing_centroid_per_speaker,0.45,0.75,3.8,0.5732539682539682,0.25,0.9952533498488677,0.9925917081690093,0.002661641679858384,20,380,60,3540,0.05,train_calibrated,0.9968598560871347,0.009887005649717515,0.0,train_calibrated,0.9975138769898314,0.000847457627118644
JVS_JVSMuSiC,wavlm_l12,12,17,10,0,10,10,raw,jvs002;jvs011;jvs030;jvs040;jvs042;jvs048;jvs050;jvs056;jvs063;jvs065;jvs069;jvs073;jvs075;jvs076;jvs080;jvs083;jvs086;jvs090;jvs091;jvs097,full_test_singing_centroid_per_speaker,0.3,0.45,8.1,0.38962478891077956,0.4,0.9736596895096923,0.9710614455009858,0.0025982440087064518,20,380,60,3540,0.0,train_calibrated,0.9807363157439064,0.009887005649717515,0.0,train_calibrated,0.982870990688802,0.000847457627118644
JVS_JVSMuSiC,wavlm_l12,12,17,10,0,10,10,correct_sign_global,jvs002;jvs011;jvs030;jvs040;jvs042;jvs048;jvs050;jvs056;jvs063;jvs065;jvs069;jvs073;jvs075;jvs076;jvs080;jvs083;jvs086;jvs090;jvs091;jvs097,full_test_singing_centroid_per_speaker,0.4,0.65,4.15,0.5590990259740259,0.25,0.9956229277231105,0.9931017616554547,0.0025211660676557335,20,380,60,3540,0.3,train_calibrated,0.9968598560871347,0.009887005649717515,0.0,train_calibrated,0.9975138769898314,0.000847457627118644
JVS_JVSMuSiC,wavlm_l12,12,17,full,0,20,20,raw,jvs002;jvs011;jvs030;jvs040;jvs042;jvs048;jvs050;jvs056;jvs063;jvs065;jvs069;jvs073;jvs075;jvs076;jvs080;jvs083;jvs086;jvs090;jvs091;jvs097,full_test_singing_centroid_per_speaker,0.3,0.45,8.2,0.3956944137304043,0.4052631578947369,0.9741804049882713,0.9715614245443679,0.002618980443903407,20,380,60,3540,0.1,train_calibrated,0.9807363157439064,0.009887005649717515,0.0,train_calibrated,0.982870990688802,0.000847457627118644
JVS_JVSMuSiC,wavlm_l12,12,17,full,0,20,20,correct_sign_global,jvs002;jvs011;jvs030;jvs040;jvs042;jvs048;jvs050;jvs056;jvs063;jvs065;jvs069;jvs073;jvs075;jvs076;jvs080;jvs083;jvs086;jvs090;jvs091;jvs097,full_test_singing_centroid_per_speaker,0.45,0.65,4.15,0.5736011904761905,0.25,0.9958494663996096,0.9933099332908464,0.0025395331087632034,20,380,60,3540,0.35,train_calibrated,0.9968598560871347,0.009887005649717515,0.15,train_calibrated,0.9975138769898314,0.000847457627118644
JVS_JVSMuSiC,wavlm_l12,12,19,1,0,1,1,raw,jvs003;jvs009;jvs023;jvs030;jvs039;jvs040;jvs046;jvs051;jvs052;jvs055;jvs056;jvs062;jvs065;jvs073;jvs080;jvs083;jvs084;jvs088;jvs092;jvs099,full_test_singing_centroid_per_speaker,0.1,0.45,8.4,0.26027733596812547,0.4421052631578948,0.9627929224610924,0.9591389961865736,0.0036539262745187706,20,380,60,3540,0.0,train_calibrated,0.9818478101931511,0.009887005649717515,0.0,train_calibrated,0.9831783934099845,0.000847457627118644
JVS_JVSMuSiC,wavlm_l12,12,19,1,0,1,1,correct_sign_global,jvs003;jvs009;jvs023;jvs030;jvs039;jvs040;jvs046;jvs051;jvs052;jvs055;jvs056;jvs062;jvs065;jvs073;jvs080;jvs083;jvs084;jvs088;jvs092;jvs099,full_test_singing_centroid_per_speaker,0.4,0.8,4.15,0.5671825396825396,0.3592105263157894,0.9890656229865495,0.9855268356356197,0.0035387873509298284,20,380,60,3540,0.0,train_calibrated,0.9971638393019705,0.009887005649717515,0.0,train_calibrated,0.9976726962028457,0.000847457627118644
JVS_JVSMuSiC,wavlm_l12,12,19,2,0,2,2,raw,jvs003;jvs009;jvs023;jvs030;jvs039;jvs040;jvs046;jvs051;jvs052;jvs055;jvs056;jvs062;jvs065;jvs073;jvs080;jvs083;jvs084;jvs088;jvs092;jvs099,full_test_singing_centroid_per_speaker,0.1,0.45,8.55,0.24917288486367437,0.45,0.9679050269983336,0.9647105784424694,0.003194448555864149,20,380,60,3540,0.0,train_calibrated,0.9818478101931511,0.009887005649717515,0.0,train_calibrated,0.9831783934099845,0.000847457627118644
JVS_JVSMuSiC,wavlm_l12,12,19,2,0,2,2,correct_sign_global,jvs003;jvs009;jvs023;jvs030;jvs039;jvs040;jvs046;jvs051;jvs052;jvs055;jvs056;jvs062;jvs065;jvs073;jvs080;jvs083;jvs084;jvs088;jvs092;jvs099,full_test_singing_centroid_per_speaker,0.4,0.75,4.25,0.566031746031746,0.3,0.9921872989623223,0.9891007761243156,0.0030865228380067,20,380,60,3540,0.0,train_calibrated,0.9971638393019705,0.009887005649717515,0.0,train_calibrated,0.9976726962028457,0.000847457627118644
JVS_JVSMuSiC,wavlm_l12,12,19,5,0,5,5,raw,jvs003;jvs009;jvs023;jvs030;jvs039;jvs040;jvs046;jvs051;jvs052;jvs055;jvs056;jvs062;jvs065;jvs073;jvs080;jvs083;jvs084;jvs088;jvs092;jvs099,full_test_singing_centroid_per_speaker,0.1,0.4,8.65,0.23490340434419382,0.4,0.9699116206712262,0.9667529747975416,0.003158645873684529,20,380,60,3540,0.0,train_calibrated,0.9818478101931511,0.009887005649717515,0.0,train_calibrated,0.9831783934099845,0.000847457627118644
JVS_JVSMuSiC,wavlm_l12,12,19,5,0,5,5,correct_sign_global,jvs003;jvs009;jvs023;jvs030;jvs039;jvs040;jvs046;jvs051;jvs052;jvs055;jvs056;jvs062;jvs065;jvs073;jvs080;jvs083;jvs084;jvs088;jvs092;jvs099,full_test_singing_centroid_per_speaker,0.4,0.85,3.6,0.6042628205128204,0.3092105263157895,0.9940524628855674,0.9910084454892375,0.003044017396329868,20,380,60,3540,0.0,train_calibrated,0.9971638393019705,0.009887005649717515,0.0,train_calibrated,0.9976726962028457,0.000847457627118644
JVS_JVSMuSiC,wavlm_l12,12,19,10,0,10,10,raw,jvs003;jvs009;jvs023;jvs030;jvs039;jvs040;jvs046;jvs051;jvs052;jvs055;jvs056;jvs062;jvs065;jvs073;jvs080;jvs083;jvs084;jvs088;jvs092;jvs099,full_test_singing_centroid_per_speaker,0.1,0.4,8.9,0.23399250968329915,0.45,0.9696289921091582,0.9663717989645991,0.0032571931445590785,20,380,60,3540,0.0,train_calibrated,0.9818478101931511,0.009887005649717515,0.0,train_calibrated,0.9831783934099845,0.000847457627118644
JVS_JVSMuSiC,wavlm_l12,12,19,10,0,10,10,correct_sign_global,jvs003;jvs009;jvs023;jvs030;jvs039;jvs040;jvs046;jvs051;jvs052;jvs055;jvs056;jvs062;jvs065;jvs073;jvs080;jvs083;jvs084;jvs088;jvs092;jvs099,full_test_singing_centroid_per_speaker,0.4,0.8,4.05,0.5614652014652014,0.2934210526315789,0.994336171936774,0.9911980763159447,0.00313809562082934,20,380,60,3540,0.05,train_calibrated,0.9971638393019705,0.009887005649717515,0.0,train_calibrated,0.9976726962028457,0.000847457627118644
JVS_JVSMuSiC,wavlm_l12,12,19,full,0,20,20,raw,jvs003;jvs009;jvs023;jvs030;jvs039;jvs040;jvs046;jvs051;jvs052;jvs055;jvs056;jvs062;jvs065;jvs073;jvs080;jvs083;jvs084;jvs088;jvs092;jvs099,full_test_singing_centroid_per_speaker,0.1,0.4,8.85,0.23381860678880803,0.4421052631578948,0.9701998862642132,0.9670274736501654,0.0031724126140477704,20,380,60,3540,0.0,train_calibrated,0.9818478101931511,0.009887005649717515,0.0,train_calibrated,0.9831783934099845,0.000847457627118644
JVS_JVSMuSiC,wavlm_l12,12,19,full,0,20,20,correct_sign_global,jvs003;jvs009;jvs023;jvs030;jvs039;jvs040;jvs046;jvs051;jvs052;jvs055;jvs056;jvs062;jvs065;jvs073;jvs080;jvs083;jvs084;jvs088;jvs092;jvs099,full_test_singing_centroid_per_speaker,0.45,0.85,3.6,0.6171428571428571,0.3013157894736842,0.9947001797793533,0.9916441063418411,0.003056073437512241,20,380,60,3540,0.15,train_calibrated,0.9971638393019705,0.009887005649717515,0.05,train_calibrated,0.9976726962028457,0.000847457627118644
JVS_JVSMuSiC,wavlm_l12,12,23,1,0,1,1,raw,jvs005;jvs012;jvs015;jvs018;jvs020;jvs032;jvs033;jvs035;jvs044;jvs048;jvs051;jvs053;jvs055;jvs057;jvs061;jvs063;jvs069;jvs070;jvs092;jvs095,full_test_singing_centroid_per_speaker,0.1,0.5,7.9,0.2777939166097061,0.5,0.9646720875228798,0.9614326632666123,0.0032394242562675535,20,380,60,3540,0.0,train_calibrated,0.9821715999863242,0.009887005649717515,0.0,train_calibrated,0.984366202060398,0.000847457627118644
JVS_JVSMuSiC,wavlm_l12,12,23,1,0,1,1,correct_sign_global,jvs005;jvs012;jvs015;jvs018;jvs020;jvs032;jvs033;jvs035;jvs044;jvs048;jvs051;jvs053;jvs055;jvs057;jvs061;jvs063;jvs069;jvs070;jvs092;jvs095,full_test_singing_centroid_per_speaker,0.35,0.8,3.7,0.5228409090909091,0.35,0.9906853475355548,0.9875178726822654,0.003167474853289387,20,380,60,3540,0.0,train_calibrated,0.9971370712342247,0.009887005649717515,0.0,train_calibrated,0.9976470544712375,0.000847457627118644
JVS_JVSMuSiC,wavlm_l12,12,23,2,0,2,2,raw,jvs005;jvs012;jvs015;jvs018;jvs020;jvs032;jvs033;jvs035;jvs044;jvs048;jvs051;jvs053;jvs055;jvs057;jvs061;jvs063;jvs069;jvs070;jvs092;jvs095,full_test_singing_centroid_per_speaker,0.2,0.4,8.0,0.3136806687464582,0.4,0.9690547979234205,0.9663061592062745,0.0027486387171460347,20,380,60,3540,0.0,train_calibrated,0.9821715999863242,0.009887005649717515,0.0,train_calibrated,0.984366202060398,0.000847457627118644
JVS_JVSMuSiC,wavlm_l12,12,23,2,0,2,2,correct_sign_global,jvs005;jvs012;jvs015;jvs018;jvs020;jvs032;jvs033;jvs035;jvs044;jvs048;jvs051;jvs053;jvs055;jvs057;jvs061;jvs063;jvs069;jvs070;jvs092;jvs095,full_test_singing_centroid_per_speaker,0.4,0.75,3.75,0.5444017094017094,0.20526315789473684,0.9936075804936776,0.9909344476610537,0.0026731328326239367,20,380,60,3540,0.0,train_calibrated,0.9971370712342247,0.009887005649717515,0.0,train_calibrated,0.9976470544712375,0.000847457627118644
JVS_JVSMuSiC,wavlm_l12,12,23,5,0,5,5,raw,jvs005;jvs012;jvs015;jvs018;jvs020;jvs032;jvs033;jvs035;jvs044;jvs048;jvs051;jvs053;jvs055;jvs057;jvs061;jvs063;jvs069;jvs070;jvs092;jvs095,full_test_singing_centroid_per_speaker,0.2,0.45,8.1,0.31037730544309494,0.44342105263157894,0.970329229705098,0.9676844138944758,0.0026448158106222586,20,380,60,3540,0.0,train_calibrated,0.9821715999863242,0.009887005649717515,0.0,train_calibrated,0.984366202060398,0.000847457627118644
JVS_JVSMuSiC,wavlm_l12,12,23,5,0,5,5,correct_sign_global,jvs005;jvs012;jvs015;jvs018;jvs020;jvs032;jvs033;jvs035;jvs044;jvs048;jvs051;jvs053;jvs055;jvs057;jvs061;jvs063;jvs069;jvs070;jvs092;jvs095,full_test_singing_centroid_per_speaker,0.35,0.85,3.15,0.5728787878787879,0.20131578947368423,0.9950736221854475,0.9924967559620134,0.0025768662234341155,20,380,60,3540,0.0,train_calibrated,0.9971370712342247,0.009887005649717515,0.0,train_calibrated,0.9976470544712375,0.000847457627118644
JVS_JVSMuSiC,wavlm_l12,12,23,10,0,10,10,raw,jvs005;jvs012;jvs015;jvs018;jvs020;jvs032;jvs033;jvs035;jvs044;jvs048;jvs051;jvs053;jvs055;jvs057;jvs061;jvs063;jvs069;jvs070;jvs092;jvs095,full_test_singing_centroid_per_speaker,0.15,0.5,8.05,0.2907253805705818,0.4118421052631579,0.9707254836249651,0.9678921077442201,0.0028333758807450593,20,380,60,3540,0.0,train_calibrated,0.9821715999863242,0.009887005649717515,0.0,train_calibrated,0.984366202060398,0.000847457627118644
JVS_JVSMuSiC,wavlm_l12,12,23,10,0,10,10,correct_sign_global,jvs005;jvs012;jvs015;jvs018;jvs020;jvs032;jvs033;jvs035;jvs044;jvs048;jvs051;jvs053;jvs055;jvs057;jvs061;jvs063;jvs069;jvs070;jvs092;jvs095,full_test_singing_centroid_per_speaker,0.45,0.9,2.3,0.6576190476190475,0.15263157894736842,0.9957205257765966,0.9929633991354039,0.002757126641192764,20,380,60,3540,0.05,train_calibrated,0.9971370712342247,0.009887005649717515,0.0,train_calibrated,0.9976470544712375,0.000847457627118644
JVS_JVSMuSiC,wavlm_l12,12,23,full,0,20,20,raw,jvs005;jvs012;jvs015;jvs018;jvs020;jvs032;jvs033;jvs035;jvs044;jvs048;jvs051;jvs053;jvs055;jvs057;jvs061;jvs063;jvs069;jvs070;jvs092;jvs095,full_test_singing_centroid_per_speaker,0.15,0.45,8.0,0.28610111594631715,0.40921052631578947,0.971018510840697,0.9681829275558369,0.0028355832848601104,20,380,60,3540,0.0,train_calibrated,0.9821715999863242,0.009887005649717515,0.0,train_calibrated,0.984366202060398,0.000847457627118644
JVS_JVSMuSiC,wavlm_l12,12,23,full,0,20,20,correct_sign_global,jvs005;jvs012;jvs015;jvs018;jvs020;jvs032;jvs033;jvs035;jvs044;jvs048;jvs051;jvs053;jvs055;jvs057;jvs061;jvs063;jvs069;jvs070;jvs092;jvs095,full_test_singing_centroid_per_speaker,0.45,0.9,2.45,0.6475,0.16052631578947368,0.9958995195110549,0.9931401831065316,0.002759336404523305,20,380,60,3540,0.1,train_calibrated,0.9971370712342247,0.009887005649717515,0.0,train_calibrated,0.9976470544712375,0.000847457627118644
JVS_JVSMuSiC,wavlm_l12,12,29,1,0,1,1,raw,jvs003;jvs004;jvs018;jvs024;jvs027;jvs032;jvs042;jvs045;jvs050;jvs051;jvs052;jvs055;jvs059;jvs062;jvs069;jvs075;jvs076;jvs077;jvs085;jvs090,full_test_singing_centroid_per_speaker,0.15,0.45,8.0,0.29295329670329673,0.4,0.9672123088658855,0.9652986153348567,0.0019136935310287706,20,380,60,3540,0.1,train_calibrated,0.9807775780478618,0.009887005649717515,0.0,train_calibrated,0.982870990688802,0.000847457627118644
JVS_JVSMuSiC,wavlm_l12,12,29,1,0,1,1,correct_sign_global,jvs003;jvs004;jvs018;jvs024;jvs027;jvs032;jvs042;jvs045;jvs050;jvs051;jvs052;jvs055;jvs059;jvs062;jvs069;jvs075;jvs076;jvs077;jvs085;jvs090,full_test_singing_centroid_per_speaker,0.35,0.65,5.8,0.4775564713064712,0.3092105263157895,0.9899960766824458,0.9881245783359432,0.0018714983465025758,20,380,60,3540,0.0,train_calibrated,0.9971007962955863,0.009887005649717515,0.0,train_calibrated,0.9976189758293048,0.000847457627118644
JVS_JVSMuSiC,wavlm_l12,12,29,2,0,2,2,raw,jvs003;jvs004;jvs018;jvs024;jvs027;jvs032;jvs042;jvs045;jvs050;jvs051;jvs052;jvs055;jvs059;jvs062;jvs069;jvs075;jvs076;jvs077;jvs085;jvs090,full_test_singing_centroid_per_speaker,0.15,0.55,8.35,0.2818170922215039,0.45,0.970491209150253,0.9685431371897482,0.001948071960504838,20,380,60,3540,0.05,train_calibrated,0.9807775780478618,0.009887005649717515,0.0,train_calibrated,0.982870990688802,0.000847457627118644
JVS_JVSMuSiC,wavlm_l12,12,29,2,0,2,2,correct_sign_global,jvs003;jvs004;jvs018;jvs024;jvs027;jvs032;jvs042;jvs045;jvs050;jvs051;jvs052;jvs055;jvs059;jvs062;jvs069;jvs075;jvs076;jvs077;jvs085;jvs090,full_test_singing_centroid_per_speaker,0.25,0.7,5.1,0.4534649122807018,0.3486842105263158,0.9928658745959309,0.9909862186337289,0.0018796559622019648,20,380,60,3540,0.0,train_calibrated,0.9971007962955863,0.009887005649717515,0.0,train_calibrated,0.9976189758293048,0.000847457627118644
JVS_JVSMuSiC,wavlm_l12,12,29,5,0,5,5,raw,jvs003;jvs004;jvs018;jvs024;jvs027;jvs032;jvs042;jvs045;jvs050;jvs051;jvs052;jvs055;jvs059;jvs062;jvs069;jvs075;jvs076;jvs077;jvs085;jvs090,full_test_singing_centroid_per_speaker,0.15,0.4,8.5,0.274760656010656,0.45,0.971839335082348,0.9698717695777834,0.0019675655045645613,20,380,60,3540,0.1,train_calibrated,0.9807775780478618,0.009887005649717515,0.0,train_calibrated,0.982870990688802,0.000847457627118644
JVS_JVSMuSiC,wavlm_l12,12,29,5,0,5,5,correct_sign_global,jvs003;jvs004;jvs018;jvs024;jvs027;jvs032;jvs042;jvs045;jvs050;jvs051;jvs052;jvs055;jvs059;jvs062;jvs069;jvs075;jvs076;jvs077;jvs085;jvs090,full_test_singing_centroid_per_speaker,0.35,0.75,4.55,0.527829991645781,0.25394736842105264,0.9944614398912114,0.992546657272531,0.0019147826186803885,20,380,60,3540,0.05,train_calibrated,0.9971007962955863,0.009887005649717515,0.0,train_calibrated,0.9976189758293048,0.000847457627118644
JVS_JVSMuSiC,wavlm_l12,12,29,10,0,10,10,raw,jvs003;jvs004;jvs018;jvs024;jvs027;jvs032;jvs042;jvs045;jvs050;jvs051;jvs052;jvs055;jvs059;jvs062;jvs069;jvs075;jvs076;jvs077;jvs085;jvs090,full_test_singing_centroid_per_speaker,0.15,0.45,8.6,0.26769316059757237,0.4105263157894737,0.9720843271364809,0.9701271701721217,0.0019571569643591635,20,380,60,3540,0.05,train_calibrated,0.9807775780478618,0.009887005649717515,0.0,train_calibrated,0.982870990688802,0.000847457627118644
JVS_JVSMuSiC,wavlm_l12,12,29,10,0,10,10,correct_sign_global,jvs003;jvs004;jvs018;jvs024;jvs027;jvs032;jvs042;jvs045;jvs050;jvs051;jvs052;jvs055;jvs059;jvs062;jvs069;jvs075;jvs076;jvs077;jvs085;jvs090,full_test_singing_centroid_per_speaker,0.35,0.8,4.65,0.5222744360902254,0.3,0.9947751537295966,0.9928721517431207,0.0019030019864758607,20,380,60,3540,0.1,train_calibrated,0.9971007962955863,0.009887005649717515,0.0,train_calibrated,0.9976189758293048,0.000847457627118644
JVS_JVSMuSiC,wavlm_l12,12,29,full,0,20,20,raw,jvs003;jvs004;jvs018;jvs024;jvs027;jvs032;jvs042;jvs045;jvs050;jvs051;jvs052;jvs055;jvs059;jvs062;jvs069;jvs075;jvs076;jvs077;jvs085;jvs090,full_test_singing_centroid_per_speaker,0.15,0.5,8.4,0.2696971288515407,0.4,0.9727686563124394,0.9708015804605096,0.0019670758519297893,20,380,60,3540,0.15,train_calibrated,0.9807775780478618,0.009887005649717515,0.0,train_calibrated,0.982870990688802,0.000847457627118644
JVS_JVSMuSiC,wavlm_l12,12,29,full,0,20,20,correct_sign_global,jvs003;jvs004;jvs018;jvs024;jvs027;jvs032;jvs042;jvs045;jvs050;jvs051;jvs052;jvs055;jvs059;jvs062;jvs069;jvs075;jvs076;jvs077;jvs085;jvs090,full_test_singing_centroid_per_speaker,0.4,0.85,4.5,0.5484649122807017,0.2618421052631579,0.9950709537604243,0.9931552460017542,0.0019157077586701154,20,380,60,3540,0.2,train_calibrated,0.9971007962955863,0.009887005649717515,0.05,train_calibrated,0.9976189758293048,0.000847457627118644
JVS_JVSMuSiC,wavlm_l12,12,31,1,0,1,1,raw,jvs009;jvs010;jvs015;jvs017;jvs019;jvs027;jvs031;jvs032;jvs036;jvs042;jvs045;jvs046;jvs052;jvs065;jvs066;jvs071;jvs084;jvs086;jvs088;jvs098,full_test_singing_centroid_per_speaker,0.1,0.35,8.5,0.2462370268620268,0.45,0.9641160118248118,0.9603545833669216,0.0037614284578901813,20,380,60,3540,0.0,train_calibrated,0.9808880349276441,0.009887005649717515,0.0,train_calibrated,0.984366202060398,0.000847457627118644
JVS_JVSMuSiC,wavlm_l12,12,31,1,0,1,1,correct_sign_global,jvs009;jvs010;jvs015;jvs017;jvs019;jvs027;jvs031;jvs032;jvs036;jvs042;jvs045;jvs046;jvs052;jvs065;jvs066;jvs071;jvs084;jvs086;jvs088;jvs098,full_test_singing_centroid_per_speaker,0.4,0.65,4.8,0.5464014202172096,0.35,0.9888800058917733,0.9852688892521554,0.003611116639617884,20,380,60,3540,0.0,train_calibrated,0.9970899172005135,0.009887005649717515,0.0,train_calibrated,0.9976543949182388,0.000847457627118644
JVS_JVSMuSiC,wavlm_l12,12,31,2,0,2,2,raw,jvs009;jvs010;jvs015;jvs017;jvs019;jvs027;jvs031;jvs032;jvs036;jvs042;jvs045;jvs046;jvs052;jvs065;jvs066;jvs071;jvs084;jvs086;jvs088;jvs098,full_test_singing_centroid_per_speaker,0.1,0.35,8.95,0.24578067765567763,0.44473684210526315,0.9674793446334748,0.9638735967125244,0.003605747920950475,20,380,60,3540,0.0,train_calibrated,0.9808880349276441,0.009887005649717515,0.0,train_calibrated,0.984366202060398,0.000847457627118644
JVS_JVSMuSiC,wavlm_l12,12,31,2,0,2,2,correct_sign_global,jvs009;jvs010;jvs015;jvs017;jvs019;jvs027;jvs031;jvs032;jvs036;jvs042;jvs045;jvs046;jvs052;jvs065;jvs066;jvs071;jvs084;jvs086;jvs088;jvs098,full_test_singing_centroid_per_speaker,0.35,0.7,4.45,0.5213022138680034,0.3,0.9918052851296032,0.9883460029080218,0.003459282221581428,20,380,60,3540,0.0,train_calibrated,0.9970899172005135,0.009887005649717515,0.0,train_calibrated,0.9976543949182388,0.000847457627118644
JVS_JVSMuSiC,wavlm_l12,12,31,5,0,5,5,raw,jvs009;jvs010;jvs015;jvs017;jvs019;jvs027;jvs031;jvs032;jvs036;jvs042;jvs045;jvs046;jvs052;jvs065;jvs066;jvs071;jvs084;jvs086;jvs088;jvs098,full_test_singing_centroid_per_speaker,0.1,0.5,8.8,0.246343954248366,0.4513157894736842,0.9680930811421401,0.9645157272273296,0.0035773539148105105,20,380,60,3540,0.0,train_calibrated,0.9808880349276441,0.009887005649717515,0.0,train_calibrated,0.984366202060398,0.000847457627118644
JVS_JVSMuSiC,wavlm_l12,12,31,5,0,5,5,correct_sign_global,jvs009;jvs010;jvs015;jvs017;jvs019;jvs027;jvs031;jvs032;jvs036;jvs042;jvs045;jvs046;jvs052;jvs065;jvs066;jvs071;jvs084;jvs086;jvs088;jvs098,full_test_singing_centroid_per_speaker,0.3,0.75,4.2,0.5032260101010101,0.29736842105263156,0.9932443433055447,0.9898137529730989,0.0034305903324457487,20,380,60,3540,0.0,train_calibrated,0.9970899172005135,0.009887005649717515,0.0,train_calibrated,0.9976543949182388,0.000847457627118644
JVS_JVSMuSiC,wavlm_l12,12,31,10,0,10,10,raw,jvs009;jvs010;jvs015;jvs017;jvs019;jvs027;jvs031;jvs032;jvs036;jvs042;jvs045;jvs046;jvs052;jvs065;jvs066;jvs071;jvs084;jvs086;jvs088;jvs098,full_test_singing_centroid_per_speaker,0.1,0.4,8.8,0.24276785714285715,0.45,0.9680014318804476,0.9641739248998861,0.003827506980561557,20,380,60,3540,0.0,train_calibrated,0.9808880349276441,0.009887005649717515,0.0,train_calibrated,0.984366202060398,0.000847457627118644
JVS_JVSMuSiC,wavlm_l12,12,31,10,0,10,10,correct_sign_global,jvs009;jvs010;jvs015;jvs017;jvs019;jvs027;jvs031;jvs032;jvs036;jvs042;jvs045;jvs046;jvs052;jvs065;jvs066;jvs071;jvs084;jvs086;jvs088;jvs098,full_test_singing_centroid_per_speaker,0.4,0.75,4.1,0.5699621212121212,0.3,0.9932238188602914,0.9895504645024831,0.003673354357808356,20,380,60,3540,0.05,train_calibrated,0.9970899172005135,0.009887005649717515,0.0,train_calibrated,0.9976543949182388,0.000847457627118644
JVS_JVSMuSiC,wavlm_l12,12,31,full,0,20,20,raw,jvs009;jvs010;jvs015;jvs017;jvs019;jvs027;jvs031;jvs032;jvs036;jvs042;jvs045;jvs046;jvs052;jvs065;jvs066;jvs071;jvs084;jvs086;jvs088;jvs098,full_test_singing_centroid_per_speaker,0.1,0.45,8.85,0.2400694444444444,0.45,0.9688858402911439,0.9651854286843363,0.003700411606807563,20,380,60,3540,0.0,train_calibrated,0.9808880349276441,0.009887005649717515,0.0,train_calibrated,0.984366202060398,0.000847457627118644
JVS_JVSMuSiC,wavlm_l12,12,31,full,0,20,20,correct_sign_global,jvs009;jvs010;jvs015;jvs017;jvs019;jvs027;jvs031;jvs032;jvs036;jvs042;jvs045;jvs046;jvs052;jvs065;jvs066;jvs071;jvs084;jvs086;jvs088;jvs098,full_test_singing_centroid_per_speaker,0.4,0.75,3.8,0.5855800653594772,0.3,0.9937968311324645,0.9902471197021444,0.003549711430320124,20,380,60,3540,0.1,train_calibrated,0.9970899172005135,0.009887005649717515,0.05,train_calibrated,0.9976543949182388,0.000847457627118644
JVS_JVSMuSiC,wavlm_l12,12,37,1,0,1,1,raw,jvs003;jvs005;jvs010;jvs013;jvs015;jvs028;jvs029;jvs038;jvs050;jvs053;jvs056;jvs060;jvs075;jvs083;jvs086;jvs087;jvs089;jvs092;jvs095;jvs096,full_test_singing_centroid_per_speaker,0.15,0.4,7.75,0.3192145792803688,0.38815789473684215,0.9683219347078336,0.9643602171764777,0.0039617175313558795,20,380,60,3540,0.0,train_calibrated,0.9812624683336122,0.009887005649717515,0.0,train_calibrated,0.9831783934099845,0.000847457627118644
JVS_JVSMuSiC,wavlm_l12,12,37,1,0,1,1,correct_sign_global,jvs003;jvs005;jvs010;jvs013;jvs015;jvs028;jvs029;jvs038;jvs050;jvs053;jvs056;jvs060;jvs075;jvs083;jvs086;jvs087;jvs089;jvs092;jvs095;jvs096,full_test_singing_centroid_per_speaker,0.35,0.75,4.5,0.5285244360902255,0.35,0.9901390630785947,0.9863094662735059,0.003829596805088764,20,380,60,3540,0.0,train_calibrated,0.9970332719386936,0.009887005649717515,0.0,train_calibrated,0.9974733657695491,0.000847457627118644
JVS_JVSMuSiC,wavlm_l12,12,37,2,0,2,2,raw,jvs003;jvs005;jvs010;jvs013;jvs015;jvs028;jvs029;jvs038;jvs050;jvs053;jvs056;jvs060;jvs075;jvs083;jvs086;jvs087;jvs089;jvs092;jvs095;jvs096,full_test_singing_centroid_per_speaker,0.1,0.45,8.1,0.2727971772379667,0.3907894736842106,0.9692238484312747,0.9655194296958344,0.0037044187354403624,20,380,60,3540,0.0,train_calibrated,0.9812624683336122,0.009887005649717515,0.0,train_calibrated,0.9831783934099845,0.000847457627118644
JVS_JVSMuSiC,wavlm_l12,12,37,2,0,2,2,correct_sign_global,jvs003;jvs005;jvs010;jvs013;jvs015;jvs028;jvs029;jvs038;jvs050;jvs053;jvs056;jvs060;jvs075;jvs083;jvs086;jvs087;jvs089;jvs092;jvs095;jvs096,full_test_singing_centroid_per_speaker,0.45,0.7,4.5,0.5844065656565657,0.35,0.9920935196437457,0.9885120664821289,0.0035814531616168432,20,380,60,3540,0.0,train_calibrated,0.9970332719386936,0.009887005649717515,0.0,train_calibrated,0.9974733657695491,0.000847457627118644
JVS_JVSMuSiC,wavlm_l12,12,37,5,0,5,5,raw,jvs003;jvs005;jvs010;jvs013;jvs015;jvs028;jvs029;jvs038;jvs050;jvs053;jvs056;jvs060;jvs075;jvs083;jvs086;jvs087;jvs089;jvs092;jvs095;jvs096,full_test_singing_centroid_per_speaker,0.3,0.35,8.0,0.37562150568729524,0.3973684210526316,0.9719810265001335,0.9685985711908404,0.003382455309293153,20,380,60,3540,0.0,train_calibrated,0.9812624683336122,0.009887005649717515,0.0,train_calibrated,0.9831783934099845,0.000847457627118644
JVS_JVSMuSiC,wavlm_l12,12,37,5,0,5,5,correct_sign_global,jvs003;jvs005;jvs010;jvs013;jvs015;jvs028;jvs029;jvs038;jvs050;jvs053;jvs056;jvs060;jvs075;jvs083;jvs086;jvs087;jvs089;jvs092;jvs095;jvs096,full_test_singing_centroid_per_speaker,0.45,0.8,4.0,0.6055727554179566,0.25,0.9945665128410738,0.9912905576886423,0.003275955152431509,20,380,60,3540,0.05,train_calibrated,0.9970332719386936,0.009887005649717515,0.0,train_calibrated,0.9974733657695491,0.000847457627118644
JVS_JVSMuSiC,wavlm_l12,12,37,10,0,10,10,raw,jvs003;jvs005;jvs010;jvs013;jvs015;jvs028;jvs029;jvs038;jvs050;jvs053;jvs056;jvs060;jvs075;jvs083;jvs086;jvs087;jvs089;jvs092;jvs095;jvs096,full_test_singing_centroid_per_speaker,0.2,0.35,8.15,0.3183772425974438,0.4,0.9720101447833848,0.9687013565039051,0.0033087882794796686,20,380,60,3540,0.0,train_calibrated,0.9812624683336122,0.009887005649717515,0.0,train_calibrated,0.9831783934099845,0.000847457627118644
JVS_JVSMuSiC,wavlm_l12,12,37,10,0,10,10,correct_sign_global,jvs003;jvs005;jvs010;jvs013;jvs015;jvs028;jvs029;jvs038;jvs050;jvs053;jvs056;jvs060;jvs075;jvs083;jvs086;jvs087;jvs089;jvs092;jvs095;jvs096,full_test_singing_centroid_per_speaker,0.4,0.8,3.8,0.5913815789473684,0.25,0.9950139111148584,0.991816982863598,0.003196928251260389,20,380,60,3540,0.2,train_calibrated,0.9970332719386936,0.009887005649717515,0.05,train_calibrated,0.9974733657695491,0.000847457627118644
JVS_JVSMuSiC,wavlm_l12,12,37,full,0,20,20,raw,jvs003;jvs005;jvs010;jvs013;jvs015;jvs028;jvs029;jvs038;jvs050;jvs053;jvs056;jvs060;jvs075;jvs083;jvs086;jvs087;jvs089;jvs092;jvs095;jvs096,full_test_singing_centroid_per_speaker,0.25,0.35,8.0,0.35203108875128997,0.4,0.972427280717435,0.9689354184152512,0.0034918623021837902,20,380,60,3540,0.0,train_calibrated,0.9812624683336122,0.009887005649717515,0.0,train_calibrated,0.9831783934099845,0.000847457627118644
JVS_JVSMuSiC,wavlm_l12,12,37,full,0,20,20,correct_sign_global,jvs003;jvs005;jvs010;jvs013;jvs015;jvs028;jvs029;jvs038;jvs050;jvs053;jvs056;jvs060;jvs075;jvs083;jvs086;jvs087;jvs089;jvs092;jvs095;jvs096,full_test_singing_centroid_per_speaker,0.4,0.8,3.9,0.5867089598997494,0.3,0.9952238758408685,0.9918501038393375,0.0033737720015309947,20,380,60,3540,0.2,train_calibrated,0.9970332719386936,0.009887005649717515,0.05,train_calibrated,0.9974733657695491,0.000847457627118644
JVS_JVSMuSiC,wavlm_l12,12,41,1,0,1,1,raw,jvs015;jvs020;jvs021;jvs024;jvs027;jvs032;jvs034;jvs039;jvs040;jvs046;jvs050;jvs052;jvs053;jvs056;jvs064;jvs077;jvs079;jvs081;jvs092;jvs100,full_test_singing_centroid_per_speaker,0.1,0.3,9.25,0.23524963190404366,0.40657894736842104,0.9607160191425343,0.9590703661759475,0.001645652966586808,20,380,60,3540,0.0,train_calibrated,0.9808083548595964,0.009887005649717515,0.0,train_calibrated,0.9837602233061351,0.000847457627118644
JVS_JVSMuSiC,wavlm_l12,12,41,1,0,1,1,correct_sign_global,jvs015;jvs020;jvs021;jvs024;jvs027;jvs032;jvs034;jvs039;jvs040;jvs046;jvs050;jvs052;jvs053;jvs056;jvs064;jvs077;jvs079;jvs081;jvs092;jvs100,full_test_singing_centroid_per_speaker,0.25,0.6,5.95,0.42917614549193484,0.35,0.9894842139989471,0.9878494493967024,0.0016347646022447648,20,380,60,3540,0.0,train_calibrated,0.9971820170507176,0.009887005649717515,0.0,train_calibrated,0.9976193558875306,0.000847457627118644
JVS_JVSMuSiC,wavlm_l12,12,41,2,0,2,2,raw,jvs015;jvs020;jvs021;jvs024;jvs027;jvs032;jvs034;jvs039;jvs040;jvs046;jvs050;jvs052;jvs053;jvs056;jvs064;jvs077;jvs079;jvs081;jvs092;jvs100,full_test_singing_centroid_per_speaker,0.1,0.3,9.25,0.23321770549711723,0.45,0.965436946124955,0.9636033199617839,0.0018336261631710649,20,380,60,3540,0.0,train_calibrated,0.9808083548595964,0.009887005649717515,0.0,train_calibrated,0.9837602233061351,0.000847457627118644
JVS_JVSMuSiC,wavlm_l12,12,41,2,0,2,2,correct_sign_global,jvs015;jvs020;jvs021;jvs024;jvs027;jvs032;jvs034;jvs039;jvs040;jvs046;jvs050;jvs052;jvs053;jvs056;jvs064;jvs077;jvs079;jvs081;jvs092;jvs100,full_test_singing_centroid_per_speaker,0.2,0.65,5.6,0.38553571428571426,0.3,0.9924503738809693,0.9906515919204307,0.0017987819605386202,20,380,60,3540,0.0,train_calibrated,0.9971820170507176,0.009887005649717515,0.0,train_calibrated,0.9976193558875306,0.000847457627118644
JVS_JVSMuSiC,wavlm_l12,12,41,5,0,5,5,raw,jvs015;jvs020;jvs021;jvs024;jvs027;jvs032;jvs034;jvs039;jvs040;jvs046;jvs050;jvs052;jvs053;jvs056;jvs064;jvs077;jvs079;jvs081;jvs092;jvs100,full_test_singing_centroid_per_speaker,0.1,0.45,8.7,0.24966126194067367,0.4605263157894737,0.968713520889384,0.9666480037287725,0.0020655171606115408,20,380,60,3540,0.0,train_calibrated,0.9808083548595964,0.009887005649717515,0.0,train_calibrated,0.9837602233061351,0.000847457627118644
JVS_JVSMuSiC,wavlm_l12,12,41,5,0,5,5,correct_sign_global,jvs015;jvs020;jvs021;jvs024;jvs027;jvs032;jvs034;jvs039;jvs040;jvs046;jvs050;jvs052;jvs053;jvs056;jvs064;jvs077;jvs079;jvs081;jvs092;jvs100,full_test_singing_centroid_per_speaker,0.35,0.7,5.4,0.486500626566416,0.2605263157894737,0.9943785741278381,0.9923620393487714,0.0020165347790667143,20,380,60,3540,0.05,train_calibrated,0.9971820170507176,0.009887005649717515,0.0,train_calibrated,0.9976193558875306,0.000847457627118644
JVS_JVSMuSiC,wavlm_l12,12,41,10,0,10,10,raw,jvs015;jvs020;jvs021;jvs024;jvs027;jvs032;jvs034;jvs039;jvs040;jvs046;jvs050;jvs052;jvs053;jvs056;jvs064;jvs077;jvs079;jvs081;jvs092;jvs100,full_test_singing_centroid_per_speaker,0.1,0.4,8.85,0.24355320333261504,0.45,0.9693298055006825,0.9671843487140562,0.002145456786626254,20,380,60,3540,0.0,train_calibrated,0.9808083548595964,0.009887005649717515,0.0,train_calibrated,0.9837602233061351,0.000847457627118644
JVS_JVSMuSiC,wavlm_l12,12,41,10,0,10,10,correct_sign_global,jvs015;jvs020;jvs021;jvs024;jvs027;jvs032;jvs034;jvs039;jvs040;jvs046;jvs050;jvs052;jvs053;jvs056;jvs064;jvs077;jvs079;jvs081;jvs092;jvs100,full_test_singing_centroid_per_speaker,0.3,0.7,5.2,0.4799024096818214,0.25,0.9948214287111703,0.9927357943606948,0.002085634350475485,20,380,60,3540,0.1,train_calibrated,0.9971820170507176,0.009887005649717515,0.0,train_calibrated,0.9976193558875306,0.000847457627118644
JVS_JVSMuSiC,wavlm_l12,12,41,full,0,20,20,raw,jvs015;jvs020;jvs021;jvs024;jvs027;jvs032;jvs034;jvs039;jvs040;jvs046;jvs050;jvs052;jvs053;jvs056;jvs064;jvs077;jvs079;jvs081;jvs092;jvs100,full_test_singing_centroid_per_speaker,0.1,0.35,8.9,0.2459272875816993,0.4421052631578948,0.9693508346481217,0.9672755032107121,0.0020753314374095666,20,380,60,3540,0.05,train_calibrated,0.9808083548595964,0.009887005649717515,0.0,train_calibrated,0.9837602233061351,0.000847457627118644
JVS_JVSMuSiC,wavlm_l12,12,41,full,0,20,20,correct_sign_global,jvs015;jvs020;jvs021;jvs024;jvs027;jvs032;jvs034;jvs039;jvs040;jvs046;jvs050;jvs052;jvs053;jvs056;jvs064;jvs077;jvs079;jvs081;jvs092;jvs100,full_test_singing_centroid_per_speaker,0.3,0.7,5.35,0.4686706349206348,0.3,0.9950459406051035,0.9930178751261428,0.0020280654789607278,20,380,60,3540,0.1,train_calibrated,0.9971820170507176,0.009887005649717515,0.1,train_calibrated,0.9976193558875306,0.000847457627118644
JVS_JVSMuSiC,wavlm_l12,12,43,1,0,1,1,raw,jvs001;jvs005;jvs012;jvs016;jvs028;jvs033;jvs041;jvs047;jvs048;jvs053;jvs055;jvs060;jvs064;jvs068;jvs069;jvs074;jvs080;jvs082;jvs085;jvs090,full_test_singing_centroid_per_speaker,0.1,0.35,8.25,0.2508170995670996,0.4039473684210526,0.9658655483416003,0.9638095441150779,0.002056004226522412,20,380,60,3540,0.0,train_calibrated,0.9816202919104213,0.009887005649717515,0.0,train_calibrated,0.9833159668548491,0.000847457627118644
JVS_JVSMuSiC,wavlm_l12,12,43,1,0,1,1,correct_sign_global,jvs001;jvs005;jvs012;jvs016;jvs028;jvs033;jvs041;jvs047;jvs048;jvs053;jvs055;jvs060;jvs064;jvs068;jvs069;jvs074;jvs080;jvs082;jvs085;jvs090,full_test_singing_centroid_per_speaker,0.1,0.6,5.6,0.34442460317460316,0.3526315789473684,0.9905718205637749,0.98857344772776,0.0019983728360148945,20,380,60,3540,0.0,train_calibrated,0.9969708550949767,0.009887005649717515,0.0,train_calibrated,0.9976041461936338,0.000847457627118644
JVS_JVSMuSiC,wavlm_l12,12,43,2,0,2,2,raw,jvs001;jvs005;jvs012;jvs016;jvs028;jvs033;jvs041;jvs047;jvs048;jvs053;jvs055;jvs060;jvs064;jvs068;jvs069;jvs074;jvs080;jvs082;jvs085;jvs090,full_test_singing_centroid_per_speaker,0.1,0.3,8.65,0.24547799422799427,0.45,0.9680058934105155,0.9657779999889115,0.0022278934216040103,20,380,60,3540,0.05,train_calibrated,0.9816202919104213,0.009887005649717515,0.0,train_calibrated,0.9833159668548491,0.000847457627118644
JVS_JVSMuSiC,wavlm_l12,12,43,2,0,2,2,correct_sign_global,jvs001;jvs005;jvs012;jvs016;jvs028;jvs033;jvs041;jvs047;jvs048;jvs053;jvs055;jvs060;jvs064;jvs068;jvs069;jvs074;jvs080;jvs082;jvs085;jvs090,full_test_singing_centroid_per_speaker,0.4,0.7,4.5,0.5721918767507004,0.35,0.9933602817175542,0.9912070044230042,0.002153277294549949,20,380,60,3540,0.0,train_calibrated,0.9969708550949767,0.009887005649717515,0.0,train_calibrated,0.9976041461936338,0.000847457627118644
JVS_JVSMuSiC,wavlm_l12,12,43,5,0,5,5,raw,jvs001;jvs005;jvs012;jvs016;jvs028;jvs033;jvs041;jvs047;jvs048;jvs053;jvs055;jvs060;jvs064;jvs068;jvs069;jvs074;jvs080;jvs082;jvs085;jvs090,full_test_singing_centroid_per_speaker,0.1,0.25,8.65,0.24345113220113226,0.4,0.9699864728750205,0.9679123532535031,0.0020741196215173785,20,380,60,3540,0.0,train_calibrated,0.9816202919104213,0.009887005649717515,0.0,train_calibrated,0.9833159668548491,0.000847457627118644
JVS_JVSMuSiC,wavlm_l12,12,43,5,0,5,5,correct_sign_global,jvs001;jvs005;jvs012;jvs016;jvs028;jvs033;jvs041;jvs047;jvs048;jvs053;jvs055;jvs060;jvs064;jvs068;jvs069;jvs074;jvs080;jvs082;jvs085;jvs090,full_test_singing_centroid_per_speaker,0.2,0.65,4.8,0.41027472527472525,0.3,0.9947018364517597,0.9926921654897822,0.002009670961977461,20,380,60,3540,0.0,train_calibrated,0.9969708550949767,0.009887005649717515,0.0,train_calibrated,0.9976041461936338,0.000847457627118644
JVS_JVSMuSiC,wavlm_l12,12,43,10,0,10,10,raw,jvs001;jvs005;jvs012;jvs016;jvs028;jvs033;jvs041;jvs047;jvs048;jvs053;jvs055;jvs060;jvs064;jvs068;jvs069;jvs074;jvs080;jvs082;jvs085;jvs090,full_test_singing_centroid_per_speaker,0.1,0.25,8.45,0.24610130366709315,0.4052631578947369,0.9707247797075859,0.9684582350306153,0.0022665446769705166,20,380,60,3540,0.0,train_calibrated,0.9816202919104213,0.009887005649717515,0.0,train_calibrated,0.9833159668548491,0.000847457627118644
JVS_JVSMuSiC,wavlm_l12,12,43,10,0,10,10,correct_sign_global,jvs001;jvs005;jvs012;jvs016;jvs028;jvs033;jvs041;jvs047;jvs048;jvs053;jvs055;jvs060;jvs064;jvs068;jvs069;jvs074;jvs080;jvs082;jvs085;jvs090,full_test_singing_centroid_per_speaker,0.3,0.7,4.2,0.4836904761904762,0.25394736842105264,0.9953425691952107,0.9931444353357805,0.00219813385943024,20,380,60,3540,0.05,train_calibrated,0.9969708550949767,0.009887005649717515,0.0,train_calibrated,0.9976041461936338,0.000847457627118644
JVS_JVSMuSiC,wavlm_l12,12,43,full,0,20,20,raw,jvs001;jvs005;jvs012;jvs016;jvs028;jvs033;jvs041;jvs047;jvs048;jvs053;jvs055;jvs060;jvs064;jvs068;jvs069;jvs074;jvs080;jvs082;jvs085;jvs090,full_test_singing_centroid_per_speaker,0.1,0.25,8.7,0.24355214230214234,0.45,0.9707472094459186,0.9684959138794932,0.0022512955664254486,20,380,60,3540,0.0,train_calibrated,0.9816202919104213,0.009887005649717515,0.0,train_calibrated,0.9833159668548491,0.000847457627118644
JVS_JVSMuSiC,wavlm_l12,12,43,full,0,20,20,correct_sign_global,jvs001;jvs005;jvs012;jvs016;jvs028;jvs033;jvs041;jvs047;jvs048;jvs053;jvs055;jvs060;jvs064;jvs068;jvs069;jvs074;jvs080;jvs082;jvs085;jvs090,full_test_singing_centroid_per_speaker,0.3,0.7,4.3,0.49223901098901096,0.25,0.9955491271321101,0.9933649420742094,0.002184185057900634,20,380,60,3540,0.1,train_calibrated,0.9969708550949767,0.009887005649717515,0.0,train_calibrated,0.9976041461936338,0.000847457627118644
JVS_JVSMuSiC,wavlm_l12,12,47,1,0,1,1,raw,jvs010;jvs011;jvs017;jvs023;jvs028;jvs030;jvs040;jvs050;jvs053;jvs059;jvs064;jvs076;jvs078;jvs082;jvs084;jvs087;jvs093;jvs094;jvs095;jvs096,full_test_singing_centroid_per_speaker,0.15,0.4,7.65,0.30263363678804855,0.4,0.9661786808782484,0.9622635394796039,0.003915141398644573,20,380,60,3540,0.0,train_calibrated,0.9810032768423229,0.009887005649717515,0.0,train_calibrated,0.9831737495115445,0.000847457627118644
JVS_JVSMuSiC,wavlm_l12,12,47,1,0,1,1,correct_sign_global,jvs010;jvs011;jvs017;jvs023;jvs028;jvs030;jvs040;jvs050;jvs053;jvs059;jvs064;jvs076;jvs078;jvs082;jvs084;jvs087;jvs093;jvs094;jvs095;jvs096,full_test_singing_centroid_per_speaker,0.35,0.8,3.8,0.5118439893439894,0.2986842105263158,0.9906245969836214,0.9868418106241807,0.0037827863594406264,20,380,60,3540,0.0,train_calibrated,0.9967949809099242,0.009887005649717515,0.0,train_calibrated,0.9975380019362292,0.000847457627118644
JVS_JVSMuSiC,wavlm_l12,12,47,2,0,2,2,raw,jvs010;jvs011;jvs017;jvs023;jvs028;jvs030;jvs040;jvs050;jvs053;jvs059;jvs064;jvs076;jvs078;jvs082;jvs084;jvs087;jvs093;jvs094;jvs095;jvs096,full_test_singing_centroid_per_speaker,0.25,0.35,7.55,0.35186343476784654,0.4013157894736842,0.969521264841193,0.965917824406515,0.0036034404346780846,20,380,60,3540,0.0,train_calibrated,0.9810032768423229,0.009887005649717515,0.0,train_calibrated,0.9831737495115445,0.000847457627118644
JVS_JVSMuSiC,wavlm_l12,12,47,2,0,2,2,correct_sign_global,jvs010;jvs011;jvs017;jvs023;jvs028;jvs030;jvs040;jvs050;jvs053;jvs059;jvs064;jvs076;jvs078;jvs082;jvs084;jvs087;jvs093;jvs094;jvs095;jvs096,full_test_singing_centroid_per_speaker,0.35,0.75,4.6,0.5110882173382173,0.3,0.9927316841965601,0.9892488251042707,0.003482859092289403,20,380,60,3540,0.0,train_calibrated,0.9967949809099242,0.009887005649717515,0.0,train_calibrated,0.9975380019362292,0.000847457627118644
JVS_JVSMuSiC,wavlm_l12,12,47,5,0,5,5,raw,jvs010;jvs011;jvs017;jvs023;jvs028;jvs030;jvs040;jvs050;jvs053;jvs059;jvs064;jvs076;jvs078;jvs082;jvs084;jvs087;jvs093;jvs094;jvs095;jvs096,full_test_singing_centroid_per_speaker,0.15,0.3,8.15,0.2943517103811222,0.4,0.9706940039207215,0.9671578812188313,0.0035361227018901875,20,380,60,3540,0.0,train_calibrated,0.9810032768423229,0.009887005649717515,0.0,train_calibrated,0.9831737495115445,0.000847457627118644
JVS_JVSMuSiC,wavlm_l12,12,47,5,0,5,5,correct_sign_global,jvs010;jvs011;jvs017;jvs023;jvs028;jvs030;jvs040;jvs050;jvs053;jvs059;jvs064;jvs076;jvs078;jvs082;jvs084;jvs087;jvs093;jvs094;jvs095;jvs096,full_test_singing_centroid_per_speaker,0.35,0.7,4.2,0.507063492063492,0.3,0.9938351951498399,0.9904118324236864,0.0034233627261535116,20,380,60,3540,0.15,train_calibrated,0.9967949809099242,0.009887005649717515,0.0,train_calibrated,0.9975380019362292,0.000847457627118644
JVS_JVSMuSiC,wavlm_l12,12,47,10,0,10,10,raw,jvs010;jvs011;jvs017;jvs023;jvs028;jvs030;jvs040;jvs050;jvs053;jvs059;jvs064;jvs076;jvs078;jvs082;jvs084;jvs087;jvs093;jvs094;jvs095;jvs096,full_test_singing_centroid_per_speaker,0.2,0.3,7.8,0.32376172438672446,0.4105263157894737,0.9710247301492508,0.9674288129631317,0.0035959171861191797,20,380,60,3540,0.05,train_calibrated,0.9810032768423229,0.009887005649717515,0.0,train_calibrated,0.9831737495115445,0.000847457627118644
JVS_JVSMuSiC,wavlm_l12,12,47,10,0,10,10,correct_sign_global,jvs010;jvs011;jvs017;jvs023;jvs028;jvs030;jvs040;jvs050;jvs053;jvs059;jvs064;jvs076;jvs078;jvs082;jvs084;jvs087;jvs093;jvs094;jvs095;jvs096,full_test_singing_centroid_per_speaker,0.3,0.75,4.45,0.4627994227994228,0.3,0.9941127304109688,0.990641102852482,0.003471627558486845,20,380,60,3540,0.15,train_calibrated,0.9967949809099242,0.009887005649717515,0.05,train_calibrated,0.9975380019362292,0.000847457627118644
JVS_JVSMuSiC,wavlm_l12,12,47,full,0,20,20,raw,jvs010;jvs011;jvs017;jvs023;jvs028;jvs030;jvs040;jvs050;jvs053;jvs059;jvs064;jvs076;jvs078;jvs082;jvs084;jvs087;jvs093;jvs094;jvs095;jvs096,full_test_singing_centroid_per_speaker,0.15,0.3,7.85,0.29876172438672444,0.4,0.9712266251010044,0.9676815904152384,0.0035450346857660575,20,380,60,3540,0.05,train_calibrated,0.9810032768423229,0.009887005649717515,0.0,train_calibrated,0.9831737495115445,0.000847457627118644
JVS_JVSMuSiC,wavlm_l12,12,47,full,0,20,20,correct_sign_global,jvs010;jvs011;jvs017;jvs023;jvs028;jvs030;jvs040;jvs050;jvs053;jvs059;jvs064;jvs076;jvs078;jvs082;jvs084;jvs087;jvs093;jvs094;jvs095;jvs096,full_test_singing_centroid_per_speaker,0.3,0.75,4.4,0.47398989898989896,0.3,0.9945236102705343,0.9910969938426888,0.0034266164278454747,20,380,60,3540,0.15,train_calibrated,0.9967949809099242,0.009887005649717515,0.15,train_calibrated,0.9975380019362292,0.000847457627118644
JVS_JVSMuSiC,wavlm_l12,12,53,1,0,1,1,raw,jvs003;jvs013;jvs015;jvs023;jvs024;jvs026;jvs040;jvs042;jvs058;jvs062;jvs073;jvs076;jvs079;jvs083;jvs084;jvs086;jvs089;jvs090;jvs095;jvs099,full_test_singing_centroid_per_speaker,0.1,0.25,9.25,0.23015222930664106,0.4921052631578947,0.9662284052670707,0.963337053099887,0.002891352167183614,20,380,60,3540,0.05,train_calibrated,0.9800844564093842,0.009887005649717515,0.05,train_calibrated,0.982447343335898,0.000847457627118644
JVS_JVSMuSiC,wavlm_l12,12,53,1,0,1,1,correct_sign_global,jvs003;jvs013;jvs015;jvs023;jvs024;jvs026;jvs040;jvs042;jvs058;jvs062;jvs073;jvs076;jvs079;jvs083;jvs084;jvs086;jvs089;jvs090;jvs095;jvs099,full_test_singing_centroid_per_speaker,0.15,0.55,5.9,0.39033179539758484,0.4118421052631579,0.9889444314032682,0.9861478327427851,0.002796598660483096,20,380,60,3540,0.0,train_calibrated,0.9971850412820114,0.009887005649717515,0.0,train_calibrated,0.9977587722597974,0.000847457627118644
JVS_JVSMuSiC,wavlm_l12,12,53,2,0,2,2,raw,jvs003;jvs013;jvs015;jvs023;jvs024;jvs026;jvs040;jvs042;jvs058;jvs062;jvs073;jvs076;jvs079;jvs083;jvs084;jvs086;jvs089;jvs090;jvs095;jvs099,full_test_singing_centroid_per_speaker,0.15,0.3,8.65,0.27360060690943044,0.44605263157894737,0.9689367486779815,0.9658613036682341,0.003075445009747435,20,380,60,3540,0.05,train_calibrated,0.9800844564093842,0.009887005649717515,0.0,train_calibrated,0.982447343335898,0.000847457627118644
JVS_JVSMuSiC,wavlm_l12,12,53,2,0,2,2,correct_sign_global,jvs003;jvs013;jvs015;jvs023;jvs024;jvs026;jvs040;jvs042;jvs058;jvs062;jvs073;jvs076;jvs079;jvs083;jvs084;jvs086;jvs089;jvs090;jvs095;jvs099,full_test_singing_centroid_per_speaker,0.3,0.75,4.6,0.5041395154553049,0.3,0.9920450081709712,0.9890746758867822,0.00297033228418897,20,380,60,3540,0.0,train_calibrated,0.9971850412820114,0.009887005649717515,0.0,train_calibrated,0.9977587722597974,0.000847457627118644
JVS_JVSMuSiC,wavlm_l12,12,53,5,0,5,5,raw,jvs003;jvs013;jvs015;jvs023;jvs024;jvs026;jvs040;jvs042;jvs058;jvs062;jvs073;jvs076;jvs079;jvs083;jvs084;jvs086;jvs089;jvs090;jvs095;jvs099,full_test_singing_centroid_per_speaker,0.05,0.3,8.85,0.23160024615906968,0.45,0.9687153964769302,0.9654292279423379,0.003286168534592293,20,380,60,3540,0.0,train_calibrated,0.9800844564093842,0.009887005649717515,0.0,train_calibrated,0.982447343335898,0.000847457627118644
JVS_JVSMuSiC,wavlm_l12,12,53,5,0,5,5,correct_sign_global,jvs003;jvs013;jvs015;jvs023;jvs024;jvs026;jvs040;jvs042;jvs058;jvs062;jvs073;jvs076;jvs079;jvs083;jvs084;jvs086;jvs089;jvs090;jvs095;jvs099,full_test_singing_centroid_per_speaker,0.3,0.65,5.4,0.47251253132832066,0.35,0.992697684446668,0.9895335953481917,0.0031640890984762082,20,380,60,3540,0.0,train_calibrated,0.9971850412820114,0.009887005649717515,0.0,train_calibrated,0.9977587722597974,0.000847457627118644
JVS_JVSMuSiC,wavlm_l12,12,53,10,0,10,10,raw,jvs003;jvs013;jvs015;jvs023;jvs024;jvs026;jvs040;jvs042;jvs058;jvs062;jvs073;jvs076;jvs079;jvs083;jvs084;jvs086;jvs089;jvs090;jvs095;jvs099,full_test_singing_centroid_per_speaker,0.1,0.3,8.75,0.25641987097869445,0.4078947368421053,0.9705785850258104,0.9673025948727472,0.003275990153063235,20,380,60,3540,0.0,train_calibrated,0.9800844564093842,0.009887005649717515,0.0,train_calibrated,0.982447343335898,0.000847457627118644
JVS_JVSMuSiC,wavlm_l12,12,53,10,0,10,10,correct_sign_global,jvs003;jvs013;jvs015;jvs023;jvs024;jvs026;jvs040;jvs042;jvs058;jvs062;jvs073;jvs076;jvs079;jvs083;jvs084;jvs086;jvs089;jvs090;jvs095;jvs099,full_test_singing_centroid_per_speaker,0.3,0.75,4.7,0.4864411027568922,0.3,0.9934589773028815,0.990299489660993,0.0031594876418884477,20,380,60,3540,0.05,train_calibrated,0.9971850412820114,0.009887005649717515,0.0,train_calibrated,0.9977587722597974,0.000847457627118644
JVS_JVSMuSiC,wavlm_l12,12,53,full,0,20,20,raw,jvs003;jvs013;jvs015;jvs023;jvs024;jvs026;jvs040;jvs042;jvs058;jvs062;jvs073;jvs076;jvs079;jvs083;jvs084;jvs086;jvs089;jvs090;jvs095;jvs099,full_test_singing_centroid_per_speaker,0.1,0.3,8.7,0.2568744164332399,0.4381578947368421,0.9705942688421271,0.9673783456231556,0.0032159232189714615,20,380,60,3540,0.0,train_calibrated,0.9800844564093842,0.009887005649717515,0.0,train_calibrated,0.982447343335898,0.000847457627118644
JVS_JVSMuSiC,wavlm_l12,12,53,full,0,20,20,correct_sign_global,jvs003;jvs013;jvs015;jvs023;jvs024;jvs026;jvs040;jvs042;jvs058;jvs062;jvs073;jvs076;jvs079;jvs083;jvs084;jvs086;jvs089;jvs090;jvs095;jvs099,full_test_singing_centroid_per_speaker,0.25,0.7,4.65,0.47971491228070173,0.3486842105263158,0.9936430980199527,0.9905423666437259,0.003100731376226795,20,380,60,3540,0.05,train_calibrated,0.9971850412820114,0.009887005649717515,0.0,train_calibrated,0.9977587722597974,0.000847457627118644
JVS_JVSMuSiC,wavlm_l12,12,59,1,0,1,1,raw,jvs004;jvs009;jvs011;jvs016;jvs018;jvs034;jvs035;jvs047;jvs052;jvs066;jvs067;jvs068;jvs072;jvs073;jvs079;jvs081;jvs085;jvs088;jvs089;jvs100,full_test_singing_centroid_per_speaker,0.05,0.45,8.1,0.23495481127060072,0.5013157894736842,0.9678166454847223,0.9654101061356918,0.0024065393490305675,20,380,60,3540,0.0,train_calibrated,0.9810639786527652,0.009887005649717515,0.0,train_calibrated,0.9841143497657376,0.000847457627118644
JVS_JVSMuSiC,wavlm_l12,12,59,1,0,1,1,correct_sign_global,jvs004;jvs009;jvs011;jvs016;jvs018;jvs034;jvs035;jvs047;jvs052;jvs066;jvs067;jvs068;jvs072;jvs073;jvs079;jvs081;jvs085;jvs088;jvs089;jvs100,full_test_singing_centroid_per_speaker,0.3,0.75,4.55,0.47152777777777766,0.39473684210526316,0.9904802348791584,0.9881682589864115,0.002311975892746898,20,380,60,3540,0.0,train_calibrated,0.9969872050918296,0.009887005649717515,0.0,train_calibrated,0.9975581865081711,0.000847457627118644
JVS_JVSMuSiC,wavlm_l12,12,59,2,0,2,2,raw,jvs004;jvs009;jvs011;jvs016;jvs018;jvs034;jvs035;jvs047;jvs052;jvs066;jvs067;jvs068;jvs072;jvs073;jvs079;jvs081;jvs085;jvs088;jvs089;jvs100,full_test_singing_centroid_per_speaker,0.1,0.5,7.65,0.27026415470494414,0.45,0.9713655184946081,0.9687817202915063,0.002583798203101728,20,380,60,3540,0.0,train_calibrated,0.9810639786527652,0.009887005649717515,0.0,train_calibrated,0.9841143497657376,0.000847457627118644
JVS_JVSMuSiC,wavlm_l12,12,59,2,0,2,2,correct_sign_global,jvs004;jvs009;jvs011;jvs016;jvs018;jvs034;jvs035;jvs047;jvs052;jvs066;jvs067;jvs068;jvs072;jvs073;jvs079;jvs081;jvs085;jvs088;jvs089;jvs100,full_test_singing_centroid_per_speaker,0.35,0.7,4.65,0.5001190476190476,0.25,0.99298021725574,0.9904897693202324,0.002490447935507678,20,380,60,3540,0.0,train_calibrated,0.9969872050918296,0.009887005649717515,0.0,train_calibrated,0.9975581865081711,0.000847457627118644
JVS_JVSMuSiC,wavlm_l12,12,59,5,0,5,5,raw,jvs004;jvs009;jvs011;jvs016;jvs018;jvs034;jvs035;jvs047;jvs052;jvs066;jvs067;jvs068;jvs072;jvs073;jvs079;jvs081;jvs085;jvs088;jvs089;jvs100,full_test_singing_centroid_per_speaker,0.1,0.4,7.65,0.2514056776556776,0.44473684210526315,0.9725872527700565,0.9701953103191213,0.002391942450935214,20,380,60,3540,0.0,train_calibrated,0.9810639786527652,0.009887005649717515,0.0,train_calibrated,0.9841143497657376,0.000847457627118644
JVS_JVSMuSiC,wavlm_l12,12,59,5,0,5,5,correct_sign_global,jvs004;jvs009;jvs011;jvs016;jvs018;jvs034;jvs035;jvs047;jvs052;jvs066;jvs067;jvs068;jvs072;jvs073;jvs079;jvs081;jvs085;jvs088;jvs089;jvs100,full_test_singing_centroid_per_speaker,0.2,0.75,4.55,0.42431022408963576,0.25,0.994592005509783,0.9922784645652691,0.002313540944513859,20,380,60,3540,0.05,train_calibrated,0.9969872050918296,0.009887005649717515,0.0,train_calibrated,0.9975581865081711,0.000847457627118644
JVS_JVSMuSiC,wavlm_l12,12,59,10,0,10,10,raw,jvs004;jvs009;jvs011;jvs016;jvs018;jvs034;jvs035;jvs047;jvs052;jvs066;jvs067;jvs068;jvs072;jvs073;jvs079;jvs081;jvs085;jvs088;jvs089;jvs100,full_test_singing_centroid_per_speaker,0.1,0.45,8.0,0.2613100788100788,0.4,0.9729817600009405,0.9705428693878935,0.002438890613047029,20,380,60,3540,0.0,train_calibrated,0.9810639786527652,0.009887005649717515,0.0,train_calibrated,0.9841143497657376,0.000847457627118644
JVS_JVSMuSiC,wavlm_l12,12,59,10,0,10,10,correct_sign_global,jvs004;jvs009;jvs011;jvs016;jvs018;jvs034;jvs035;jvs047;jvs052;jvs066;jvs067;jvs068;jvs072;jvs073;jvs079;jvs081;jvs085;jvs088;jvs089;jvs100,full_test_singing_centroid_per_speaker,0.25,0.65,4.65,0.45512371615312797,0.24473684210526314,0.9950312960713971,0.9926742894833458,0.002357006588051269,20,380,60,3540,0.1,train_calibrated,0.9969872050918296,0.009887005649717515,0.05,train_calibrated,0.9975581865081711,0.000847457627118644
JVS_JVSMuSiC,wavlm_l12,12,59,full,0,20,20,raw,jvs004;jvs009;jvs011;jvs016;jvs018;jvs034;jvs035;jvs047;jvs052;jvs066;jvs067;jvs068;jvs072;jvs073;jvs079;jvs081;jvs085;jvs088;jvs089;jvs100,full_test_singing_centroid_per_speaker,0.1,0.45,7.6,0.2663022138680033,0.4,0.9734399521393613,0.9709297500955035,0.0025102020438577677,20,380,60,3540,0.05,train_calibrated,0.9810639786527652,0.009887005649717515,0.0,train_calibrated,0.9841143497657376,0.000847457627118644
JVS_JVSMuSiC,wavlm_l12,12,59,full,0,20,20,correct_sign_global,jvs004;jvs009;jvs011;jvs016;jvs018;jvs034;jvs035;jvs047;jvs052;jvs066;jvs067;jvs068;jvs072;jvs073;jvs079;jvs081;jvs085;jvs088;jvs089;jvs100,full_test_singing_centroid_per_speaker,0.25,0.7,4.4,0.4528044871794871,0.25,0.9953389107406544,0.9929151082395345,0.0024238025011198427,20,380,60,3540,0.1,train_calibrated,0.9969872050918296,0.009887005649717515,0.1,train_calibrated,0.9975581865081711,0.000847457627118644
JVS_JVSMuSiC,wavlm_l12,12,61,1,0,1,1,raw,jvs001;jvs005;jvs006;jvs016;jvs024;jvs027;jvs030;jvs039;jvs045;jvs047;jvs054;jvs058;jvs066;jvs067;jvs069;jvs073;jvs078;jvs081;jvs087;jvs089,full_test_singing_centroid_per_speaker,0.2,0.4,9.0,0.2991010378510378,0.45,0.9645361297391091,0.9629983758127069,0.0015377539264022078,20,380,60,3540,0.0,train_calibrated,0.9817450405176974,0.009887005649717515,0.0,train_calibrated,0.9837602233061351,0.000847457627118644
JVS_JVSMuSiC,wavlm_l12,12,61,1,0,1,1,correct_sign_global,jvs001;jvs005;jvs006;jvs016;jvs024;jvs027;jvs030;jvs039;jvs045;jvs047;jvs054;jvs058;jvs066;jvs067;jvs069;jvs073;jvs078;jvs081;jvs087;jvs089,full_test_singing_centroid_per_speaker,0.3,0.7,5.3,0.4376190476190476,0.3118421052631579,0.990256230918243,0.9887270412664356,0.0015291896518073722,20,380,60,3540,0.0,train_calibrated,0.9969541327548949,0.009887005649717515,0.0,train_calibrated,0.9975492349422392,0.000847457627118644
JVS_JVSMuSiC,wavlm_l12,12,61,2,0,2,2,raw,jvs001;jvs005;jvs006;jvs016;jvs024;jvs027;jvs030;jvs039;jvs045;jvs047;jvs054;jvs058;jvs066;jvs067;jvs069;jvs073;jvs078;jvs081;jvs087;jvs089,full_test_singing_centroid_per_speaker,0.15,0.3,8.75,0.2697197247197247,0.49605263157894736,0.9674287347374044,0.9652251514324748,0.002203583304929646,20,380,60,3540,0.0,train_calibrated,0.9817450405176974,0.009887005649717515,0.0,train_calibrated,0.9837602233061351,0.000847457627118644
JVS_JVSMuSiC,wavlm_l12,12,61,2,0,2,2,correct_sign_global,jvs001;jvs005;jvs006;jvs016;jvs024;jvs027;jvs030;jvs039;jvs045;jvs047;jvs054;jvs058;jvs066;jvs067;jvs069;jvs073;jvs078;jvs081;jvs087;jvs089,full_test_singing_centroid_per_speaker,0.25,0.75,5.0,0.4276773226773227,0.20526315789473684,0.9929568815623249,0.9908194881902581,0.0021373933720667537,20,380,60,3540,0.0,train_calibrated,0.9969541327548949,0.009887005649717515,0.0,train_calibrated,0.9975492349422392,0.000847457627118644
JVS_JVSMuSiC,wavlm_l12,12,61,5,0,5,5,raw,jvs001;jvs005;jvs006;jvs016;jvs024;jvs027;jvs030;jvs039;jvs045;jvs047;jvs054;jvs058;jvs066;jvs067;jvs069;jvs073;jvs078;jvs081;jvs087;jvs089,full_test_singing_centroid_per_speaker,0.1,0.4,8.55,0.2553726828726829,0.45263157894736844,0.9697012090395445,0.967538257141015,0.0021629518985294416,20,380,60,3540,0.0,train_calibrated,0.9817450405176974,0.009887005649717515,0.0,train_calibrated,0.9837602233061351,0.000847457627118644
JVS_JVSMuSiC,wavlm_l12,12,61,5,0,5,5,correct_sign_global,jvs001;jvs005;jvs006;jvs016;jvs024;jvs027;jvs030;jvs039;jvs045;jvs047;jvs054;jvs058;jvs066;jvs067;jvs069;jvs073;jvs078;jvs081;jvs087;jvs089,full_test_singing_centroid_per_speaker,0.3,0.8,4.4,0.4940773809523809,0.2,0.9946709171054506,0.9925699104705131,0.002101006634937508,20,380,60,3540,0.0,train_calibrated,0.9969541327548949,0.009887005649717515,0.0,train_calibrated,0.9975492349422392,0.000847457627118644
JVS_JVSMuSiC,wavlm_l12,12,61,10,0,10,10,raw,jvs001;jvs005;jvs006;jvs016;jvs024;jvs027;jvs030;jvs039;jvs045;jvs047;jvs054;jvs058;jvs066;jvs067;jvs069;jvs073;jvs078;jvs081;jvs087;jvs089,full_test_singing_centroid_per_speaker,0.1,0.4,8.7,0.253983793983794,0.4421052631578948,0.9699039546904574,0.9677726774996239,0.0021312771908335026,20,380,60,3540,0.0,train_calibrated,0.9817450405176974,0.009887005649717515,0.0,train_calibrated,0.9837602233061351,0.000847457627118644
JVS_JVSMuSiC,wavlm_l12,12,61,10,0,10,10,correct_sign_global,jvs001;jvs005;jvs006;jvs016;jvs024;jvs027;jvs030;jvs039;jvs045;jvs047;jvs054;jvs058;jvs066;jvs067;jvs069;jvs073;jvs078;jvs081;jvs087;jvs089,full_test_singing_centroid_per_speaker,0.4,0.75,4.6,0.5543650793650793,0.2,0.9950281019138748,0.9929556712718344,0.002072430642040435,20,380,60,3540,0.1,train_calibrated,0.9969541327548949,0.009887005649717515,0.0,train_calibrated,0.9975492349422392,0.000847457627118644
JVS_JVSMuSiC,wavlm_l12,12,61,full,0,20,20,raw,jvs001;jvs005;jvs006;jvs016;jvs024;jvs027;jvs030;jvs039;jvs045;jvs047;jvs054;jvs058;jvs066;jvs067;jvs069;jvs073;jvs078;jvs081;jvs087;jvs089,full_test_singing_centroid_per_speaker,0.15,0.35,8.8,0.276186174936175,0.4013157894736842,0.9700386405778707,0.9678829008927327,0.0021557396851380473,20,380,60,3540,0.0,train_calibrated,0.9817450405176974,0.009887005649717515,0.0,train_calibrated,0.9837602233061351,0.000847457627118644
JVS_JVSMuSiC,wavlm_l12,12,61,full,0,20,20,correct_sign_global,jvs001;jvs005;jvs006;jvs016;jvs024;jvs027;jvs030;jvs039;jvs045;jvs047;jvs054;jvs058;jvs066;jvs067;jvs069;jvs073;jvs078;jvs081;jvs087;jvs089,full_test_singing_centroid_per_speaker,0.45,0.75,4.05,0.5967857142857143,0.2,0.9952634327007848,0.9931652012630487,0.00209823143773602,20,380,60,3540,0.1,train_calibrated,0.9969541327548949,0.009887005649717515,0.05,train_calibrated,0.9975492349422392,0.000847457627118644
JVS_JVSMuSiC,wavlm_l12,12,67,1,0,1,1,raw,jvs005;jvs010;jvs016;jvs018;jvs021;jvs028;jvs031;jvs041;jvs042;jvs044;jvs045;jvs047;jvs049;jvs052;jvs053;jvs066;jvs074;jvs081;jvs085;jvs092,full_test_singing_centroid_per_speaker,0.1,0.45,8.55,0.2605486128938141,0.39210526315789473,0.9687625379452524,0.9664829460737532,0.002279591871499176,20,380,60,3540,0.0,train_calibrated,0.980310627495395,0.009887005649717515,0.0,train_calibrated,0.9831737495115445,0.000847457627118644
JVS_JVSMuSiC,wavlm_l12,12,67,1,0,1,1,correct_sign_global,jvs005;jvs010;jvs016;jvs018;jvs021;jvs028;jvs031;jvs041;jvs042;jvs044;jvs045;jvs047;jvs049;jvs052;jvs053;jvs066;jvs074;jvs081;jvs085;jvs092,full_test_singing_centroid_per_speaker,0.3,0.7,5.4,0.4771446608946608,0.36184210526315785,0.9908805637107465,0.9886860387308924,0.0021945249798540623,20,380,60,3540,0.0,train_calibrated,0.9971423765627607,0.009887005649717515,0.0,train_calibrated,0.9976230625116127,0.000847457627118644
JVS_JVSMuSiC,wavlm_l12,12,67,2,0,2,2,raw,jvs005;jvs010;jvs016;jvs018;jvs021;jvs028;jvs031;jvs041;jvs042;jvs044;jvs045;jvs047;jvs049;jvs052;jvs053;jvs066;jvs074;jvs081;jvs085;jvs092,full_test_singing_centroid_per_speaker,0.1,0.45,8.25,0.25584156340735287,0.45394736842105265,0.9697961532278917,0.9673906053273551,0.0024055479005365976,20,380,60,3540,0.05,train_calibrated,0.980310627495395,0.009887005649717515,0.0,train_calibrated,0.9831737495115445,0.000847457627118644
JVS_JVSMuSiC,wavlm_l12,12,67,2,0,2,2,correct_sign_global,jvs005;jvs010;jvs016;jvs018;jvs021;jvs028;jvs031;jvs041;jvs042;jvs044;jvs045;jvs047;jvs049;jvs052;jvs053;jvs066;jvs074;jvs081;jvs085;jvs092,full_test_singing_centroid_per_speaker,0.4,0.75,4.3,0.5541217320261438,0.30657894736842106,0.9932219941546954,0.990895291811611,0.002326702343084408,20,380,60,3540,0.0,train_calibrated,0.9971423765627607,0.009887005649717515,0.0,train_calibrated,0.9976230625116127,0.000847457627118644
JVS_JVSMuSiC,wavlm_l12,12,67,5,0,5,5,raw,jvs005;jvs010;jvs016;jvs018;jvs021;jvs028;jvs031;jvs041;jvs042;jvs044;jvs045;jvs047;jvs049;jvs052;jvs053;jvs066;jvs074;jvs081;jvs085;jvs092,full_test_singing_centroid_per_speaker,0.1,0.4,8.3,0.2520781944233957,0.45,0.9712557884434775,0.9689348033789666,0.0023209850645108387,20,380,60,3540,0.05,train_calibrated,0.980310627495395,0.009887005649717515,0.0,train_calibrated,0.9831737495115445,0.000847457627118644
JVS_JVSMuSiC,wavlm_l12,12,67,5,0,5,5,correct_sign_global,jvs005;jvs010;jvs016;jvs018;jvs021;jvs028;jvs031;jvs041;jvs042;jvs044;jvs045;jvs047;jvs049;jvs052;jvs053;jvs066;jvs074;jvs081;jvs085;jvs092,full_test_singing_centroid_per_speaker,0.4,0.75,4.2,0.5689656125608137,0.25,0.9947887605234195,0.9925463147616342,0.002242445761785228,20,380,60,3540,0.0,train_calibrated,0.9971423765627607,0.009887005649717515,0.0,train_calibrated,0.9976230625116127,0.000847457627118644
JVS_JVSMuSiC,wavlm_l12,12,67,10,0,10,10,raw,jvs005;jvs010;jvs016;jvs018;jvs021;jvs028;jvs031;jvs041;jvs042;jvs044;jvs045;jvs047;jvs049;jvs052;jvs053;jvs066;jvs074;jvs081;jvs085;jvs092,full_test_singing_centroid_per_speaker,0.1,0.45,8.4,0.24867567073449423,0.45,0.9718581935537387,0.9695325599643965,0.0023256335893422353,20,380,60,3540,0.0,train_calibrated,0.980310627495395,0.009887005649717515,0.0,train_calibrated,0.9831737495115445,0.000847457627118644
JVS_JVSMuSiC,wavlm_l12,12,67,10,0,10,10,correct_sign_global,jvs005;jvs010;jvs016;jvs018;jvs021;jvs028;jvs031;jvs041;jvs042;jvs044;jvs045;jvs047;jvs049;jvs052;jvs053;jvs066;jvs074;jvs081;jvs085;jvs092,full_test_singing_centroid_per_speaker,0.4,0.75,3.9,0.5707440476190475,0.25,0.9950963281510358,0.992854289512171,0.0022420386388647406,20,380,60,3540,0.0,train_calibrated,0.9971423765627607,0.009887005649717515,0.0,train_calibrated,0.9976230625116127,0.000847457627118644
JVS_JVSMuSiC,wavlm_l12,12,67,full,0,20,20,raw,jvs005;jvs010;jvs016;jvs018;jvs021;jvs028;jvs031;jvs041;jvs042;jvs044;jvs045;jvs047;jvs049;jvs052;jvs053;jvs066;jvs074;jvs081;jvs085;jvs092,full_test_singing_centroid_per_speaker,0.1,0.4,8.25,0.2486329356917592,0.45,0.971979631451085,0.9696763258087839,0.002303305642301079,20,380,60,3540,0.05,train_calibrated,0.980310627495395,0.009887005649717515,0.0,train_calibrated,0.9831737495115445,0.000847457627118644
JVS_JVSMuSiC,wavlm_l12,12,67,full,0,20,20,correct_sign_global,jvs005;jvs010;jvs016;jvs018;jvs021;jvs028;jvs031;jvs041;jvs042;jvs044;jvs045;jvs047;jvs049;jvs052;jvs053;jvs066;jvs074;jvs081;jvs085;jvs092,full_test_singing_centroid_per_speaker,0.4,0.7,4.2,0.5641018907563025,0.25,0.9953536928967578,0.9931314549845623,0.002222237912195446,20,380,60,3540,0.05,train_calibrated,0.9971423765627607,0.009887005649717515,0.0,train_calibrated,0.9976230625116127,0.000847457627118644
JVS_JVSMuSiC,wavlm_l12,12,71,1,0,1,1,raw,jvs001;jvs007;jvs009;jvs017;jvs028;jvs030;jvs033;jvs036;jvs046;jvs051;jvs071;jvs082;jvs085;jvs087;jvs090;jvs091;jvs094;jvs095;jvs096;jvs097,full_test_singing_centroid_per_speaker,0.15,0.35,8.75,0.2628058491216386,0.4894736842105263,0.9659334724714344,0.9630930518125009,0.002840420658933418,20,380,60,3540,0.05,train_calibrated,0.9812624683336122,0.009887005649717515,0.05,train_calibrated,0.9827791186616337,0.000847457627118644
JVS_JVSMuSiC,wavlm_l12,12,71,1,0,1,1,correct_sign_global,jvs001;jvs007;jvs009;jvs017;jvs028;jvs030;jvs033;jvs036;jvs046;jvs051;jvs071;jvs082;jvs085;jvs087;jvs090;jvs091;jvs094;jvs095;jvs096;jvs097,full_test_singing_centroid_per_speaker,0.25,0.6,5.3,0.40784722222222225,0.35,0.990537972861062,0.9877885523770997,0.002749420483962317,20,380,60,3540,0.0,train_calibrated,0.9970755432710483,0.009887005649717515,0.0,train_calibrated,0.9976470567036425,0.000847457627118644
JVS_JVSMuSiC,wavlm_l12,12,71,2,0,2,2,raw,jvs001;jvs007;jvs009;jvs017;jvs028;jvs030;jvs033;jvs036;jvs046;jvs051;jvs071;jvs082;jvs085;jvs087;jvs090;jvs091;jvs094;jvs095;jvs096;jvs097,full_test_singing_centroid_per_speaker,0.15,0.3,8.7,0.2655629786879787,0.40921052631578947,0.9689208733137848,0.9658694330275465,0.0030514402862383827,20,380,60,3540,0.0,train_calibrated,0.9812624683336122,0.009887005649717515,0.0,train_calibrated,0.9827791186616337,0.000847457627118644
JVS_JVSMuSiC,wavlm_l12,12,71,2,0,2,2,correct_sign_global,jvs001;jvs007;jvs009;jvs017;jvs028;jvs030;jvs033;jvs036;jvs046;jvs051;jvs071;jvs082;jvs085;jvs087;jvs090;jvs091;jvs094;jvs095;jvs096;jvs097,full_test_singing_centroid_per_speaker,0.3,0.7,4.2,0.4725582750582751,0.29605263157894735,0.9935430913270492,0.9906165683514015,0.0029265229756476607,20,380,60,3540,0.05,train_calibrated,0.9970755432710483,0.009887005649717515,0.0,train_calibrated,0.9976470567036425,0.000847457627118644
JVS_JVSMuSiC,wavlm_l12,12,71,5,0,5,5,raw,jvs001;jvs007;jvs009;jvs017;jvs028;jvs030;jvs033;jvs036;jvs046;jvs051;jvs071;jvs082;jvs085;jvs087;jvs090;jvs091;jvs094;jvs095;jvs096;jvs097,full_test_singing_centroid_per_speaker,0.15,0.35,8.45,0.26528013653013655,0.4118421052631579,0.9689621911955397,0.9657656781242855,0.0031965130712542367,20,380,60,3540,0.05,train_calibrated,0.9812624683336122,0.009887005649717515,0.0,train_calibrated,0.9827791186616337,0.000847457627118644
JVS_JVSMuSiC,wavlm_l12,12,71,5,0,5,5,correct_sign_global,jvs001;jvs007;jvs009;jvs017;jvs028;jvs030;jvs033;jvs036;jvs046;jvs051;jvs071;jvs082;jvs085;jvs087;jvs090;jvs091;jvs094;jvs095;jvs096;jvs097,full_test_singing_centroid_per_speaker,0.4,0.75,4.0,0.5387698412698412,0.25,0.9943454207005475,0.9912764484223451,0.003068972278202464,20,380,60,3540,0.05,train_calibrated,0.9970755432710483,0.009887005649717515,0.05,train_calibrated,0.9976470567036425,0.000847457627118644
JVS_JVSMuSiC,wavlm_l12,12,71,10,0,10,10,raw,jvs001;jvs007;jvs009;jvs017;jvs028;jvs030;jvs033;jvs036;jvs046;jvs051;jvs071;jvs082;jvs085;jvs087;jvs090;jvs091;jvs094;jvs095;jvs096;jvs097,full_test_singing_centroid_per_speaker,0.15,0.3,8.65,0.26278013653013654,0.45,0.9688097160740066,0.9656454728884558,0.0031642431855507525,20,380,60,3540,0.0,train_calibrated,0.9812624683336122,0.009887005649717515,0.0,train_calibrated,0.9827791186616337,0.000847457627118644
JVS_JVSMuSiC,wavlm_l12,12,71,10,0,10,10,correct_sign_global,jvs001;jvs007;jvs009;jvs017;jvs028;jvs030;jvs033;jvs036;jvs046;jvs051;jvs071;jvs082;jvs085;jvs087;jvs090;jvs091;jvs094;jvs095;jvs096;jvs097,full_test_singing_centroid_per_speaker,0.3,0.8,4.2,0.4809722222222222,0.2947368421052632,0.9947560160528586,0.991713677079332,0.0030423389735265705,20,380,60,3540,0.1,train_calibrated,0.9970755432710483,0.009887005649717515,0.1,train_calibrated,0.9976470567036425,0.000847457627118644
JVS_JVSMuSiC,wavlm_l12,12,71,full,0,20,20,raw,jvs001;jvs007;jvs009;jvs017;jvs028;jvs030;jvs033;jvs036;jvs046;jvs051;jvs071;jvs082;jvs085;jvs087;jvs090;jvs091;jvs094;jvs095;jvs096;jvs097,full_test_singing_centroid_per_speaker,0.15,0.35,8.6,0.2644468031968032,0.45,0.96959028173943,0.9665126067109105,0.003077675028519411,20,380,60,3540,0.05,train_calibrated,0.9812624683336122,0.009887005649717515,0.0,train_calibrated,0.9827791186616337,0.000847457627118644
JVS_JVSMuSiC,wavlm_l12,12,71,full,0,20,20,correct_sign_global,jvs001;jvs007;jvs009;jvs017;jvs028;jvs030;jvs033;jvs036;jvs046;jvs051;jvs071;jvs082;jvs085;jvs087;jvs090;jvs091;jvs094;jvs095;jvs096;jvs097,full_test_singing_centroid_per_speaker,0.3,0.8,4.1,0.49118055555555556,0.29605263157894735,0.9949373619128045,0.9919789760703428,0.002958385842461664,20,380,60,3540,0.1,train_calibrated,0.9970755432710483,0.009887005649717515,0.1,train_calibrated,0.9976470567036425,0.000847457627118644
JVS_JVSMuSiC,wavlm_l12,12,73,1,0,1,1,raw,jvs004;jvs007;jvs008;jvs010;jvs014;jvs033;jvs040;jvs041;jvs046;jvs051;jvs054;jvs055;jvs056;jvs061;jvs065;jvs066;jvs070;jvs074;jvs085;jvs092,full_test_singing_centroid_per_speaker,0.05,0.4,7.7,0.26592261904761905,0.4,0.9651027665788062,0.9625873656493321,0.0025154009294741098,20,380,60,3540,0.0,train_calibrated,0.9815082545595386,0.009887005649717515,0.0,train_calibrated,0.9837602233061351,0.000847457627118644
JVS_JVSMuSiC,wavlm_l12,12,73,1,0,1,1,correct_sign_global,jvs004;jvs007;jvs008;jvs010;jvs014;jvs033;jvs040;jvs041;jvs046;jvs051;jvs054;jvs055;jvs056;jvs061;jvs065;jvs066;jvs070;jvs074;jvs085;jvs092,full_test_singing_centroid_per_speaker,0.3,0.7,4.55,0.49534722222222216,0.35,0.9919708311629538,0.989539729570392,0.0024311015925617685,20,380,60,3540,0.0,train_calibrated,0.9970365235472882,0.009887005649717515,0.0,train_calibrated,0.997684645251288,0.000847457627118644
JVS_JVSMuSiC,wavlm_l12,12,73,2,0,2,2,raw,jvs004;jvs007;jvs008;jvs010;jvs014;jvs033;jvs040;jvs041;jvs046;jvs051;jvs054;jvs055;jvs056;jvs061;jvs065;jvs066;jvs070;jvs074;jvs085;jvs092,full_test_singing_centroid_per_speaker,0.05,0.4,8.05,0.2399120762278657,0.4381578947368421,0.9682140598095359,0.9657696918559928,0.0024443679535430807,20,380,60,3540,0.0,train_calibrated,0.9815082545595386,0.009887005649717515,0.0,train_calibrated,0.9837602233061351,0.000847457627118644
JVS_JVSMuSiC,wavlm_l12,12,73,2,0,2,2,correct_sign_global,jvs004;jvs007;jvs008;jvs010;jvs014;jvs033;jvs040;jvs041;jvs046;jvs051;jvs054;jvs055;jvs056;jvs061;jvs065;jvs066;jvs070;jvs074;jvs085;jvs092,full_test_singing_centroid_per_speaker,0.3,0.75,3.85,0.5185317460317459,0.2894736842105263,0.9940820008117954,0.991706631473295,0.002375369338500466,20,380,60,3540,0.0,train_calibrated,0.9970365235472882,0.009887005649717515,0.0,train_calibrated,0.997684645251288,0.000847457627118644
JVS_JVSMuSiC,wavlm_l12,12,73,5,0,5,5,raw,jvs004;jvs007;jvs008;jvs010;jvs014;jvs033;jvs040;jvs041;jvs046;jvs051;jvs054;jvs055;jvs056;jvs061;jvs065;jvs066;jvs070;jvs074;jvs085;jvs092,full_test_singing_centroid_per_speaker,0.05,0.4,8.25,0.24856592238171188,0.4,0.9689767381678495,0.9668483014302255,0.0021284367376239732,20,380,60,3540,0.0,train_calibrated,0.9815082545595386,0.009887005649717515,0.0,train_calibrated,0.9837602233061351,0.000847457627118644
JVS_JVSMuSiC,wavlm_l12,12,73,5,0,5,5,correct_sign_global,jvs004;jvs007;jvs008;jvs010;jvs014;jvs033;jvs040;jvs041;jvs046;jvs051;jvs054;jvs055;jvs056;jvs061;jvs065;jvs066;jvs070;jvs074;jvs085;jvs092,full_test_singing_centroid_per_speaker,0.35,0.75,4.4,0.531504884004884,0.25,0.9950881777703383,0.9930327272241823,0.002055450546155968,20,380,60,3540,0.05,train_calibrated,0.9970365235472882,0.009887005649717515,0.0,train_calibrated,0.997684645251288,0.000847457627118644
JVS_JVSMuSiC,wavlm_l12,12,73,10,0,10,10,raw,jvs004;jvs007;jvs008;jvs010;jvs014;jvs033;jvs040;jvs041;jvs046;jvs051;jvs054;jvs055;jvs056;jvs061;jvs065;jvs066;jvs070;jvs074;jvs085;jvs092,full_test_singing_centroid_per_speaker,0.05,0.4,8.25,0.2564989819691832,0.4,0.9692809231059151,0.9670232806954501,0.0022576424104649995,20,380,60,3540,0.0,train_calibrated,0.9815082545595386,0.009887005649717515,0.0,train_calibrated,0.9837602233061351,0.000847457627118644
JVS_JVSMuSiC,wavlm_l12,12,73,10,0,10,10,correct_sign_global,jvs004;jvs007;jvs008;jvs010;jvs014;jvs033;jvs040;jvs041;jvs046;jvs051;jvs054;jvs055;jvs056;jvs061;jvs065;jvs066;jvs070;jvs074;jvs085;jvs092,full_test_singing_centroid_per_speaker,0.45,0.75,4.2,0.5878261322011322,0.25,0.9955708310688756,0.9933860608158999,0.0021847702529756985,20,380,60,3540,0.15,train_calibrated,0.9970365235472882,0.009887005649717515,0.05,train_calibrated,0.997684645251288,0.000847457627118644
JVS_JVSMuSiC,wavlm_l12,12,73,full,0,20,20,raw,jvs004;jvs007;jvs008;jvs010;jvs014;jvs033;jvs040;jvs041;jvs046;jvs051;jvs054;jvs055;jvs056;jvs061;jvs065;jvs066;jvs070;jvs074;jvs085;jvs092,full_test_singing_centroid_per_speaker,0.05,0.4,8.1,0.26154497764017887,0.4,0.9697187501894117,0.9674408130395596,0.0022779371498520273,20,380,60,3540,0.0,train_calibrated,0.9815082545595386,0.009887005649717515,0.0,train_calibrated,0.9837602233061351,0.000847457627118644
JVS_JVSMuSiC,wavlm_l12,12,73,full,0,20,20,correct_sign_global,jvs004;jvs007;jvs008;jvs010;jvs014;jvs033;jvs040;jvs041;jvs046;jvs051;jvs054;jvs055;jvs056;jvs061;jvs065;jvs066;jvs070;jvs074;jvs085;jvs092,full_test_singing_centroid_per_speaker,0.4,0.8,3.9,0.5837388306138306,0.25,0.9958275883691987,0.9936207064312365,0.0022068819379622573,20,380,60,3540,0.2,train_calibrated,0.9970365235472882,0.009887005649717515,0.05,train_calibrated,0.997684645251288,0.000847457627118644
JVS_JVSMuSiC,wavlm_l12,12,79,1,0,1,1,raw,jvs013;jvs015;jvs017;jvs027;jvs030;jvs031;jvs042;jvs045;jvs046;jvs054;jvs058;jvs061;jvs066;jvs067;jvs071;jvs083;jvs085;jvs090;jvs091;jvs096,full_test_singing_centroid_per_speaker,0.15,0.35,9.05,0.26393504371445553,0.4921052631578947,0.9627039543694668,0.9594865096325924,0.003217444736874353,20,380,60,3540,0.0,train_calibrated,0.9817069616841512,0.009887005649717515,0.0,train_calibrated,0.984366202060398,0.000847457627118644
JVS_JVSMuSiC,wavlm_l12,12,79,1,0,1,1,correct_sign_global,jvs013;jvs015;jvs017;jvs027;jvs030;jvs031;jvs042;jvs045;jvs046;jvs054;jvs058;jvs061;jvs066;jvs067;jvs071;jvs083;jvs085;jvs090;jvs091;jvs096,full_test_singing_centroid_per_speaker,0.2,0.55,5.05,0.3863935574229692,0.39210526315789473,0.9892931398417719,0.9861958364601315,0.0030973033816403817,20,380,60,3540,0.0,train_calibrated,0.997103713984248,0.009887005649717515,0.0,train_calibrated,0.9975836963224582,0.000847457627118644
JVS_JVSMuSiC,wavlm_l12,12,79,2,0,2,2,raw,jvs013;jvs015;jvs017;jvs027;jvs030;jvs031;jvs042;jvs045;jvs046;jvs054;jvs058;jvs061;jvs066;jvs067;jvs071;jvs083;jvs085;jvs090;jvs091;jvs096,full_test_singing_centroid_per_speaker,0.1,0.3,9.45,0.22658119658119658,0.45789473684210524,0.966774970315444,0.964054053836294,0.0027209164791500706,20,380,60,3540,0.0,train_calibrated,0.9817069616841512,0.009887005649717515,0.0,train_calibrated,0.984366202060398,0.000847457627118644
JVS_JVSMuSiC,wavlm_l12,12,79,2,0,2,2,correct_sign_global,jvs013;jvs015;jvs017;jvs027;jvs030;jvs031;jvs042;jvs045;jvs046;jvs054;jvs058;jvs061;jvs066;jvs067;jvs071;jvs083;jvs085;jvs090;jvs091;jvs096,full_test_singing_centroid_per_speaker,0.3,0.55,5.25,0.43487103174603164,0.3,0.9926390920375331,0.9900080763482171,0.0026310156893160075,20,380,60,3540,0.0,train_calibrated,0.997103713984248,0.009887005649717515,0.0,train_calibrated,0.9975836963224582,0.000847457627118644
JVS_JVSMuSiC,wavlm_l12,12,79,5,0,5,5,raw,jvs013;jvs015;jvs017;jvs027;jvs030;jvs031;jvs042;jvs045;jvs046;jvs054;jvs058;jvs061;jvs066;jvs067;jvs071;jvs083;jvs085;jvs090;jvs091;jvs096,full_test_singing_centroid_per_speaker,0.15,0.35,9.0,0.27031440781440785,0.45,0.9688395610007612,0.96596367216101,0.002875888839751206,20,380,60,3540,0.05,train_calibrated,0.9817069616841512,0.009887005649717515,0.0,train_calibrated,0.984366202060398,0.000847457627118644
JVS_JVSMuSiC,wavlm_l12,12,79,5,0,5,5,correct_sign_global,jvs013;jvs015;jvs017;jvs027;jvs030;jvs031;jvs042;jvs045;jvs046;jvs054;jvs058;jvs061;jvs066;jvs067;jvs071;jvs083;jvs085;jvs090;jvs091;jvs096,full_test_singing_centroid_per_speaker,0.3,0.7,4.75,0.4662815656565657,0.35,0.9941766702126053,0.9914018520129745,0.0027748181996307686,20,380,60,3540,0.1,train_calibrated,0.997103713984248,0.009887005649717515,0.05,train_calibrated,0.9975836963224582,0.000847457627118644
JVS_JVSMuSiC,wavlm_l12,12,79,10,0,10,10,raw,jvs013;jvs015;jvs017;jvs027;jvs030;jvs031;jvs042;jvs045;jvs046;jvs054;jvs058;jvs061;jvs066;jvs067;jvs071;jvs083;jvs085;jvs090;jvs091;jvs096,full_test_singing_centroid_per_speaker,0.15,0.35,9.15,0.2646199633699634,0.4592105263157895,0.9687942046658533,0.9659627213652885,0.002831483300564819,20,380,60,3540,0.05,train_calibrated,0.9817069616841512,0.009887005649717515,0.0,train_calibrated,0.984366202060398,0.000847457627118644
JVS_JVSMuSiC,wavlm_l12,12,79,10,0,10,10,correct_sign_global,jvs013;jvs015;jvs017;jvs027;jvs030;jvs031;jvs042;jvs045;jvs046;jvs054;jvs058;jvs061;jvs066;jvs067;jvs071;jvs083;jvs085;jvs090;jvs091;jvs096,full_test_singing_centroid_per_speaker,0.3,0.65,4.9,0.4618470418470418,0.39210526315789473,0.9943591849643088,0.9916221100971433,0.0027370748671654566,20,380,60,3540,0.1,train_calibrated,0.997103713984248,0.009887005649717515,0.05,train_calibrated,0.9975836963224582,0.000847457627118644
JVS_JVSMuSiC,wavlm_l12,12,79,full,0,20,20,raw,jvs013;jvs015;jvs017;jvs027;jvs030;jvs031;jvs042;jvs045;jvs046;jvs054;jvs058;jvs061;jvs066;jvs067;jvs071;jvs083;jvs085;jvs090;jvs091;jvs096,full_test_singing_centroid_per_speaker,0.1,0.35,9.15,0.23985805860805862,0.45,0.9692032959952434,0.9663897414861059,0.0028135545091374503,20,380,60,3540,0.0,train_calibrated,0.9817069616841512,0.009887005649717515,0.0,train_calibrated,0.984366202060398,0.000847457627118644
JVS_JVSMuSiC,wavlm_l12,12,79,full,0,20,20,correct_sign_global,jvs013;jvs015;jvs017;jvs027;jvs030;jvs031;jvs042;jvs045;jvs046;jvs054;jvs058;jvs061;jvs066;jvs067;jvs071;jvs083;jvs085;jvs090;jvs091;jvs096,full_test_singing_centroid_per_speaker,0.3,0.65,5.05,0.461395757020757,0.35,0.994639342504281,0.9919256265980697,0.002713715906211278,20,380,60,3540,0.1,train_calibrated,0.997103713984248,0.009887005649717515,0.1,train_calibrated,0.9975836963224582,0.000847457627118644
JVS_JVSMuSiC,wavlm_l12,12,83,1,0,1,1,raw,jvs001;jvs006;jvs009;jvs012;jvs027;jvs028;jvs036;jvs038;jvs053;jvs059;jvs071;jvs072;jvs076;jvs077;jvs081;jvs085;jvs086;jvs094;jvs095;jvs100,full_test_singing_centroid_per_speaker,0.1,0.45,7.95,0.2644926111470229,0.45,0.9697931977087316,0.966147572757021,0.003645624951710613,20,380,60,3540,0.0,train_calibrated,0.9812296414773806,0.009887005649717515,0.0,train_calibrated,0.9826401961975593,0.000847457627118644
JVS_JVSMuSiC,wavlm_l12,12,83,1,0,1,1,correct_sign_global,jvs001;jvs006;jvs009;jvs012;jvs027;jvs028;jvs036;jvs038;jvs053;jvs059;jvs071;jvs072;jvs076;jvs077;jvs081;jvs085;jvs086;jvs094;jvs095;jvs100,full_test_singing_centroid_per_speaker,0.3,0.75,4.35,0.5010218253968253,0.3,0.990971216464278,0.9874684250473875,0.0035027914168904717,20,380,60,3540,0.0,train_calibrated,0.9971203132208872,0.009887005649717515,0.0,train_calibrated,0.9976270776763463,0.000847457627118644
JVS_JVSMuSiC,wavlm_l12,12,83,2,0,2,2,raw,jvs001;jvs006;jvs009;jvs012;jvs027;jvs028;jvs036;jvs038;jvs053;jvs059;jvs071;jvs072;jvs076;jvs077;jvs081;jvs085;jvs086;jvs094;jvs095;jvs100,full_test_singing_centroid_per_speaker,0.2,0.5,7.5,0.31992750305250306,0.4,0.9710213649055064,0.9673691692533727,0.003652195652133705,20,380,60,3540,0.0,train_calibrated,0.9812296414773806,0.009887005649717515,0.0,train_calibrated,0.9826401961975593,0.000847457627118644
JVS_JVSMuSiC,wavlm_l12,12,83,2,0,2,2,correct_sign_global,jvs001;jvs006;jvs009;jvs012;jvs027;jvs028;jvs036;jvs038;jvs053;jvs059;jvs071;jvs072;jvs076;jvs077;jvs081;jvs085;jvs086;jvs094;jvs095;jvs100,full_test_singing_centroid_per_speaker,0.4,0.85,3.5,0.5538888888888889,0.2,0.9931754020061965,0.9896603178895824,0.0035150841166140534,20,380,60,3540,0.0,train_calibrated,0.9971203132208872,0.009887005649717515,0.0,train_calibrated,0.9976270776763463,0.000847457627118644
JVS_JVSMuSiC,wavlm_l12,12,83,5,0,5,5,raw,jvs001;jvs006;jvs009;jvs012;jvs027;jvs028;jvs036;jvs038;jvs053;jvs059;jvs071;jvs072;jvs076;jvs077;jvs081;jvs085;jvs086;jvs094;jvs095;jvs100,full_test_singing_centroid_per_speaker,0.2,0.3,8.25,0.299456744236156,0.4421052631578948,0.9707817514807552,0.967550053485481,0.0032316979952742297,20,380,60,3540,0.05,train_calibrated,0.9812296414773806,0.009887005649717515,0.05,train_calibrated,0.9826401961975593,0.000847457627118644
JVS_JVSMuSiC,wavlm_l12,12,83,5,0,5,5,correct_sign_global,jvs001;jvs006;jvs009;jvs012;jvs027;jvs028;jvs036;jvs038;jvs053;jvs059;jvs071;jvs072;jvs076;jvs077;jvs081;jvs085;jvs086;jvs094;jvs095;jvs100,full_test_singing_centroid_per_speaker,0.45,0.85,3.05,0.6221794871794871,0.2118421052631579,0.994134950048909,0.9910292374982478,0.003105712550661166,20,380,60,3540,0.05,train_calibrated,0.9971203132208872,0.009887005649717515,0.0,train_calibrated,0.9976270776763463,0.000847457627118644
JVS_JVSMuSiC,wavlm_l12,12,83,10,0,10,10,raw,jvs001;jvs006;jvs009;jvs012;jvs027;jvs028;jvs036;jvs038;jvs053;jvs059;jvs071;jvs072;jvs076;jvs077;jvs081;jvs085;jvs086;jvs094;jvs095;jvs100,full_test_singing_centroid_per_speaker,0.2,0.35,8.3,0.30071770549711724,0.3894736842105263,0.9720207538518169,0.9686570696181807,0.0033636842336361994,20,380,60,3540,0.0,train_calibrated,0.9812296414773806,0.009887005649717515,0.0,train_calibrated,0.9826401961975593,0.000847457627118644
JVS_JVSMuSiC,wavlm_l12,12,83,10,0,10,10,correct_sign_global,jvs001;jvs006;jvs009;jvs012;jvs027;jvs028;jvs036;jvs038;jvs053;jvs059;jvs071;jvs072;jvs076;jvs077;jvs081;jvs085;jvs086;jvs094;jvs095;jvs100,full_test_singing_centroid_per_speaker,0.35,0.85,3.15,0.5545454545454546,0.20131578947368423,0.9948375307759593,0.9915991283100869,0.00323840246587237,20,380,60,3540,0.1,train_calibrated,0.9971203132208872,0.009887005649717515,0.0,train_calibrated,0.9976270776763463,0.000847457627118644
JVS_JVSMuSiC,wavlm_l12,12,83,full,0,20,20,raw,jvs001;jvs006;jvs009;jvs012;jvs027;jvs028;jvs036;jvs038;jvs053;jvs059;jvs071;jvs072;jvs076;jvs077;jvs081;jvs085;jvs086;jvs094;jvs095;jvs100,full_test_singing_centroid_per_speaker,0.2,0.4,8.0,0.30947496947496944,0.4,0.9722272652000574,0.9688545515951333,0.0033727136049240825,20,380,60,3540,0.05,train_calibrated,0.9812296414773806,0.009887005649717515,0.0,train_calibrated,0.9826401961975593,0.000847457627118644
JVS_JVSMuSiC,wavlm_l12,12,83,full,0,20,20,correct_sign_global,jvs001;jvs006;jvs009;jvs012;jvs027;jvs028;jvs036;jvs038;jvs053;jvs059;jvs071;jvs072;jvs076;jvs077;jvs081;jvs085;jvs086;jvs094;jvs095;jvs100,full_test_singing_centroid_per_speaker,0.4,0.85,3.1,0.5871794871794871,0.2,0.9951034635304389,0.9918574571307579,0.0032460063996809785,20,380,60,3540,0.1,train_calibrated,0.9971203132208872,0.009887005649717515,0.05,train_calibrated,0.9976270776763463,0.000847457627118644
JVS_JVSMuSiC,wavlm_l12,12,89,1,0,1,1,raw,jvs004;jvs006;jvs007;jvs011;jvs012;jvs017;jvs023;jvs027;jvs032;jvs035;jvs050;jvs057;jvs059;jvs062;jvs066;jvs068;jvs075;jvs089;jvs092;jvs097,full_test_singing_centroid_per_speaker,0.05,0.45,8.7,0.24648626292008644,0.44342105263157894,0.9647545364921953,0.962964483191233,0.0017900533009623798,20,380,60,3540,0.0,train_calibrated,0.9818135905053682,0.009887005649717515,0.0,train_calibrated,0.9837602233061351,0.000847457627118644
JVS_JVSMuSiC,wavlm_l12,12,89,1,0,1,1,correct_sign_global,jvs004;jvs006;jvs007;jvs011;jvs012;jvs017;jvs023;jvs027;jvs032;jvs035;jvs050;jvs057;jvs059;jvs062;jvs066;jvs068;jvs075;jvs089;jvs092;jvs097,full_test_singing_centroid_per_speaker,0.1,0.65,5.2,0.326271645021645,0.35,0.9909180624694287,0.9891713812352024,0.0017466812342262772,20,380,60,3540,0.0,train_calibrated,0.9968943986398509,0.009887005649717515,0.0,train_calibrated,0.9974941152715298,0.000847457627118644
JVS_JVSMuSiC,wavlm_l12,12,89,2,0,2,2,raw,jvs004;jvs006;jvs007;jvs011;jvs012;jvs017;jvs023;jvs027;jvs032;jvs035;jvs050;jvs057;jvs059;jvs062;jvs066;jvs068;jvs075;jvs089;jvs092;jvs097,full_test_singing_centroid_per_speaker,0.1,0.4,7.85,0.28233190420690424,0.44473684210526315,0.9704383632919826,0.9680308770428708,0.002407486249111801,20,380,60,3540,0.05,train_calibrated,0.9818135905053682,0.009887005649717515,0.0,train_calibrated,0.9837602233061351,0.000847457627118644
JVS_JVSMuSiC,wavlm_l12,12,89,2,0,2,2,correct_sign_global,jvs004;jvs006;jvs007;jvs011;jvs012;jvs017;jvs023;jvs027;jvs032;jvs035;jvs050;jvs057;jvs059;jvs062;jvs066;jvs068;jvs075;jvs089;jvs092;jvs097,full_test_singing_centroid_per_speaker,0.3,0.65,4.35,0.4709126984126984,0.29736842105263156,0.9937564238747398,0.9914239159142441,0.0023325079604957777,20,380,60,3540,0.0,train_calibrated,0.9968943986398509,0.009887005649717515,0.0,train_calibrated,0.9974941152715298,0.000847457627118644
JVS_JVSMuSiC,wavlm_l12,12,89,5,0,5,5,raw,jvs004;jvs006;jvs007;jvs011;jvs012;jvs017;jvs023;jvs027;jvs032;jvs035;jvs050;jvs057;jvs059;jvs062;jvs066;jvs068;jvs075;jvs089;jvs092;jvs097,full_test_singing_centroid_per_speaker,0.1,0.45,7.55,0.2923566017316017,0.4421052631578948,0.970593367576338,0.9680611662975345,0.002532201278803492,20,380,60,3540,0.0,train_calibrated,0.9818135905053682,0.009887005649717515,0.0,train_calibrated,0.9837602233061351,0.000847457627118644
JVS_JVSMuSiC,wavlm_l12,12,89,5,0,5,5,correct_sign_global,jvs004;jvs006;jvs007;jvs011;jvs012;jvs017;jvs023;jvs027;jvs032;jvs035;jvs050;jvs057;jvs059;jvs062;jvs066;jvs068;jvs075;jvs089;jvs092;jvs097,full_test_singing_centroid_per_speaker,0.35,0.75,4.0,0.49876678876678876,0.2907894736842105,0.9950885850192244,0.9926327327463381,0.0024558522728862497,20,380,60,3540,0.15,train_calibrated,0.9968943986398509,0.009887005649717515,0.0,train_calibrated,0.9974941152715298,0.000847457627118644
JVS_JVSMuSiC,wavlm_l12,12,89,10,0,10,10,raw,jvs004;jvs006;jvs007;jvs011;jvs012;jvs017;jvs023;jvs027;jvs032;jvs035;jvs050;jvs057;jvs059;jvs062;jvs066;jvs068;jvs075;jvs089;jvs092;jvs097,full_test_singing_centroid_per_speaker,0.1,0.45,7.7,0.28948593073593076,0.4,0.9712543814694723,0.9689672494294028,0.002287132040069473,20,380,60,3540,0.0,train_calibrated,0.9818135905053682,0.009887005649717515,0.0,train_calibrated,0.9837602233061351,0.000847457627118644
JVS_JVSMuSiC,wavlm_l12,12,89,10,0,10,10,correct_sign_global,jvs004;jvs006;jvs007;jvs011;jvs012;jvs017;jvs023;jvs027;jvs032;jvs035;jvs050;jvs057;jvs059;jvs062;jvs066;jvs068;jvs075;jvs089;jvs092;jvs097,full_test_singing_centroid_per_speaker,0.25,0.8,3.85,0.46585317460317455,0.29210526315789476,0.9954984633871948,0.993273946575615,0.0022245168115798686,20,380,60,3540,0.2,train_calibrated,0.9968943986398509,0.009887005649717515,0.1,train_calibrated,0.9974941152715298,0.000847457627118644
JVS_JVSMuSiC,wavlm_l12,12,89,full,0,20,20,raw,jvs004;jvs006;jvs007;jvs011;jvs012;jvs017;jvs023;jvs027;jvs032;jvs035;jvs050;jvs057;jvs059;jvs062;jvs066;jvs068;jvs075;jvs089;jvs092;jvs097,full_test_singing_centroid_per_speaker,0.1,0.45,7.7,0.2892397186147186,0.4039473684210526,0.9713803819260971,0.9690551186264686,0.002325263299628455,20,380,60,3540,0.0,train_calibrated,0.9818135905053682,0.009887005649717515,0.0,train_calibrated,0.9837602233061351,0.000847457627118644
JVS_JVSMuSiC,wavlm_l12,12,89,full,0,20,20,correct_sign_global,jvs004;jvs006;jvs007;jvs011;jvs012;jvs017;jvs023;jvs027;jvs032;jvs035;jvs050;jvs057;jvs059;jvs062;jvs066;jvs068;jvs075;jvs089;jvs092;jvs097,full_test_singing_centroid_per_speaker,0.3,0.75,3.9,0.4904334554334554,0.256578947368421,0.9957988519539756,0.9935406985287429,0.002258153425232612,20,380,60,3540,0.35,train_calibrated,0.9968943986398509,0.009887005649717515,0.15,train_calibrated,0.9974941152715298,0.000847457627118644
JVS_JVSMuSiC,wavlm_l12,12,97,1,0,1,1,raw,jvs019;jvs020;jvs025;jvs028;jvs031;jvs033;jvs041;jvs044;jvs046;jvs047;jvs056;jvs060;jvs062;jvs063;jvs064;jvs078;jvs085;jvs088;jvs097;jvs100,full_test_singing_centroid_per_speaker,0.1,0.45,8.6,0.24531030953051075,0.5,0.9671914826981649,0.9652677475300265,0.001923735168138374,20,380,60,3540,0.0,train_calibrated,0.980448171919921,0.009887005649717515,0.0,train_calibrated,0.9830743810735336,0.000847457627118644
JVS_JVSMuSiC,wavlm_l12,12,97,1,0,1,1,correct_sign_global,jvs019;jvs020;jvs025;jvs028;jvs031;jvs033;jvs041;jvs044;jvs046;jvs047;jvs056;jvs060;jvs062;jvs063;jvs064;jvs078;jvs085;jvs088;jvs097;jvs100,full_test_singing_centroid_per_speaker,0.25,0.6,5.6,0.42144716394716397,0.3526315789473684,0.9912765572931121,0.989402236470402,0.0018743208227101071,20,380,60,3540,0.0,train_calibrated,0.9970363702857279,0.009887005649717515,0.0,train_calibrated,0.9974992654573183,0.000847457627118644
JVS_JVSMuSiC,wavlm_l12,12,97,2,0,2,2,raw,jvs019;jvs020;jvs025;jvs028;jvs031;jvs033;jvs041;jvs044;jvs046;jvs047;jvs056;jvs060;jvs062;jvs063;jvs064;jvs078;jvs085;jvs088;jvs097;jvs100,full_test_singing_centroid_per_speaker,0.1,0.4,8.5,0.2578700414652427,0.3605263157894737,0.9691593611093549,0.9671921801444524,0.0019671809649024485,20,380,60,3540,0.05,train_calibrated,0.980448171919921,0.009887005649717515,0.0,train_calibrated,0.9830743810735336,0.000847457627118644
JVS_JVSMuSiC,wavlm_l12,12,97,2,0,2,2,correct_sign_global,jvs019;jvs020;jvs025;jvs028;jvs031;jvs033;jvs041;jvs044;jvs046;jvs047;jvs056;jvs060;jvs062;jvs063;jvs064;jvs078;jvs085;jvs088;jvs097;jvs100,full_test_singing_centroid_per_speaker,0.25,0.7,4.75,0.4582638888888889,0.35657894736842105,0.9929945662809854,0.9910750927999776,0.0019194734810077385,20,380,60,3540,0.0,train_calibrated,0.9970363702857279,0.009887005649717515,0.0,train_calibrated,0.9974992654573183,0.000847457627118644
JVS_JVSMuSiC,wavlm_l12,12,97,5,0,5,5,raw,jvs019;jvs020;jvs025;jvs028;jvs031;jvs033;jvs041;jvs044;jvs046;jvs047;jvs056;jvs060;jvs062;jvs063;jvs064;jvs078;jvs085;jvs088;jvs097;jvs100,full_test_singing_centroid_per_speaker,0.1,0.45,8.4,0.25270929942950066,0.4,0.9704160675859006,0.968311000400851,0.0021050671850495473,20,380,60,3540,0.0,train_calibrated,0.980448171919921,0.009887005649717515,0.0,train_calibrated,0.9830743810735336,0.000847457627118644
JVS_JVSMuSiC,wavlm_l12,12,97,5,0,5,5,correct_sign_global,jvs019;jvs020;jvs025;jvs028;jvs031;jvs033;jvs041;jvs044;jvs046;jvs047;jvs056;jvs060;jvs062;jvs063;jvs064;jvs078;jvs085;jvs088;jvs097;jvs100,full_test_singing_centroid_per_speaker,0.35,0.7,4.55,0.5259641053391053,0.3381578947368421,0.9947225081751156,0.9926711541452933,0.002051354029822372,20,380,60,3540,0.0,train_calibrated,0.9970363702857279,0.009887005649717515,0.0,train_calibrated,0.9974992654573183,0.000847457627118644
JVS_JVSMuSiC,wavlm_l12,12,97,10,0,10,10,raw,jvs019;jvs020;jvs025;jvs028;jvs031;jvs033;jvs041;jvs044;jvs046;jvs047;jvs056;jvs060;jvs062;jvs063;jvs064;jvs078;jvs085;jvs088;jvs097;jvs100,full_test_singing_centroid_per_speaker,0.05,0.45,8.6,0.22289252414252414,0.45,0.971004842584461,0.9688600229450571,0.0021448196394038277,20,380,60,3540,0.05,train_calibrated,0.980448171919921,0.009887005649717515,0.0,train_calibrated,0.9830743810735336,0.000847457627118644
JVS_JVSMuSiC,wavlm_l12,12,97,10,0,10,10,correct_sign_global,jvs019;jvs020;jvs025;jvs028;jvs031;jvs033;jvs041;jvs044;jvs046;jvs047;jvs056;jvs060;jvs062;jvs063;jvs064;jvs078;jvs085;jvs088;jvs097;jvs100,full_test_singing_centroid_per_speaker,0.25,0.65,4.55,0.447579365079365,0.2894736842105263,0.9952026186187439,0.9931105294040725,0.002092089214671411,20,380,60,3540,0.05,train_calibrated,0.9970363702857279,0.009887005649717515,0.05,train_calibrated,0.9974992654573183,0.000847457627118644
JVS_JVSMuSiC,wavlm_l12,12,97,full,0,20,20,raw,jvs019;jvs020;jvs025;jvs028;jvs031;jvs033;jvs041;jvs044;jvs046;jvs047;jvs056;jvs060;jvs062;jvs063;jvs064;jvs078;jvs085;jvs088;jvs097;jvs100,full_test_singing_centroid_per_speaker,0.1,0.5,8.55,0.2492413346457464,0.43947368421052635,0.9712024784525349,0.9690618368917768,0.0021406415607581053,20,380,60,3540,0.05,train_calibrated,0.980448171919921,0.009887005649717515,0.0,train_calibrated,0.9830743810735336,0.000847457627118644
JVS_JVSMuSiC,wavlm_l12,12,97,full,0,20,20,correct_sign_global,jvs019;jvs020;jvs025;jvs028;jvs031;jvs033;jvs041;jvs044;jvs046;jvs047;jvs056;jvs060;jvs062;jvs063;jvs064;jvs078;jvs085;jvs088;jvs097;jvs100,full_test_singing_centroid_per_speaker,0.3,0.7,4.4,0.4906349206349206,0.2934210526315789,0.9954864144505132,0.9933997892821604,0.0020866251683527848,20,380,60,3540,0.1,train_calibrated,0.9970363702857279,0.009887005649717515,0.05,train_calibrated,0.9974992654573183,0.000847457627118644
