dataset,model,layer,split_seed,variant,control_draw,test_speakers,trial_construction,threshold_policy,R1,R5,mean_rank,MRR,EER_test_descriptive,genuine_score_mean,impostor_score_mean,genuine_minus_impostor,test_genuine_trials,test_impostor_trials,train_genuine_trials,train_impostor_trials,TMR_at_FMR_1pct,TMR_at_FMR_1pct_status,TMR_at_FMR_1pct_train_threshold,TMR_at_FMR_1pct_train_FMR,TMR_at_FMR_0_1pct,TMR_at_FMR_0_1pct_status,TMR_at_FMR_0_1pct_train_threshold,TMR_at_FMR_0_1pct_train_FMR
JVS_JVSMuSiC,wavlm_l12,12,13,raw,,jvs005;jvs006;jvs010;jvs019;jvs020;jvs022;jvs027;jvs032;jvs041;jvs042;jvs044;jvs057;jvs058;jvs061;jvs063;jvs072;jvs076;jvs086;jvs095;jvs097,one_speaker_one_vote_centroids; diagonal_cross_mode_pairs_genuine; all_offdiagonal_cross_mode_pairs_impostor; train_speakers_excluded_from_test_trials,TMR thresholds chosen only from train-speaker impostor trials; test EER is descriptive ROC crossing,0.15,0.6,7.4,0.2882983193277311,0.38815789473684215,0.9727622289426059,0.970121518134044,0.0026407108085618747,20,380,60,3540,0.0,train_calibrated,0.9816736448132735,0.009887005649717515,0.0,train_calibrated,0.984366202060398,0.000847457627118644
JVS_JVSMuSiC,wavlm_l12,12,13,correct_sign_global,,jvs005;jvs006;jvs010;jvs019;jvs020;jvs022;jvs027;jvs032;jvs041;jvs042;jvs044;jvs057;jvs058;jvs061;jvs063;jvs072;jvs076;jvs086;jvs095;jvs097,one_speaker_one_vote_centroids; diagonal_cross_mode_pairs_genuine; all_offdiagonal_cross_mode_pairs_impostor; train_speakers_excluded_from_test_trials,TMR thresholds chosen only from train-speaker impostor trials; test EER is descriptive ROC crossing,0.45,0.85,3.55,0.6128739316239316,0.1986842105263158,0.9957489962635749,0.9931830291408679,0.002565967122707069,20,380,60,3540,0.2,train_calibrated,0.997071916652325,0.009887005649717515,0.15,train_calibrated,0.997700772223628,0.000847457627118644
JVS_JVSMuSiC,wavlm_l12,12,13,wrong_sign_global,,jvs005;jvs006;jvs010;jvs019;jvs020;jvs022;jvs027;jvs032;jvs041;jvs042;jvs044;jvs057;jvs058;jvs061;jvs063;jvs072;jvs076;jvs086;jvs095;jvs097,one_speaker_one_vote_centroids; diagonal_cross_mode_pairs_genuine; all_offdiagonal_cross_mode_pairs_impostor; train_speakers_excluded_from_test_trials,TMR thresholds chosen only from train-speaker impostor trials; test EER is descriptive ROC crossing,0.05,0.3,9.1,0.20441409897292248,0.4052631578947369,0.9012755182031815,0.8987039579825852,0.0025715602205963473,20,380,60,3540,0.0,train_calibrated,0.9230681812729017,0.009887005649717515,0.0,train_calibrated,0.9301936624498754,0.000847457627118644
JVS_JVSMuSiC,wavlm_l12,12,13,random_same_norm,0,jvs005;jvs006;jvs010;jvs019;jvs020;jvs022;jvs027;jvs032;jvs041;jvs042;jvs044;jvs057;jvs058;jvs061;jvs063;jvs072;jvs076;jvs086;jvs095;jvs097,one_speaker_one_vote_centroids; diagonal_cross_mode_pairs_genuine; all_offdiagonal_cross_mode_pairs_impostor; train_speakers_excluded_from_test_trials,TMR thresholds chosen only from train-speaker impostor trials; test EER is descriptive ROC crossing,0.15,0.65,7.25,0.2913392857142857,0.3986842105263158,0.9499346884389366,0.947341564299758,0.0025931241391785598,20,380,60,3540,0.0,train_calibrated,0.9582932433070097,0.009887005649717515,0.0,train_calibrated,0.9617097766970825,0.000847457627118644
JVS_JVSMuSiC,wavlm_l12,12,17,raw,,jvs002;jvs011;jvs030;jvs040;jvs042;jvs048;jvs050;jvs056;jvs063;jvs065;jvs069;jvs073;jvs075;jvs076;jvs080;jvs083;jvs086;jvs090;jvs091;jvs097,one_speaker_one_vote_centroids; diagonal_cross_mode_pairs_genuine; all_offdiagonal_cross_mode_pairs_impostor; train_speakers_excluded_from_test_trials,TMR thresholds chosen only from train-speaker impostor trials; test EER is descriptive ROC crossing,0.3,0.45,8.2,0.3956944137304043,0.4052631578947369,0.9741804049882713,0.9715614245443679,0.002618980443903407,20,380,60,3540,0.1,train_calibrated,0.9807363157439064,0.009887005649717515,0.0,train_calibrated,0.982870990688802,0.000847457627118644
JVS_JVSMuSiC,wavlm_l12,12,17,correct_sign_global,,jvs002;jvs011;jvs030;jvs040;jvs042;jvs048;jvs050;jvs056;jvs063;jvs065;jvs069;jvs073;jvs075;jvs076;jvs080;jvs083;jvs086;jvs090;jvs091;jvs097,one_speaker_one_vote_centroids; diagonal_cross_mode_pairs_genuine; all_offdiagonal_cross_mode_pairs_impostor; train_speakers_excluded_from_test_trials,TMR thresholds chosen only from train-speaker impostor trials; test EER is descriptive ROC crossing,0.45,0.65,4.15,0.5736011904761905,0.25,0.9958494663996096,0.9933099332908464,0.0025395331087632034,20,380,60,3540,0.35,train_calibrated,0.9968598560871347,0.009887005649717515,0.15,train_calibrated,0.9975138769898314,0.000847457627118644
JVS_JVSMuSiC,wavlm_l12,12,17,wrong_sign_global,,jvs002;jvs011;jvs030;jvs040;jvs042;jvs048;jvs050;jvs056;jvs063;jvs065;jvs069;jvs073;jvs075;jvs076;jvs080;jvs083;jvs086;jvs090;jvs091;jvs097,one_speaker_one_vote_centroids; diagonal_cross_mode_pairs_genuine; all_offdiagonal_cross_mode_pairs_impostor; train_speakers_excluded_from_test_trials,TMR thresholds chosen only from train-speaker impostor trials; test EER is descriptive ROC crossing,0.2,0.3,9.45,0.3028005970207982,0.5,0.9031433572100802,0.900594263385686,0.0025490938243941663,20,380,60,3540,0.0,train_calibrated,0.9208265368798254,0.009887005649717515,0.0,train_calibrated,0.9265666433484929,0.000847457627118644
JVS_JVSMuSiC,wavlm_l12,12,17,random_same_norm,0,jvs002;jvs011;jvs030;jvs040;jvs042;jvs048;jvs050;jvs056;jvs063;jvs065;jvs069;jvs073;jvs075;jvs076;jvs080;jvs083;jvs086;jvs090;jvs091;jvs097,one_speaker_one_vote_centroids; diagonal_cross_mode_pairs_genuine; all_offdiagonal_cross_mode_pairs_impostor; train_speakers_excluded_from_test_trials,TMR thresholds chosen only from train-speaker impostor trials; test EER is descriptive ROC crossing,0.2,0.4,8.4,0.3316963978573885,0.45789473684210524,0.9475283962896259,0.9449907991564999,0.0025375971331260683,20,380,60,3540,0.05,train_calibrated,0.9545453458036772,0.009887005649717515,0.0,train_calibrated,0.9568279031833418,0.000847457627118644
JVS_JVSMuSiC,wavlm_l12,12,19,raw,,jvs003;jvs009;jvs023;jvs030;jvs039;jvs040;jvs046;jvs051;jvs052;jvs055;jvs056;jvs062;jvs065;jvs073;jvs080;jvs083;jvs084;jvs088;jvs092;jvs099,one_speaker_one_vote_centroids; diagonal_cross_mode_pairs_genuine; all_offdiagonal_cross_mode_pairs_impostor; train_speakers_excluded_from_test_trials,TMR thresholds chosen only from train-speaker impostor trials; test EER is descriptive ROC crossing,0.1,0.4,8.85,0.23381860678880803,0.4421052631578948,0.9701998862642132,0.9670274736501654,0.0031724126140477704,20,380,60,3540,0.0,train_calibrated,0.9818478101931511,0.009887005649717515,0.0,train_calibrated,0.9831783934099845,0.000847457627118644
JVS_JVSMuSiC,wavlm_l12,12,19,correct_sign_global,,jvs003;jvs009;jvs023;jvs030;jvs039;jvs040;jvs046;jvs051;jvs052;jvs055;jvs056;jvs062;jvs065;jvs073;jvs080;jvs083;jvs084;jvs088;jvs092;jvs099,one_speaker_one_vote_centroids; diagonal_cross_mode_pairs_genuine; all_offdiagonal_cross_mode_pairs_impostor; train_speakers_excluded_from_test_trials,TMR thresholds chosen only from train-speaker impostor trials; test EER is descriptive ROC crossing,0.45,0.85,3.6,0.6171428571428571,0.3013157894736842,0.9947001797793533,0.9916441063418411,0.003056073437512241,20,380,60,3540,0.15,train_calibrated,0.9971638393019705,0.009887005649717515,0.05,train_calibrated,0.9976726962028457,0.000847457627118644
JVS_JVSMuSiC,wavlm_l12,12,19,wrong_sign_global,,jvs003;jvs009;jvs023;jvs030;jvs039;jvs040;jvs046;jvs051;jvs052;jvs055;jvs056;jvs062;jvs065;jvs073;jvs080;jvs083;jvs084;jvs088;jvs092;jvs099,one_speaker_one_vote_centroids; diagonal_cross_mode_pairs_genuine; all_offdiagonal_cross_mode_pairs_impostor; train_speakers_excluded_from_test_trials,TMR thresholds chosen only from train-speaker impostor trials; test EER is descriptive ROC crossing,0.1,0.3,9.8,0.2206120268620269,0.45,0.8981107028551136,0.8949968030398211,0.0031138998152925312,20,380,60,3540,0.0,train_calibrated,0.924227504289755,0.009887005649717515,0.0,train_calibrated,0.9290817709160575,0.000847457627118644
JVS_JVSMuSiC,wavlm_l12,12,19,random_same_norm,0,jvs003;jvs009;jvs023;jvs030;jvs039;jvs040;jvs046;jvs051;jvs052;jvs055;jvs056;jvs062;jvs065;jvs073;jvs080;jvs083;jvs084;jvs088;jvs092;jvs099,one_speaker_one_vote_centroids; diagonal_cross_mode_pairs_genuine; all_offdiagonal_cross_mode_pairs_impostor; train_speakers_excluded_from_test_trials,TMR thresholds chosen only from train-speaker impostor trials; test EER is descriptive ROC crossing,0.1,0.45,8.65,0.24354082901103027,0.45,0.9470789845325649,0.9439910867055511,0.003087897827013797,20,380,60,3540,0.0,train_calibrated,0.9591345410456391,0.009887005649717515,0.0,train_calibrated,0.960615391775747,0.000847457627118644
JVS_JVSMuSiC,wavlm_l12,12,23,raw,,jvs005;jvs012;jvs015;jvs018;jvs020;jvs032;jvs033;jvs035;jvs044;jvs048;jvs051;jvs053;jvs055;jvs057;jvs061;jvs063;jvs069;jvs070;jvs092;jvs095,one_speaker_one_vote_centroids; diagonal_cross_mode_pairs_genuine; all_offdiagonal_cross_mode_pairs_impostor; train_speakers_excluded_from_test_trials,TMR thresholds chosen only from train-speaker impostor trials; test EER is descriptive ROC crossing,0.15,0.45,8.0,0.28610111594631715,0.40921052631578947,0.971018510840697,0.9681829275558369,0.0028355832848601104,20,380,60,3540,0.0,train_calibrated,0.9821715999863242,0.009887005649717515,0.0,train_calibrated,0.984366202060398,0.000847457627118644
JVS_JVSMuSiC,wavlm_l12,12,23,correct_sign_global,,jvs005;jvs012;jvs015;jvs018;jvs020;jvs032;jvs033;jvs035;jvs044;jvs048;jvs051;jvs053;jvs055;jvs057;jvs061;jvs063;jvs069;jvs070;jvs092;jvs095,one_speaker_one_vote_centroids; diagonal_cross_mode_pairs_genuine; all_offdiagonal_cross_mode_pairs_impostor; train_speakers_excluded_from_test_trials,TMR thresholds chosen only from train-speaker impostor trials; test EER is descriptive ROC crossing,0.45,0.9,2.45,0.6475,0.16052631578947368,0.9958995195110549,0.9931401831065316,0.002759336404523305,20,380,60,3540,0.1,train_calibrated,0.9971370712342247,0.009887005649717515,0.0,train_calibrated,0.9976470544712375,0.000847457627118644
JVS_JVSMuSiC,wavlm_l12,12,23,wrong_sign_global,,jvs005;jvs012;jvs015;jvs018;jvs020;jvs032;jvs033;jvs035;jvs044;jvs048;jvs051;jvs053;jvs055;jvs057;jvs061;jvs063;jvs069;jvs070;jvs092;jvs095,one_speaker_one_vote_centroids; diagonal_cross_mode_pairs_genuine; all_offdiagonal_cross_mode_pairs_impostor; train_speakers_excluded_from_test_trials,TMR thresholds chosen only from train-speaker impostor trials; test EER is descriptive ROC crossing,0.1,0.35,9.3,0.2176098901098901,0.4513157894736842,0.8999815702329694,0.897205130740638,0.0027764394923314173,20,380,60,3540,0.0,train_calibrated,0.9258872255561211,0.009887005649717515,0.0,train_calibrated,0.9319079066803256,0.000847457627118644
JVS_JVSMuSiC,wavlm_l12,12,23,random_same_norm,0,jvs005;jvs012;jvs015;jvs018;jvs020;jvs032;jvs033;jvs035;jvs044;jvs048;jvs051;jvs053;jvs055;jvs057;jvs061;jvs063;jvs069;jvs070;jvs092;jvs095,one_speaker_one_vote_centroids; diagonal_cross_mode_pairs_genuine; all_offdiagonal_cross_mode_pairs_impostor; train_speakers_excluded_from_test_trials,TMR thresholds chosen only from train-speaker impostor trials; test EER is descriptive ROC crossing,0.2,0.45,7.85,0.31814171423691545,0.4421052631578948,0.9493304582682504,0.9465487967363317,0.002781661531918611,20,380,60,3540,0.0,train_calibrated,0.9599153246767259,0.009887005649717515,0.0,train_calibrated,0.9626350089931157,0.000847457627118644
JVS_JVSMuSiC,wavlm_l12,12,29,raw,,jvs003;jvs004;jvs018;jvs024;jvs027;jvs032;jvs042;jvs045;jvs050;jvs051;jvs052;jvs055;jvs059;jvs062;jvs069;jvs075;jvs076;jvs077;jvs085;jvs090,one_speaker_one_vote_centroids; diagonal_cross_mode_pairs_genuine; all_offdiagonal_cross_mode_pairs_impostor; train_speakers_excluded_from_test_trials,TMR thresholds chosen only from train-speaker impostor trials; test EER is descriptive ROC crossing,0.15,0.5,8.4,0.2696971288515407,0.4,0.9727686563124394,0.9708015804605096,0.0019670758519297893,20,380,60,3540,0.15,train_calibrated,0.9807775780478618,0.009887005649717515,0.0,train_calibrated,0.982870990688802,0.000847457627118644
JVS_JVSMuSiC,wavlm_l12,12,29,correct_sign_global,,jvs003;jvs004;jvs018;jvs024;jvs027;jvs032;jvs042;jvs045;jvs050;jvs051;jvs052;jvs055;jvs059;jvs062;jvs069;jvs075;jvs076;jvs077;jvs085;jvs090,one_speaker_one_vote_centroids; diagonal_cross_mode_pairs_genuine; all_offdiagonal_cross_mode_pairs_impostor; train_speakers_excluded_from_test_trials,TMR thresholds chosen only from train-speaker impostor trials; test EER is descriptive ROC crossing,0.4,0.85,4.5,0.5484649122807017,0.2618421052631579,0.9950709537604243,0.9931552460017542,0.0019157077586701154,20,380,60,3540,0.2,train_calibrated,0.9971007962955863,0.009887005649717515,0.05,train_calibrated,0.9976189758293048,0.000847457627118644
JVS_JVSMuSiC,wavlm_l12,12,29,wrong_sign_global,,jvs003;jvs004;jvs018;jvs024;jvs027;jvs032;jvs042;jvs045;jvs050;jvs051;jvs052;jvs055;jvs059;jvs062;jvs069;jvs075;jvs076;jvs077;jvs085;jvs090,one_speaker_one_vote_centroids; diagonal_cross_mode_pairs_genuine; all_offdiagonal_cross_mode_pairs_impostor; train_speakers_excluded_from_test_trials,TMR thresholds chosen only from train-speaker impostor trials; test EER is descriptive ROC crossing,0.15,0.3,9.25,0.25404236694677873,0.45263157894736844,0.9011896613768904,0.8992635663914454,0.0019260949854449372,20,380,60,3540,0.0,train_calibrated,0.9203423756240849,0.009887005649717515,0.0,train_calibrated,0.9274756252852594,0.000847457627118644
JVS_JVSMuSiC,wavlm_l12,12,29,random_same_norm,0,jvs003;jvs004;jvs018;jvs024;jvs027;jvs032;jvs042;jvs045;jvs050;jvs051;jvs052;jvs055;jvs059;jvs062;jvs069;jvs075;jvs076;jvs077;jvs085;jvs090,one_speaker_one_vote_centroids; diagonal_cross_mode_pairs_genuine; all_offdiagonal_cross_mode_pairs_impostor; train_speakers_excluded_from_test_trials,TMR thresholds chosen only from train-speaker impostor trials; test EER is descriptive ROC crossing,0.15,0.45,8.35,0.2704334554334554,0.4013157894736842,0.9475425548021347,0.9456378597658954,0.0019046950362392456,20,380,60,3540,0.1,train_calibrated,0.9560701587422205,0.009887005649717515,0.0,train_calibrated,0.9582694360728533,0.000847457627118644
JVS_JVSMuSiC,wavlm_l12,12,31,raw,,jvs009;jvs010;jvs015;jvs017;jvs019;jvs027;jvs031;jvs032;jvs036;jvs042;jvs045;jvs046;jvs052;jvs065;jvs066;jvs071;jvs084;jvs086;jvs088;jvs098,one_speaker_one_vote_centroids; diagonal_cross_mode_pairs_genuine; all_offdiagonal_cross_mode_pairs_impostor; train_speakers_excluded_from_test_trials,TMR thresholds chosen only from train-speaker impostor trials; test EER is descriptive ROC crossing,0.1,0.45,8.85,0.2400694444444444,0.45,0.9688858402911439,0.9651854286843363,0.003700411606807563,20,380,60,3540,0.0,train_calibrated,0.9808880349276441,0.009887005649717515,0.0,train_calibrated,0.984366202060398,0.000847457627118644
JVS_JVSMuSiC,wavlm_l12,12,31,correct_sign_global,,jvs009;jvs010;jvs015;jvs017;jvs019;jvs027;jvs031;jvs032;jvs036;jvs042;jvs045;jvs046;jvs052;jvs065;jvs066;jvs071;jvs084;jvs086;jvs088;jvs098,one_speaker_one_vote_centroids; diagonal_cross_mode_pairs_genuine; all_offdiagonal_cross_mode_pairs_impostor; train_speakers_excluded_from_test_trials,TMR thresholds chosen only from train-speaker impostor trials; test EER is descriptive ROC crossing,0.4,0.75,3.8,0.5855800653594772,0.3,0.9937968311324645,0.9902471197021444,0.003549711430320124,20,380,60,3540,0.1,train_calibrated,0.9970899172005135,0.009887005649717515,0.05,train_calibrated,0.9976543949182388,0.000847457627118644
JVS_JVSMuSiC,wavlm_l12,12,31,wrong_sign_global,,jvs009;jvs010;jvs015;jvs017;jvs019;jvs027;jvs031;jvs032;jvs036;jvs042;jvs045;jvs046;jvs052;jvs065;jvs066;jvs071;jvs084;jvs086;jvs088;jvs098,one_speaker_one_vote_centroids; diagonal_cross_mode_pairs_genuine; all_offdiagonal_cross_mode_pairs_impostor; train_speakers_excluded_from_test_trials,TMR thresholds chosen only from train-speaker impostor trials; test EER is descriptive ROC crossing,0.1,0.3,9.75,0.22557414807414808,0.4894736842105263,0.8950575613952877,0.8914312581390573,0.0036263032562303676,20,380,60,3540,0.0,train_calibrated,0.9216810576034999,0.009887005649717515,0.0,train_calibrated,0.9288992994901053,0.000847457627118644
JVS_JVSMuSiC,wavlm_l12,12,31,random_same_norm,0,jvs009;jvs010;jvs015;jvs017;jvs019;jvs027;jvs031;jvs032;jvs036;jvs042;jvs045;jvs046;jvs052;jvs065;jvs066;jvs071;jvs084;jvs086;jvs088;jvs098,one_speaker_one_vote_centroids; diagonal_cross_mode_pairs_genuine; all_offdiagonal_cross_mode_pairs_impostor; train_speakers_excluded_from_test_trials,TMR thresholds chosen only from train-speaker impostor trials; test EER is descriptive ROC crossing,0.1,0.35,9.0,0.2428885207929325,0.45,0.9463669754620767,0.9427872787916071,0.0035796966704696453,20,380,60,3540,0.0,train_calibrated,0.958756542650262,0.009887005649717515,0.0,train_calibrated,0.9617570043428547,0.000847457627118644
JVS_JVSMuSiC,wavlm_l12,12,37,raw,,jvs003;jvs005;jvs010;jvs013;jvs015;jvs028;jvs029;jvs038;jvs050;jvs053;jvs056;jvs060;jvs075;jvs083;jvs086;jvs087;jvs089;jvs092;jvs095;jvs096,one_speaker_one_vote_centroids; diagonal_cross_mode_pairs_genuine; all_offdiagonal_cross_mode_pairs_impostor; train_speakers_excluded_from_test_trials,TMR thresholds chosen only from train-speaker impostor trials; test EER is descriptive ROC crossing,0.25,0.35,8.0,0.35203108875128997,0.4,0.972427280717435,0.9689354184152512,0.0034918623021837902,20,380,60,3540,0.0,train_calibrated,0.9812624683336122,0.009887005649717515,0.0,train_calibrated,0.9831783934099845,0.000847457627118644
JVS_JVSMuSiC,wavlm_l12,12,37,correct_sign_global,,jvs003;jvs005;jvs010;jvs013;jvs015;jvs028;jvs029;jvs038;jvs050;jvs053;jvs056;jvs060;jvs075;jvs083;jvs086;jvs087;jvs089;jvs092;jvs095;jvs096,one_speaker_one_vote_centroids; diagonal_cross_mode_pairs_genuine; all_offdiagonal_cross_mode_pairs_impostor; train_speakers_excluded_from_test_trials,TMR thresholds chosen only from train-speaker impostor trials; test EER is descriptive ROC crossing,0.4,0.8,3.9,0.5867089598997494,0.3,0.9952238758408685,0.9918501038393375,0.0033737720015309947,20,380,60,3540,0.2,train_calibrated,0.9970332719386936,0.009887005649717515,0.05,train_calibrated,0.9974733657695491,0.000847457627118644
JVS_JVSMuSiC,wavlm_l12,12,37,wrong_sign_global,,jvs003;jvs005;jvs010;jvs013;jvs015;jvs028;jvs029;jvs038;jvs050;jvs053;jvs056;jvs060;jvs075;jvs083;jvs086;jvs087;jvs089;jvs092;jvs095;jvs096,one_speaker_one_vote_centroids; diagonal_cross_mode_pairs_genuine; all_offdiagonal_cross_mode_pairs_impostor; train_speakers_excluded_from_test_trials,TMR thresholds chosen only from train-speaker impostor trials; test EER is descriptive ROC crossing,0.15,0.3,9.5,0.25298442055021,0.49078947368421055,0.9009782669037708,0.8975596192062764,0.003418647697494448,20,380,60,3540,0.0,train_calibrated,0.922459506166624,0.009887005649717515,0.0,train_calibrated,0.9263052272557131,0.000847457627118644
JVS_JVSMuSiC,wavlm_l12,12,37,random_same_norm,0,jvs003;jvs005;jvs010;jvs013;jvs015;jvs028;jvs029;jvs038;jvs050;jvs053;jvs056;jvs060;jvs075;jvs083;jvs086;jvs087;jvs089;jvs092;jvs095;jvs096,one_speaker_one_vote_centroids; diagonal_cross_mode_pairs_genuine; all_offdiagonal_cross_mode_pairs_impostor; train_speakers_excluded_from_test_trials,TMR thresholds chosen only from train-speaker impostor trials; test EER is descriptive ROC crossing,0.25,0.35,8.1,0.3519409501317396,0.45,0.9486701430442708,0.9452810661086604,0.0033890769356104133,20,380,60,3540,0.0,train_calibrated,0.9577540815203492,0.009887005649717515,0.0,train_calibrated,0.9594743188908779,0.000847457627118644
JVS_JVSMuSiC,wavlm_l12,12,41,raw,,jvs015;jvs020;jvs021;jvs024;jvs027;jvs032;jvs034;jvs039;jvs040;jvs046;jvs050;jvs052;jvs053;jvs056;jvs064;jvs077;jvs079;jvs081;jvs092;jvs100,one_speaker_one_vote_centroids; diagonal_cross_mode_pairs_genuine; all_offdiagonal_cross_mode_pairs_impostor; train_speakers_excluded_from_test_trials,TMR thresholds chosen only from train-speaker impostor trials; test EER is descriptive ROC crossing,0.1,0.35,8.9,0.2459272875816993,0.4421052631578948,0.9693508346481217,0.9672755032107121,0.0020753314374095666,20,380,60,3540,0.05,train_calibrated,0.9808083548595964,0.009887005649717515,0.0,train_calibrated,0.9837602233061351,0.000847457627118644
JVS_JVSMuSiC,wavlm_l12,12,41,correct_sign_global,,jvs015;jvs020;jvs021;jvs024;jvs027;jvs032;jvs034;jvs039;jvs040;jvs046;jvs050;jvs052;jvs053;jvs056;jvs064;jvs077;jvs079;jvs081;jvs092;jvs100,one_speaker_one_vote_centroids; diagonal_cross_mode_pairs_genuine; all_offdiagonal_cross_mode_pairs_impostor; train_speakers_excluded_from_test_trials,TMR thresholds chosen only from train-speaker impostor trials; test EER is descriptive ROC crossing,0.3,0.7,5.35,0.4686706349206348,0.3,0.9950459406051035,0.9930178751261428,0.0020280654789607278,20,380,60,3540,0.1,train_calibrated,0.9971820170507176,0.009887005649717515,0.1,train_calibrated,0.9976193558875306,0.000847457627118644
JVS_JVSMuSiC,wavlm_l12,12,41,wrong_sign_global,,jvs015;jvs020;jvs021;jvs024;jvs027;jvs032;jvs034;jvs039;jvs040;jvs046;jvs050;jvs052;jvs053;jvs056;jvs064;jvs077;jvs079;jvs081;jvs092;jvs100,one_speaker_one_vote_centroids; diagonal_cross_mode_pairs_genuine; all_offdiagonal_cross_mode_pairs_impostor; train_speakers_excluded_from_test_trials,TMR thresholds chosen only from train-speaker impostor trials; test EER is descriptive ROC crossing,0.05,0.35,9.75,0.19572743841126194,0.45263157894736844,0.8965493065874313,0.8945261122228417,0.002023194364589531,20,380,60,3540,0.0,train_calibrated,0.921936562882739,0.009887005649717515,0.0,train_calibrated,0.9290139809634368,0.000847457627118644
JVS_JVSMuSiC,wavlm_l12,12,41,random_same_norm,0,jvs015;jvs020;jvs021;jvs024;jvs027;jvs032;jvs034;jvs039;jvs040;jvs046;jvs050;jvs052;jvs053;jvs056;jvs064;jvs077;jvs079;jvs081;jvs092;jvs100,one_speaker_one_vote_centroids; diagonal_cross_mode_pairs_genuine; all_offdiagonal_cross_mode_pairs_impostor; train_speakers_excluded_from_test_trials,TMR thresholds chosen only from train-speaker impostor trials; test EER is descriptive ROC crossing,0.1,0.4,8.85,0.24444080837463183,0.45,0.9461322387989973,0.9441147567531073,0.002017482045890029,20,380,60,3540,0.05,train_calibrated,0.957052468672476,0.009887005649717515,0.0,train_calibrated,0.9603970565830084,0.000847457627118644
JVS_JVSMuSiC,wavlm_l12,12,43,raw,,jvs001;jvs005;jvs012;jvs016;jvs028;jvs033;jvs041;jvs047;jvs048;jvs053;jvs055;jvs060;jvs064;jvs068;jvs069;jvs074;jvs080;jvs082;jvs085;jvs090,one_speaker_one_vote_centroids; diagonal_cross_mode_pairs_genuine; all_offdiagonal_cross_mode_pairs_impostor; train_speakers_excluded_from_test_trials,TMR thresholds chosen only from train-speaker impostor trials; test EER is descriptive ROC crossing,0.1,0.25,8.7,0.24355214230214234,0.45,0.9707472094459186,0.9684959138794932,0.0022512955664254486,20,380,60,3540,0.0,train_calibrated,0.9816202919104213,0.009887005649717515,0.0,train_calibrated,0.9833159668548491,0.000847457627118644
JVS_JVSMuSiC,wavlm_l12,12,43,correct_sign_global,,jvs001;jvs005;jvs012;jvs016;jvs028;jvs033;jvs041;jvs047;jvs048;jvs053;jvs055;jvs060;jvs064;jvs068;jvs069;jvs074;jvs080;jvs082;jvs085;jvs090,one_speaker_one_vote_centroids; diagonal_cross_mode_pairs_genuine; all_offdiagonal_cross_mode_pairs_impostor; train_speakers_excluded_from_test_trials,TMR thresholds chosen only from train-speaker impostor trials; test EER is descriptive ROC crossing,0.3,0.7,4.3,0.49223901098901096,0.25,0.9955491271321101,0.9933649420742094,0.002184185057900634,20,380,60,3540,0.1,train_calibrated,0.9969708550949767,0.009887005649717515,0.0,train_calibrated,0.9976041461936338,0.000847457627118644
JVS_JVSMuSiC,wavlm_l12,12,43,wrong_sign_global,,jvs001;jvs005;jvs012;jvs016;jvs028;jvs033;jvs041;jvs047;jvs048;jvs053;jvs055;jvs060;jvs064;jvs068;jvs069;jvs074;jvs080;jvs082;jvs085;jvs090,one_speaker_one_vote_centroids; diagonal_cross_mode_pairs_genuine; all_offdiagonal_cross_mode_pairs_impostor; train_speakers_excluded_from_test_trials,TMR thresholds chosen only from train-speaker impostor trials; test EER is descriptive ROC crossing,0.1,0.25,9.5,0.21059398934398935,0.4605263157894737,0.897372382814854,0.8951640378056744,0.0022083450091795465,20,380,60,3540,0.0,train_calibrated,0.9223719574806514,0.009887005649717515,0.0,train_calibrated,0.9268836308542237,0.000847457627118644
JVS_JVSMuSiC,wavlm_l12,12,43,random_same_norm,0,jvs001;jvs005;jvs012;jvs016;jvs028;jvs033;jvs041;jvs047;jvs048;jvs053;jvs055;jvs060;jvs064;jvs068;jvs069;jvs074;jvs080;jvs082;jvs085;jvs090,one_speaker_one_vote_centroids; diagonal_cross_mode_pairs_genuine; all_offdiagonal_cross_mode_pairs_impostor; train_speakers_excluded_from_test_trials,TMR thresholds chosen only from train-speaker impostor trials; test EER is descriptive ROC crossing,0.1,0.25,8.2,0.25508658008658014,0.45,0.9484147093629869,0.9462164996408227,0.002198209722164224,20,380,60,3540,0.0,train_calibrated,0.9584104549705479,0.009887005649717515,0.0,train_calibrated,0.9601573342003429,0.000847457627118644
JVS_JVSMuSiC,wavlm_l12,12,47,raw,,jvs010;jvs011;jvs017;jvs023;jvs028;jvs030;jvs040;jvs050;jvs053;jvs059;jvs064;jvs076;jvs078;jvs082;jvs084;jvs087;jvs093;jvs094;jvs095;jvs096,one_speaker_one_vote_centroids; diagonal_cross_mode_pairs_genuine; all_offdiagonal_cross_mode_pairs_impostor; train_speakers_excluded_from_test_trials,TMR thresholds chosen only from train-speaker impostor trials; test EER is descriptive ROC crossing,0.15,0.3,7.85,0.29876172438672444,0.4,0.9712266251010044,0.9676815904152384,0.0035450346857660575,20,380,60,3540,0.05,train_calibrated,0.9810032768423229,0.009887005649717515,0.0,train_calibrated,0.9831737495115445,0.000847457627118644
JVS_JVSMuSiC,wavlm_l12,12,47,correct_sign_global,,jvs010;jvs011;jvs017;jvs023;jvs028;jvs030;jvs040;jvs050;jvs053;jvs059;jvs064;jvs076;jvs078;jvs082;jvs084;jvs087;jvs093;jvs094;jvs095;jvs096,one_speaker_one_vote_centroids; diagonal_cross_mode_pairs_genuine; all_offdiagonal_cross_mode_pairs_impostor; train_speakers_excluded_from_test_trials,TMR thresholds chosen only from train-speaker impostor trials; test EER is descriptive ROC crossing,0.3,0.75,4.4,0.47398989898989896,0.3,0.9945236102705343,0.9910969938426888,0.0034266164278454747,20,380,60,3540,0.15,train_calibrated,0.9967949809099242,0.009887005649717515,0.15,train_calibrated,0.9975380019362292,0.000847457627118644
JVS_JVSMuSiC,wavlm_l12,12,47,wrong_sign_global,,jvs010;jvs011;jvs017;jvs023;jvs028;jvs030;jvs040;jvs050;jvs053;jvs059;jvs064;jvs076;jvs078;jvs082;jvs084;jvs087;jvs093;jvs094;jvs095;jvs096,one_speaker_one_vote_centroids; diagonal_cross_mode_pairs_genuine; all_offdiagonal_cross_mode_pairs_impostor; train_speakers_excluded_from_test_trials,TMR thresholds chosen only from train-speaker impostor trials; test EER is descriptive ROC crossing,0.15,0.3,9.5,0.2540251363703376,0.45,0.8982445322115697,0.8947895412664405,0.0034549909451292438,20,380,60,3540,0.0,train_calibrated,0.9207425837915594,0.009887005649717515,0.0,train_calibrated,0.9253217687781315,0.000847457627118644
JVS_JVSMuSiC,wavlm_l12,12,47,random_same_norm,0,jvs010;jvs011;jvs017;jvs023;jvs028;jvs030;jvs040;jvs050;jvs053;jvs059;jvs064;jvs076;jvs078;jvs082;jvs084;jvs087;jvs093;jvs094;jvs095;jvs096,one_speaker_one_vote_centroids; diagonal_cross_mode_pairs_genuine; all_offdiagonal_cross_mode_pairs_impostor; train_speakers_excluded_from_test_trials,TMR thresholds chosen only from train-speaker impostor trials; test EER is descriptive ROC crossing,0.15,0.35,8.1,0.2879283910533911,0.4,0.9453866953760638,0.9419415072943154,0.0034451880817484293,20,380,60,3540,0.05,train_calibrated,0.9553345593084479,0.009887005649717515,0.0,train_calibrated,0.9574327583187263,0.000847457627118644
JVS_JVSMuSiC,wavlm_l12,12,53,raw,,jvs003;jvs013;jvs015;jvs023;jvs024;jvs026;jvs040;jvs042;jvs058;jvs062;jvs073;jvs076;jvs079;jvs083;jvs084;jvs086;jvs089;jvs090;jvs095;jvs099,one_speaker_one_vote_centroids; diagonal_cross_mode_pairs_genuine; all_offdiagonal_cross_mode_pairs_impostor; train_speakers_excluded_from_test_trials,TMR thresholds chosen only from train-speaker impostor trials; test EER is descriptive ROC crossing,0.1,0.3,8.7,0.2568744164332399,0.4381578947368421,0.9705942688421271,0.9673783456231556,0.0032159232189714615,20,380,60,3540,0.0,train_calibrated,0.9800844564093842,0.009887005649717515,0.0,train_calibrated,0.982447343335898,0.000847457627118644
JVS_JVSMuSiC,wavlm_l12,12,53,correct_sign_global,,jvs003;jvs013;jvs015;jvs023;jvs024;jvs026;jvs040;jvs042;jvs058;jvs062;jvs073;jvs076;jvs079;jvs083;jvs084;jvs086;jvs089;jvs090;jvs095;jvs099,one_speaker_one_vote_centroids; diagonal_cross_mode_pairs_genuine; all_offdiagonal_cross_mode_pairs_impostor; train_speakers_excluded_from_test_trials,TMR thresholds chosen only from train-speaker impostor trials; test EER is descriptive ROC crossing,0.25,0.7,4.65,0.47971491228070173,0.3486842105263158,0.9936430980199527,0.9905423666437259,0.003100731376226795,20,380,60,3540,0.05,train_calibrated,0.9971850412820114,0.009887005649717515,0.0,train_calibrated,0.9977587722597974,0.000847457627118644
JVS_JVSMuSiC,wavlm_l12,12,53,wrong_sign_global,,jvs003;jvs013;jvs015;jvs023;jvs024;jvs026;jvs040;jvs042;jvs058;jvs062;jvs073;jvs076;jvs079;jvs083;jvs084;jvs086;jvs089;jvs090;jvs095;jvs099,one_speaker_one_vote_centroids; diagonal_cross_mode_pairs_genuine; all_offdiagonal_cross_mode_pairs_impostor; train_speakers_excluded_from_test_trials,TMR thresholds chosen only from train-speaker impostor trials; test EER is descriptive ROC crossing,0.05,0.3,9.65,0.21270689686130867,0.4592105263157895,0.8978809668698927,0.8947446885837581,0.0031362782861346084,20,380,60,3540,0.0,train_calibrated,0.9178966917743006,0.009887005649717515,0.0,train_calibrated,0.9258289327275022,0.000847457627118644
JVS_JVSMuSiC,wavlm_l12,12,53,random_same_norm,0,jvs003;jvs013;jvs015;jvs023;jvs024;jvs026;jvs040;jvs042;jvs058;jvs062;jvs073;jvs076;jvs079;jvs083;jvs084;jvs086;jvs089;jvs090;jvs095;jvs099,one_speaker_one_vote_centroids; diagonal_cross_mode_pairs_genuine; all_offdiagonal_cross_mode_pairs_impostor; train_speakers_excluded_from_test_trials,TMR thresholds chosen only from train-speaker impostor trials; test EER is descriptive ROC crossing,0.1,0.3,8.65,0.2572712418300653,0.4421052631578948,0.9462286455858757,0.9430986723640615,0.0031299732218141862,20,380,60,3540,0.0,train_calibrated,0.9556743135560211,0.009887005649717515,0.0,train_calibrated,0.9581128297924719,0.000847457627118644
JVS_JVSMuSiC,wavlm_l12,12,59,raw,,jvs004;jvs009;jvs011;jvs016;jvs018;jvs034;jvs035;jvs047;jvs052;jvs066;jvs067;jvs068;jvs072;jvs073;jvs079;jvs081;jvs085;jvs088;jvs089;jvs100,one_speaker_one_vote_centroids; diagonal_cross_mode_pairs_genuine; all_offdiagonal_cross_mode_pairs_impostor; train_speakers_excluded_from_test_trials,TMR thresholds chosen only from train-speaker impostor trials; test EER is descriptive ROC crossing,0.1,0.45,7.6,0.2663022138680033,0.4,0.9734399521393613,0.9709297500955035,0.0025102020438577677,20,380,60,3540,0.05,train_calibrated,0.9810639786527652,0.009887005649717515,0.0,train_calibrated,0.9841143497657376,0.000847457627118644
JVS_JVSMuSiC,wavlm_l12,12,59,correct_sign_global,,jvs004;jvs009;jvs011;jvs016;jvs018;jvs034;jvs035;jvs047;jvs052;jvs066;jvs067;jvs068;jvs072;jvs073;jvs079;jvs081;jvs085;jvs088;jvs089;jvs100,one_speaker_one_vote_centroids; diagonal_cross_mode_pairs_genuine; all_offdiagonal_cross_mode_pairs_impostor; train_speakers_excluded_from_test_trials,TMR thresholds chosen only from train-speaker impostor trials; test EER is descriptive ROC crossing,0.25,0.7,4.4,0.4528044871794871,0.25,0.9953389107406544,0.9929151082395345,0.0024238025011198427,20,380,60,3540,0.1,train_calibrated,0.9969872050918296,0.009887005649717515,0.1,train_calibrated,0.9975581865081711,0.000847457627118644
JVS_JVSMuSiC,wavlm_l12,12,59,wrong_sign_global,,jvs004;jvs009;jvs011;jvs016;jvs018;jvs034;jvs035;jvs047;jvs052;jvs066;jvs067;jvs068;jvs072;jvs073;jvs079;jvs081;jvs085;jvs088;jvs089;jvs100,one_speaker_one_vote_centroids; diagonal_cross_mode_pairs_genuine; all_offdiagonal_cross_mode_pairs_impostor; train_speakers_excluded_from_test_trials,TMR thresholds chosen only from train-speaker impostor trials; test EER is descriptive ROC crossing,0.05,0.35,9.05,0.19654428388948514,0.49473684210526314,0.9009626854300004,0.898503489023227,0.0024591964067733896,20,380,60,3540,0.0,train_calibrated,0.9209830969323324,0.009887005649717515,0.0,train_calibrated,0.9274029326459929,0.000847457627118644
JVS_JVSMuSiC,wavlm_l12,12,59,random_same_norm,0,jvs004;jvs009;jvs011;jvs016;jvs018;jvs034;jvs035;jvs047;jvs052;jvs066;jvs067;jvs068;jvs072;jvs073;jvs079;jvs081;jvs085;jvs088;jvs089;jvs100,one_speaker_one_vote_centroids; diagonal_cross_mode_pairs_genuine; all_offdiagonal_cross_mode_pairs_impostor; train_speakers_excluded_from_test_trials,TMR thresholds chosen only from train-speaker impostor trials; test EER is descriptive ROC crossing,0.15,0.5,8.0,0.2807081807081807,0.4078947368421053,0.9487165508352167,0.9462436458447057,0.0024729049905110045,20,380,60,3540,0.05,train_calibrated,0.9563292430731973,0.009887005649717515,0.0,train_calibrated,0.9588291323985659,0.000847457627118644
JVS_JVSMuSiC,wavlm_l12,12,61,raw,,jvs001;jvs005;jvs006;jvs016;jvs024;jvs027;jvs030;jvs039;jvs045;jvs047;jvs054;jvs058;jvs066;jvs067;jvs069;jvs073;jvs078;jvs081;jvs087;jvs089,one_speaker_one_vote_centroids; diagonal_cross_mode_pairs_genuine; all_offdiagonal_cross_mode_pairs_impostor; train_speakers_excluded_from_test_trials,TMR thresholds chosen only from train-speaker impostor trials; test EER is descriptive ROC crossing,0.15,0.35,8.8,0.276186174936175,0.4013157894736842,0.9700386405778707,0.9678829008927327,0.0021557396851380473,20,380,60,3540,0.0,train_calibrated,0.9817450405176974,0.009887005649717515,0.0,train_calibrated,0.9837602233061351,0.000847457627118644
JVS_JVSMuSiC,wavlm_l12,12,61,correct_sign_global,,jvs001;jvs005;jvs006;jvs016;jvs024;jvs027;jvs030;jvs039;jvs045;jvs047;jvs054;jvs058;jvs066;jvs067;jvs069;jvs073;jvs078;jvs081;jvs087;jvs089,one_speaker_one_vote_centroids; diagonal_cross_mode_pairs_genuine; all_offdiagonal_cross_mode_pairs_impostor; train_speakers_excluded_from_test_trials,TMR thresholds chosen only from train-speaker impostor trials; test EER is descriptive ROC crossing,0.45,0.75,4.05,0.5967857142857143,0.2,0.9952634327007848,0.9931652012630487,0.00209823143773602,20,380,60,3540,0.1,train_calibrated,0.9969541327548949,0.009887005649717515,0.05,train_calibrated,0.9975492349422392,0.000847457627118644
JVS_JVSMuSiC,wavlm_l12,12,61,wrong_sign_global,,jvs001;jvs005;jvs006;jvs016;jvs024;jvs027;jvs030;jvs039;jvs045;jvs047;jvs054;jvs058;jvs066;jvs067;jvs069;jvs073;jvs078;jvs081;jvs087;jvs089,one_speaker_one_vote_centroids; diagonal_cross_mode_pairs_genuine; all_offdiagonal_cross_mode_pairs_impostor; train_speakers_excluded_from_test_trials,TMR thresholds chosen only from train-speaker impostor trials; test EER is descriptive ROC crossing,0.15,0.25,9.65,0.2449442918192918,0.4,0.8970671386610807,0.8949531453804006,0.002113993280680071,20,380,60,3540,0.0,train_calibrated,0.9235342647353314,0.009887005649717515,0.0,train_calibrated,0.9305847320858931,0.000847457627118644
JVS_JVSMuSiC,wavlm_l12,12,61,random_same_norm,0,jvs001;jvs005;jvs006;jvs016;jvs024;jvs027;jvs030;jvs039;jvs045;jvs047;jvs054;jvs058;jvs066;jvs067;jvs069;jvs073;jvs078;jvs081;jvs087;jvs089,one_speaker_one_vote_centroids; diagonal_cross_mode_pairs_genuine; all_offdiagonal_cross_mode_pairs_impostor; train_speakers_excluded_from_test_trials,TMR thresholds chosen only from train-speaker impostor trials; test EER is descriptive ROC crossing,0.1,0.4,8.8,0.2440433177933178,0.4,0.9468189853638401,0.944707131916855,0.002111853446985168,20,380,60,3540,0.0,train_calibrated,0.9589428648461923,0.009887005649717515,0.0,train_calibrated,0.96108789794268,0.000847457627118644
JVS_JVSMuSiC,wavlm_l12,12,67,raw,,jvs005;jvs010;jvs016;jvs018;jvs021;jvs028;jvs031;jvs041;jvs042;jvs044;jvs045;jvs047;jvs049;jvs052;jvs053;jvs066;jvs074;jvs081;jvs085;jvs092,one_speaker_one_vote_centroids; diagonal_cross_mode_pairs_genuine; all_offdiagonal_cross_mode_pairs_impostor; train_speakers_excluded_from_test_trials,TMR thresholds chosen only from train-speaker impostor trials; test EER is descriptive ROC crossing,0.1,0.4,8.25,0.2486329356917592,0.45,0.971979631451085,0.9696763258087839,0.002303305642301079,20,380,60,3540,0.05,train_calibrated,0.980310627495395,0.009887005649717515,0.0,train_calibrated,0.9831737495115445,0.000847457627118644
JVS_JVSMuSiC,wavlm_l12,12,67,correct_sign_global,,jvs005;jvs010;jvs016;jvs018;jvs021;jvs028;jvs031;jvs041;jvs042;jvs044;jvs045;jvs047;jvs049;jvs052;jvs053;jvs066;jvs074;jvs081;jvs085;jvs092,one_speaker_one_vote_centroids; diagonal_cross_mode_pairs_genuine; all_offdiagonal_cross_mode_pairs_impostor; train_speakers_excluded_from_test_trials,TMR thresholds chosen only from train-speaker impostor trials; test EER is descriptive ROC crossing,0.4,0.7,4.2,0.5641018907563025,0.25,0.9953536928967578,0.9931314549845623,0.002222237912195446,20,380,60,3540,0.05,train_calibrated,0.9971423765627607,0.009887005649717515,0.0,train_calibrated,0.9976230625116127,0.000847457627118644
JVS_JVSMuSiC,wavlm_l12,12,67,wrong_sign_global,,jvs005;jvs010;jvs016;jvs018;jvs021;jvs028;jvs031;jvs041;jvs042;jvs044;jvs045;jvs047;jvs049;jvs052;jvs053;jvs066;jvs074;jvs081;jvs085;jvs092,one_speaker_one_vote_centroids; diagonal_cross_mode_pairs_genuine; all_offdiagonal_cross_mode_pairs_impostor; train_speakers_excluded_from_test_trials,TMR thresholds chosen only from train-speaker impostor trials; test EER is descriptive ROC crossing,0.1,0.35,9.55,0.22439455861475982,0.45,0.8991440156151473,0.8968799448464941,0.0022640707686532036,20,380,60,3540,0.0,train_calibrated,0.919861074198096,0.009887005649717515,0.0,train_calibrated,0.9272483679369414,0.000847457627118644
JVS_JVSMuSiC,wavlm_l12,12,67,random_same_norm,0,jvs005;jvs010;jvs016;jvs018;jvs021;jvs028;jvs031;jvs041;jvs042;jvs044;jvs045;jvs047;jvs049;jvs052;jvs053;jvs066;jvs074;jvs081;jvs085;jvs092,one_speaker_one_vote_centroids; diagonal_cross_mode_pairs_genuine; all_offdiagonal_cross_mode_pairs_impostor; train_speakers_excluded_from_test_trials,TMR thresholds chosen only from train-speaker impostor trials; test EER is descriptive ROC crossing,0.1,0.4,8.3,0.2481895596233831,0.45,0.9464999485386917,0.9442669664380808,0.0022329821006108475,20,380,60,3540,0.05,train_calibrated,0.9551065674959429,0.009887005649717515,0.0,train_calibrated,0.9582235852263787,0.000847457627118644
JVS_JVSMuSiC,wavlm_l12,12,71,raw,,jvs001;jvs007;jvs009;jvs017;jvs028;jvs030;jvs033;jvs036;jvs046;jvs051;jvs071;jvs082;jvs085;jvs087;jvs090;jvs091;jvs094;jvs095;jvs096;jvs097,one_speaker_one_vote_centroids; diagonal_cross_mode_pairs_genuine; all_offdiagonal_cross_mode_pairs_impostor; train_speakers_excluded_from_test_trials,TMR thresholds chosen only from train-speaker impostor trials; test EER is descriptive ROC crossing,0.15,0.35,8.6,0.2644468031968032,0.45,0.96959028173943,0.9665126067109105,0.003077675028519411,20,380,60,3540,0.05,train_calibrated,0.9812624683336122,0.009887005649717515,0.0,train_calibrated,0.9827791186616337,0.000847457627118644
JVS_JVSMuSiC,wavlm_l12,12,71,correct_sign_global,,jvs001;jvs007;jvs009;jvs017;jvs028;jvs030;jvs033;jvs036;jvs046;jvs051;jvs071;jvs082;jvs085;jvs087;jvs090;jvs091;jvs094;jvs095;jvs096;jvs097,one_speaker_one_vote_centroids; diagonal_cross_mode_pairs_genuine; all_offdiagonal_cross_mode_pairs_impostor; train_speakers_excluded_from_test_trials,TMR thresholds chosen only from train-speaker impostor trials; test EER is descriptive ROC crossing,0.3,0.8,4.1,0.49118055555555556,0.29605263157894735,0.9949373619128045,0.9919789760703428,0.002958385842461664,20,380,60,3540,0.1,train_calibrated,0.9970755432710483,0.009887005649717515,0.1,train_calibrated,0.9976470567036425,0.000847457627118644
JVS_JVSMuSiC,wavlm_l12,12,71,wrong_sign_global,,jvs001;jvs007;jvs009;jvs017;jvs028;jvs030;jvs033;jvs036;jvs046;jvs051;jvs071;jvs082;jvs085;jvs087;jvs090;jvs091;jvs094;jvs095;jvs096;jvs097,one_speaker_one_vote_centroids; diagonal_cross_mode_pairs_genuine; all_offdiagonal_cross_mode_pairs_impostor; train_speakers_excluded_from_test_trials,TMR thresholds chosen only from train-speaker impostor trials; test EER is descriptive ROC crossing,0.15,0.3,9.6,0.24665854978354984,0.5,0.8965190588300652,0.893489741618926,0.003029317211139193,20,380,60,3540,0.0,train_calibrated,0.9229323429991425,0.009887005649717515,0.0,train_calibrated,0.9270972614741052,0.000847457627118644
JVS_JVSMuSiC,wavlm_l12,12,71,random_same_norm,0,jvs001;jvs007;jvs009;jvs017;jvs028;jvs030;jvs033;jvs036;jvs046;jvs051;jvs071;jvs082;jvs085;jvs087;jvs090;jvs091;jvs094;jvs095;jvs096;jvs097,one_speaker_one_vote_centroids; diagonal_cross_mode_pairs_genuine; all_offdiagonal_cross_mode_pairs_impostor; train_speakers_excluded_from_test_trials,TMR thresholds chosen only from train-speaker impostor trials; test EER is descriptive ROC crossing,0.15,0.35,8.55,0.2669468031968032,0.45,0.9450252474208776,0.9420420903641451,0.002983157056732466,20,380,60,3540,0.05,train_calibrated,0.957320877013857,0.009887005649717515,0.0,train_calibrated,0.9593843152321503,0.000847457627118644
JVS_JVSMuSiC,wavlm_l12,12,73,raw,,jvs004;jvs007;jvs008;jvs010;jvs014;jvs033;jvs040;jvs041;jvs046;jvs051;jvs054;jvs055;jvs056;jvs061;jvs065;jvs066;jvs070;jvs074;jvs085;jvs092,one_speaker_one_vote_centroids; diagonal_cross_mode_pairs_genuine; all_offdiagonal_cross_mode_pairs_impostor; train_speakers_excluded_from_test_trials,TMR thresholds chosen only from train-speaker impostor trials; test EER is descriptive ROC crossing,0.05,0.4,8.1,0.26154497764017887,0.4,0.9697187501894117,0.9674408130395596,0.0022779371498520273,20,380,60,3540,0.0,train_calibrated,0.9815082545595386,0.009887005649717515,0.0,train_calibrated,0.9837602233061351,0.000847457627118644
JVS_JVSMuSiC,wavlm_l12,12,73,correct_sign_global,,jvs004;jvs007;jvs008;jvs010;jvs014;jvs033;jvs040;jvs041;jvs046;jvs051;jvs054;jvs055;jvs056;jvs061;jvs065;jvs066;jvs070;jvs074;jvs085;jvs092,one_speaker_one_vote_centroids; diagonal_cross_mode_pairs_genuine; all_offdiagonal_cross_mode_pairs_impostor; train_speakers_excluded_from_test_trials,TMR thresholds chosen only from train-speaker impostor trials; test EER is descriptive ROC crossing,0.4,0.8,3.9,0.5837388306138306,0.25,0.9958275883691987,0.9936207064312365,0.0022068819379622573,20,380,60,3540,0.2,train_calibrated,0.9970365235472882,0.009887005649717515,0.05,train_calibrated,0.997684645251288,0.000847457627118644
JVS_JVSMuSiC,wavlm_l12,12,73,wrong_sign_global,,jvs004;jvs007;jvs008;jvs010;jvs014;jvs033;jvs040;jvs041;jvs046;jvs051;jvs054;jvs055;jvs056;jvs061;jvs065;jvs066;jvs070;jvs074;jvs085;jvs092,one_speaker_one_vote_centroids; diagonal_cross_mode_pairs_genuine; all_offdiagonal_cross_mode_pairs_impostor; train_speakers_excluded_from_test_trials,TMR thresholds chosen only from train-speaker impostor trials; test EER is descriptive ROC crossing,0.05,0.35,9.45,0.2051376094236001,0.493421052631579,0.8969135884468791,0.8946716765501304,0.002241911896748716,20,380,60,3540,0.0,train_calibrated,0.9239579046267166,0.009887005649717515,0.0,train_calibrated,0.9286465339208794,0.000847457627118644
JVS_JVSMuSiC,wavlm_l12,12,73,random_same_norm,0,jvs004;jvs007;jvs008;jvs010;jvs014;jvs033;jvs040;jvs041;jvs046;jvs051;jvs054;jvs055;jvs056;jvs061;jvs065;jvs066;jvs070;jvs074;jvs085;jvs092,one_speaker_one_vote_centroids; diagonal_cross_mode_pairs_genuine; all_offdiagonal_cross_mode_pairs_impostor; train_speakers_excluded_from_test_trials,TMR thresholds chosen only from train-speaker impostor trials; test EER is descriptive ROC crossing,0.05,0.35,8.35,0.2389606920856921,0.4105263157894737,0.9451873039009768,0.9429547871671607,0.002232516733816081,20,380,60,3540,0.0,train_calibrated,0.9576033035036178,0.009887005649717515,0.0,train_calibrated,0.9602237626325401,0.000847457627118644
JVS_JVSMuSiC,wavlm_l12,12,79,raw,,jvs013;jvs015;jvs017;jvs027;jvs030;jvs031;jvs042;jvs045;jvs046;jvs054;jvs058;jvs061;jvs066;jvs067;jvs071;jvs083;jvs085;jvs090;jvs091;jvs096,one_speaker_one_vote_centroids; diagonal_cross_mode_pairs_genuine; all_offdiagonal_cross_mode_pairs_impostor; train_speakers_excluded_from_test_trials,TMR thresholds chosen only from train-speaker impostor trials; test EER is descriptive ROC crossing,0.1,0.35,9.15,0.23985805860805862,0.45,0.9692032959952434,0.9663897414861059,0.0028135545091374503,20,380,60,3540,0.0,train_calibrated,0.9817069616841512,0.009887005649717515,0.0,train_calibrated,0.984366202060398,0.000847457627118644
JVS_JVSMuSiC,wavlm_l12,12,79,correct_sign_global,,jvs013;jvs015;jvs017;jvs027;jvs030;jvs031;jvs042;jvs045;jvs046;jvs054;jvs058;jvs061;jvs066;jvs067;jvs071;jvs083;jvs085;jvs090;jvs091;jvs096,one_speaker_one_vote_centroids; diagonal_cross_mode_pairs_genuine; all_offdiagonal_cross_mode_pairs_impostor; train_speakers_excluded_from_test_trials,TMR thresholds chosen only from train-speaker impostor trials; test EER is descriptive ROC crossing,0.3,0.65,5.05,0.461395757020757,0.35,0.994639342504281,0.9919256265980697,0.002713715906211278,20,380,60,3540,0.1,train_calibrated,0.997103713984248,0.009887005649717515,0.1,train_calibrated,0.9975836963224582,0.000847457627118644
JVS_JVSMuSiC,wavlm_l12,12,79,wrong_sign_global,,jvs013;jvs015;jvs017;jvs027;jvs030;jvs031;jvs042;jvs045;jvs046;jvs054;jvs058;jvs061;jvs066;jvs067;jvs071;jvs083;jvs085;jvs090;jvs091;jvs096,one_speaker_one_vote_centroids; diagonal_cross_mode_pairs_genuine; all_offdiagonal_cross_mode_pairs_impostor; train_speakers_excluded_from_test_trials,TMR thresholds chosen only from train-speaker impostor trials; test EER is descriptive ROC crossing,0.1,0.35,9.7,0.22325433553374735,0.5,0.8969292948318754,0.8941685341435502,0.0027607606883252034,20,380,60,3540,0.0,train_calibrated,0.9239213126719206,0.009887005649717515,0.0,train_calibrated,0.9314729949377573,0.000847457627118644
JVS_JVSMuSiC,wavlm_l12,12,79,random_same_norm,0,jvs013;jvs015;jvs017;jvs027;jvs030;jvs031;jvs042;jvs045;jvs046;jvs054;jvs058;jvs061;jvs066;jvs067;jvs071;jvs083;jvs085;jvs090;jvs091;jvs096,one_speaker_one_vote_centroids; diagonal_cross_mode_pairs_genuine; all_offdiagonal_cross_mode_pairs_impostor; train_speakers_excluded_from_test_trials,TMR thresholds chosen only from train-speaker impostor trials; test EER is descriptive ROC crossing,0.15,0.35,9.1,0.2642361111111111,0.45,0.9459865370592737,0.9432316962618361,0.0027548407974375966,20,380,60,3540,0.0,train_calibrated,0.9585325501290649,0.009887005649717515,0.0,train_calibrated,0.96055280252289,0.000847457627118644
JVS_JVSMuSiC,wavlm_l12,12,83,raw,,jvs001;jvs006;jvs009;jvs012;jvs027;jvs028;jvs036;jvs038;jvs053;jvs059;jvs071;jvs072;jvs076;jvs077;jvs081;jvs085;jvs086;jvs094;jvs095;jvs100,one_speaker_one_vote_centroids; diagonal_cross_mode_pairs_genuine; all_offdiagonal_cross_mode_pairs_impostor; train_speakers_excluded_from_test_trials,TMR thresholds chosen only from train-speaker impostor trials; test EER is descriptive ROC crossing,0.2,0.4,8.0,0.30947496947496944,0.4,0.9722272652000574,0.9688545515951333,0.0033727136049240825,20,380,60,3540,0.05,train_calibrated,0.9812296414773806,0.009887005649717515,0.0,train_calibrated,0.9826401961975593,0.000847457627118644
JVS_JVSMuSiC,wavlm_l12,12,83,correct_sign_global,,jvs001;jvs006;jvs009;jvs012;jvs027;jvs028;jvs036;jvs038;jvs053;jvs059;jvs071;jvs072;jvs076;jvs077;jvs081;jvs085;jvs086;jvs094;jvs095;jvs100,one_speaker_one_vote_centroids; diagonal_cross_mode_pairs_genuine; all_offdiagonal_cross_mode_pairs_impostor; train_speakers_excluded_from_test_trials,TMR thresholds chosen only from train-speaker impostor trials; test EER is descriptive ROC crossing,0.4,0.85,3.1,0.5871794871794871,0.2,0.9951034635304389,0.9918574571307579,0.0032460063996809785,20,380,60,3540,0.1,train_calibrated,0.9971203132208872,0.009887005649717515,0.05,train_calibrated,0.9976270776763463,0.000847457627118644
JVS_JVSMuSiC,wavlm_l12,12,83,wrong_sign_global,,jvs001;jvs006;jvs009;jvs012;jvs027;jvs028;jvs036;jvs038;jvs053;jvs059;jvs071;jvs072;jvs076;jvs077;jvs081;jvs085;jvs086;jvs094;jvs095;jvs100,one_speaker_one_vote_centroids; diagonal_cross_mode_pairs_genuine; all_offdiagonal_cross_mode_pairs_impostor; train_speakers_excluded_from_test_trials,TMR thresholds chosen only from train-speaker impostor trials; test EER is descriptive ROC crossing,0.15,0.3,9.3,0.25950588519667467,0.4381578947368421,0.9014379012460747,0.8981239038872119,0.0033139973588628413,20,380,60,3540,0.0,train_calibrated,0.9225372061377048,0.009887005649717515,0.0,train_calibrated,0.9262453560176883,0.000847457627118644
JVS_JVSMuSiC,wavlm_l12,12,83,random_same_norm,0,jvs001;jvs006;jvs009;jvs012;jvs027;jvs028;jvs036;jvs038;jvs053;jvs059;jvs071;jvs072;jvs076;jvs077;jvs081;jvs085;jvs086;jvs094;jvs095;jvs100,one_speaker_one_vote_centroids; diagonal_cross_mode_pairs_genuine; all_offdiagonal_cross_mode_pairs_impostor; train_speakers_excluded_from_test_trials,TMR thresholds chosen only from train-speaker impostor trials; test EER is descriptive ROC crossing,0.15,0.3,8.4,0.272660346189758,0.40263157894736845,0.9485174406304658,0.9452307848197976,0.0032866558106682264,20,380,60,3540,0.05,train_calibrated,0.9574553278606712,0.009887005649717515,0.0,train_calibrated,0.9594714820489019,0.000847457627118644
JVS_JVSMuSiC,wavlm_l12,12,89,raw,,jvs004;jvs006;jvs007;jvs011;jvs012;jvs017;jvs023;jvs027;jvs032;jvs035;jvs050;jvs057;jvs059;jvs062;jvs066;jvs068;jvs075;jvs089;jvs092;jvs097,one_speaker_one_vote_centroids; diagonal_cross_mode_pairs_genuine; all_offdiagonal_cross_mode_pairs_impostor; train_speakers_excluded_from_test_trials,TMR thresholds chosen only from train-speaker impostor trials; test EER is descriptive ROC crossing,0.1,0.45,7.7,0.2892397186147186,0.4039473684210526,0.9713803819260971,0.9690551186264686,0.002325263299628455,20,380,60,3540,0.0,train_calibrated,0.9818135905053682,0.009887005649717515,0.0,train_calibrated,0.9837602233061351,0.000847457627118644
JVS_JVSMuSiC,wavlm_l12,12,89,correct_sign_global,,jvs004;jvs006;jvs007;jvs011;jvs012;jvs017;jvs023;jvs027;jvs032;jvs035;jvs050;jvs057;jvs059;jvs062;jvs066;jvs068;jvs075;jvs089;jvs092;jvs097,one_speaker_one_vote_centroids; diagonal_cross_mode_pairs_genuine; all_offdiagonal_cross_mode_pairs_impostor; train_speakers_excluded_from_test_trials,TMR thresholds chosen only from train-speaker impostor trials; test EER is descriptive ROC crossing,0.3,0.75,3.9,0.4904334554334554,0.256578947368421,0.9957988519539756,0.9935406985287429,0.002258153425232612,20,380,60,3540,0.35,train_calibrated,0.9968943986398509,0.009887005649717515,0.15,train_calibrated,0.9974941152715298,0.000847457627118644
JVS_JVSMuSiC,wavlm_l12,12,89,wrong_sign_global,,jvs004;jvs006;jvs007;jvs011;jvs012;jvs017;jvs023;jvs027;jvs032;jvs035;jvs050;jvs057;jvs059;jvs062;jvs066;jvs068;jvs075;jvs089;jvs092;jvs097,one_speaker_one_vote_centroids; diagonal_cross_mode_pairs_genuine; all_offdiagonal_cross_mode_pairs_impostor; train_speakers_excluded_from_test_trials,TMR thresholds chosen only from train-speaker impostor trials; test EER is descriptive ROC crossing,0.05,0.35,9.35,0.23345341341664874,0.45,0.8991585133753178,0.8968799352375586,0.002278578137759224,20,380,60,3540,0.0,train_calibrated,0.9238348507972305,0.009887005649717515,0.0,train_calibrated,0.9295993424133986,0.000847457627118644
JVS_JVSMuSiC,wavlm_l12,12,89,random_same_norm,0,jvs004;jvs006;jvs007;jvs011;jvs012;jvs017;jvs023;jvs027;jvs032;jvs035;jvs050;jvs057;jvs059;jvs062;jvs066;jvs068;jvs075;jvs089;jvs092;jvs097,one_speaker_one_vote_centroids; diagonal_cross_mode_pairs_genuine; all_offdiagonal_cross_mode_pairs_impostor; train_speakers_excluded_from_test_trials,TMR thresholds chosen only from train-speaker impostor trials; test EER is descriptive ROC crossing,0.1,0.45,7.65,0.2796334915084915,0.4,0.9477470408072227,0.9454949259878782,0.0022521148193445084,20,380,60,3540,0.0,train_calibrated,0.9580187660954806,0.009887005649717515,0.0,train_calibrated,0.9614070184126715,0.000847457627118644
JVS_JVSMuSiC,wavlm_l12,12,97,raw,,jvs019;jvs020;jvs025;jvs028;jvs031;jvs033;jvs041;jvs044;jvs046;jvs047;jvs056;jvs060;jvs062;jvs063;jvs064;jvs078;jvs085;jvs088;jvs097;jvs100,one_speaker_one_vote_centroids; diagonal_cross_mode_pairs_genuine; all_offdiagonal_cross_mode_pairs_impostor; train_speakers_excluded_from_test_trials,TMR thresholds chosen only from train-speaker impostor trials; test EER is descriptive ROC crossing,0.1,0.5,8.55,0.2492413346457464,0.43947368421052635,0.9712024784525349,0.9690618368917768,0.0021406415607581053,20,380,60,3540,0.05,train_calibrated,0.980448171919921,0.009887005649717515,0.0,train_calibrated,0.9830743810735336,0.000847457627118644
JVS_JVSMuSiC,wavlm_l12,12,97,correct_sign_global,,jvs019;jvs020;jvs025;jvs028;jvs031;jvs033;jvs041;jvs044;jvs046;jvs047;jvs056;jvs060;jvs062;jvs063;jvs064;jvs078;jvs085;jvs088;jvs097;jvs100,one_speaker_one_vote_centroids; diagonal_cross_mode_pairs_genuine; all_offdiagonal_cross_mode_pairs_impostor; train_speakers_excluded_from_test_trials,TMR thresholds chosen only from train-speaker impostor trials; test EER is descriptive ROC crossing,0.3,0.7,4.4,0.4906349206349206,0.2934210526315789,0.9954864144505132,0.9933997892821604,0.0020866251683527848,20,380,60,3540,0.1,train_calibrated,0.9970363702857279,0.009887005649717515,0.05,train_calibrated,0.9974992654573183,0.000847457627118644
JVS_JVSMuSiC,wavlm_l12,12,97,wrong_sign_global,,jvs019;jvs020;jvs025;jvs028;jvs031;jvs033;jvs041;jvs044;jvs046;jvs047;jvs056;jvs060;jvs062;jvs063;jvs064;jvs078;jvs085;jvs088;jvs097;jvs100,one_speaker_one_vote_centroids; diagonal_cross_mode_pairs_genuine; all_offdiagonal_cross_mode_pairs_impostor; train_speakers_excluded_from_test_trials,TMR thresholds chosen only from train-speaker impostor trials; test EER is descriptive ROC crossing,0.05,0.25,9.65,0.19626859251859252,0.45,0.8991670963159519,0.8970758119226288,0.0020912843933231784,20,380,60,3540,0.0,train_calibrated,0.9213778806081762,0.009887005649717515,0.0,train_calibrated,0.9268844659755224,0.000847457627118644
JVS_JVSMuSiC,wavlm_l12,12,97,random_same_norm,0,jvs019;jvs020;jvs025;jvs028;jvs031;jvs033;jvs041;jvs044;jvs046;jvs047;jvs056;jvs060;jvs062;jvs063;jvs064;jvs078;jvs085;jvs088;jvs097;jvs100,one_speaker_one_vote_centroids; diagonal_cross_mode_pairs_genuine; all_offdiagonal_cross_mode_pairs_impostor; train_speakers_excluded_from_test_trials,TMR thresholds chosen only from train-speaker impostor trials; test EER is descriptive ROC crossing,0.1,0.4,8.75,0.24677634865134865,0.45,0.9464045894828204,0.9443037527800783,0.0021008367027420816,20,380,60,3540,0.05,train_calibrated,0.9559529927570356,0.009887005649717515,0.0,train_calibrated,0.9589922097584074,0.000847457627118644
