dataset,model,layer,split_seed,heldout_direction_cosine,heldout_E_test,raw_R1,query_R1,diag_R1,oas_R1_headline_only,raw_EER,query_EER,diag_EER,oas_EER_headline_only,diag_epsilon,diag_transform_hash
JVS_JVSMuSiC,wavlm_l3,3,13,0.8879118308095331,0.7836495987193824,0.1,0.6,0.25,nan,0.3013157894736842,0.15789473684210525,0.2,nan,1.5622549152433016e-11,201d597cc8b9869ff1d1
JVS_JVSMuSiC,wavlm_l3,3,17,0.880745154579046,0.7674550528536577,0.15,0.6,0.25,nan,0.35,0.25,0.25,nan,1.5697238317975e-11,03392845804d63d50c44
JVS_JVSMuSiC,wavlm_l3,3,19,0.8927938373980522,0.7870783166020277,0.25,0.6,0.35,nan,0.35,0.2,0.3,nan,1.5056157507031215e-11,f22986f532088740f64c
JVS_JVSMuSiC,wavlm_l3,3,23,0.8896116163062617,0.7885305650413834,0.3,0.7,0.4,nan,0.3539473684210526,0.15263157894736842,0.24605263157894736,nan,1.5140826288685944e-11,fe46f86dcf28c37a2502
JVS_JVSMuSiC,wavlm_l3,3,29,0.8764151961926452,0.7412094891564209,0.2,0.7,0.3,nan,0.3118421052631579,0.23815789473684212,0.25,nan,1.5535736785299828e-11,9eee90cd93810488d2cd
JVS_JVSMuSiC,wavlm_l3,3,31,0.8805542417628003,0.7659469635238189,0.2,0.5,0.35,nan,0.39342105263157895,0.20263157894736844,0.25,nan,1.5275587286163427e-11,73874b92a9bcf051d2b6
JVS_JVSMuSiC,wavlm_l3,3,37,0.8772649901216518,0.7624793932648418,0.25,0.6,0.3,nan,0.3,0.1394736842105263,0.25,nan,1.5544966206139706e-11,711aac55dcc3ba039b7e
JVS_JVSMuSiC,wavlm_l3,3,41,0.8933121755463598,0.775407660787104,0.15,0.45,0.25,nan,0.4,0.16052631578947368,0.3,nan,1.5120369685163044e-11,2bff1d3f8dc62b573793
JVS_JVSMuSiC,wavlm_l3,3,43,0.8764178020547515,0.7604323418917074,0.25,0.45,0.35,nan,0.4,0.20657894736842106,0.3,nan,1.543450907487356e-11,57f2dead7c612f33d965
JVS_JVSMuSiC,wavlm_l3,3,47,0.8677462683628544,0.7378427601865244,0.25,0.5,0.3,nan,0.35,0.2394736842105263,0.3,nan,1.5289524306101675e-11,d5b89f1cd1f9c30f298c
JVS_JVSMuSiC,wavlm_l3,3,53,0.874072182108472,0.7397977037506895,0.15,0.6,0.4,nan,0.35,0.2,0.25921052631578945,nan,1.521675402402627e-11,81c190438adcbee08deb
JVS_JVSMuSiC,wavlm_l3,3,59,0.8875193839848887,0.777970526994826,0.25,0.7,0.25,nan,0.3,0.15,0.20526315789473684,nan,1.6162750902409555e-11,77ec05fe31e7a7e90e4c
JVS_JVSMuSiC,wavlm_l3,3,61,0.884588487713947,0.7649291910349358,0.15,0.4,0.4,nan,0.35,0.2,0.20526315789473684,nan,1.5241558324486865e-11,e80975c0d57947a59a07
JVS_JVSMuSiC,wavlm_l3,3,67,0.8789069124552278,0.764532423771235,0.2,0.55,0.55,nan,0.3078947368421052,0.15,0.25,nan,1.556095018986777e-11,8a7ec78715fb1ee36d83
JVS_JVSMuSiC,wavlm_l3,3,71,0.8803094674445635,0.7659440306391747,0.3,0.65,0.45,nan,0.4,0.2,0.25,nan,1.5156511415294044e-11,9dad441b68563c24d151
JVS_JVSMuSiC,wavlm_l3,3,73,0.9001678906013769,0.8043171903278685,0.1,0.75,0.4,nan,0.35,0.1394736842105263,0.3,nan,1.5083846981149044e-11,7c9beced23c55c3d7470
JVS_JVSMuSiC,wavlm_l3,3,79,0.8850388921474934,0.7761664867045157,0.2,0.7,0.35,nan,0.38815789473684215,0.19736842105263158,0.2881578947368421,nan,1.483730395157915e-11,16c7e159c3ac1e8be1d9
JVS_JVSMuSiC,wavlm_l3,3,83,0.8755086774949206,0.7570024417462309,0.15,0.55,0.35,nan,0.35,0.1618421052631579,0.25,nan,1.5100532129699036e-11,38c65e2d31f3fda4c4f0
JVS_JVSMuSiC,wavlm_l3,3,89,0.89429238681361,0.7920480332835836,0.15,0.5,0.2,nan,0.35,0.25,0.24210526315789474,nan,1.5540602407349116e-11,a52dd9d0f7f600647246
JVS_JVSMuSiC,wavlm_l3,3,97,0.8900308378943264,0.7847242768670484,0.3,0.55,0.4,nan,0.4,0.2,0.24342105263157893,nan,1.5404607223718903e-11,b912034f93c717cfb9e1
JVS_JVSMuSiC,wavlm_l6,6,13,0.9160969751169322,0.831211534436969,0.05,0.45,0.2,nan,0.45,0.25,0.25,nan,1.3962721135570724e-11,b012fcb116660c5f7bab
JVS_JVSMuSiC,wavlm_l6,6,17,0.9103599736921705,0.8181267042176148,0.1,0.4,0.2,nan,0.44342105263157894,0.21052631578947367,0.2947368421052632,nan,1.4173684621744701e-11,eb260743d39b070d70a6
JVS_JVSMuSiC,wavlm_l6,6,19,0.9120484310165736,0.8192887529550124,0.05,0.45,0.25,nan,0.45,0.2934210526315789,0.2578947368421053,nan,1.3232077364644328e-11,82a1ccde4e67cc35529f
JVS_JVSMuSiC,wavlm_l6,6,23,0.9266250292883234,0.8494973178859315,0.15,0.55,0.25,nan,0.45394736842105265,0.2,0.3,nan,1.3821784978050166e-11,2cb30b7fc4140549dead
JVS_JVSMuSiC,wavlm_l6,6,29,0.9090152582495097,0.7968152389233104,0.1,0.5,0.35,nan,0.3960526315789474,0.20394736842105265,0.21052631578947367,nan,1.400427125311851e-11,548fc0e0d34108d3e50e
JVS_JVSMuSiC,wavlm_l6,6,31,0.9028621255623737,0.8028019981318575,0.1,0.5,0.25,nan,0.45,0.25,0.3,nan,1.365652115149674e-11,025d8d854a7932898f94
JVS_JVSMuSiC,wavlm_l6,6,37,0.9015758887256251,0.8061504331850677,0.1,0.35,0.2,nan,0.4,0.35,0.3,nan,1.3765232389687302e-11,158a4c4b095704ee5b1e
JVS_JVSMuSiC,wavlm_l6,6,41,0.9175983795389083,0.8173252070629986,0.1,0.3,0.2,nan,0.4894736842105263,0.3,0.20263157894736844,nan,1.3476293346785698e-11,4770025c0fe397ee48d9
JVS_JVSMuSiC,wavlm_l6,6,43,0.9155081812897808,0.8272248851084105,0.05,0.4,0.2,nan,0.45,0.3,0.35,nan,1.414748014218793e-11,316d39e3a42c255957ac
JVS_JVSMuSiC,wavlm_l6,6,47,0.8967900998954658,0.7894347999995308,0.15,0.35,0.3,nan,0.45,0.30526315789473685,0.3539473684210526,nan,1.3886831271176365e-11,a2ba4b5bc78825edef31
JVS_JVSMuSiC,wavlm_l6,6,53,0.8928167082815852,0.7675836086085217,0.05,0.35,0.3,nan,0.4,0.3,0.25,nan,1.3520706214116232e-11,35f467574b57be6bfdb7
JVS_JVSMuSiC,wavlm_l6,6,59,0.9156808726417074,0.8257863111569373,0.15,0.55,0.15,nan,0.40263157894736845,0.25,0.25,nan,1.4574452945476522e-11,0661be23b9d71d6aa8ab
JVS_JVSMuSiC,wavlm_l6,6,61,0.9164440111356965,0.8162673263718088,0.05,0.45,0.1,nan,0.45,0.2947368421052632,0.3,nan,1.3735885842013397e-11,fff8f4f883dc6fd69136
JVS_JVSMuSiC,wavlm_l6,6,67,0.9118524127841988,0.8221495725002007,0.1,0.45,0.4,nan,0.44473684210526315,0.2,0.35,nan,1.4053811508881917e-11,58ada54509fd8b55d9d6
JVS_JVSMuSiC,wavlm_l6,6,71,0.9123019976037791,0.819763358234198,0.1,0.35,0.2,nan,0.45,0.31052631578947365,0.3,nan,1.3674277162317783e-11,18b0554165eef827a0f4
JVS_JVSMuSiC,wavlm_l6,6,73,0.9283287962539809,0.8515046499875587,0.05,0.45,0.15,nan,0.43947368421052635,0.2,0.25394736842105264,nan,1.357895616546885e-11,3fa639aca01a0a83d387
JVS_JVSMuSiC,wavlm_l6,6,79,0.9136672680364215,0.8216486718425173,0.15,0.35,0.15,nan,0.45,0.3,0.34078947368421053,nan,1.3228450901168834e-11,41239ea686fc3dc5aff3
JVS_JVSMuSiC,wavlm_l6,6,83,0.9085544579869996,0.8129973014603707,0.05,0.35,0.25,nan,0.4,0.20526315789473684,0.25394736842105264,nan,1.3784546293875032e-11,8cb6c5f143f61aa331e3
JVS_JVSMuSiC,wavlm_l6,6,89,0.9221607470928859,0.8417573486144068,0.1,0.35,0.25,nan,0.45,0.25,0.31052631578947365,nan,1.4068146076230518e-11,0c345026c696b14e3a82
JVS_JVSMuSiC,wavlm_l6,6,97,0.9219542283928094,0.8403947062978824,0.05,0.65,0.2,nan,0.43947368421052635,0.20394736842105265,0.24736842105263157,nan,1.3868769104383833e-11,0f8d8b5925cf19efc6f8
JVS_JVSMuSiC,wavlm_l9,9,13,0.941712521649222,0.8838406485150185,0.05,0.3,0.2,nan,0.4,0.3,0.31052631578947365,nan,1.5712546618211347e-11,5297c9de7a2612f3091b
JVS_JVSMuSiC,wavlm_l9,9,17,0.9354086597540177,0.8696224683334339,0.2,0.3,0.1,nan,0.45,0.3,0.4,nan,1.6014888928452415e-11,3e350dae116ea85b1697
JVS_JVSMuSiC,wavlm_l9,9,19,0.9310047319699694,0.8563475614637233,0.05,0.3,0.1,nan,0.44605263157894737,0.35,0.4,nan,1.4964458328266998e-11,6d95b909dff8be8f3d8c
JVS_JVSMuSiC,wavlm_l9,9,23,0.944438813560768,0.8852571368267252,0.15,0.3,0.2,nan,0.5,0.20394736842105265,0.3394736842105263,nan,1.558158124268457e-11,60ce5c7dfcdff12052cc
JVS_JVSMuSiC,wavlm_l9,9,29,0.9282811965164217,0.8431466915575314,0.2,0.2,0.1,nan,0.4,0.3,0.3,nan,1.5874643222646458e-11,033071c7260f642c230c
JVS_JVSMuSiC,wavlm_l9,9,31,0.9288980710705026,0.8530550551793892,0.1,0.3,0.1,nan,0.45,0.3,0.3986842105263158,nan,1.5283237056199923e-11,86f1feecc51646f0cab1
JVS_JVSMuSiC,wavlm_l9,9,37,0.9267710603961768,0.855916840306048,0.05,0.3,0.15,nan,0.4486842105263158,0.35,0.3907894736842106,nan,1.5571508534365715e-11,a6967fcaf983bd4dd7e6
JVS_JVSMuSiC,wavlm_l9,9,41,0.9339415854416881,0.854878920407845,0.05,0.2,0.15,nan,0.45394736842105265,0.3894736842105263,0.4,nan,1.5265283661059724e-11,f4cdb520e7f3a6984131
JVS_JVSMuSiC,wavlm_l9,9,43,0.9370781316906592,0.8703737350408934,0.1,0.2,0.3,nan,0.5,0.25394736842105264,0.4,nan,1.5858654338431786e-11,be4645513721fa83ab94
JVS_JVSMuSiC,wavlm_l9,9,47,0.926452827836431,0.8475724120115402,0.15,0.25,0.15,nan,0.44473684210526315,0.3421052631578947,0.4,nan,1.5664049992216136e-11,dc830beeb0befbaa05da
JVS_JVSMuSiC,wavlm_l9,9,53,0.9160094801646748,0.8193489727260443,0.05,0.2,0.05,nan,0.4421052631578948,0.35,0.40657894736842104,nan,1.5372027140492932e-11,74b92245f87252d7711e
JVS_JVSMuSiC,wavlm_l9,9,59,0.9297108470551757,0.8547904851448836,0.05,0.15,0.2,nan,0.4552631578947368,0.3,0.35526315789473684,nan,1.634281294617433e-11,88cfe4ef565b9a95f0ed
JVS_JVSMuSiC,wavlm_l9,9,61,0.9361981115746666,0.8598538112905231,0.1,0.3,0.1,nan,0.4,0.30657894736842106,0.25394736842105264,nan,1.5487805980911466e-11,b9a7c0a28fe9883adecf
JVS_JVSMuSiC,wavlm_l9,9,67,0.9343857531946226,0.8666808652183818,0.1,0.25,0.25,nan,0.44342105263157894,0.3,0.3986842105263158,nan,1.5817192914754157e-11,71c362e024b564906c21
JVS_JVSMuSiC,wavlm_l9,9,71,0.9349627772893288,0.8643447300317935,0.15,0.2,0.2,nan,0.40657894736842104,0.35,0.35,nan,1.5330605804440452e-11,f0b288346f26d3bd74db
JVS_JVSMuSiC,wavlm_l9,9,73,0.9493386058154805,0.8919716591891808,0.05,0.25,0.25,nan,0.45394736842105265,0.2894736842105263,0.3,nan,1.5366057013450654e-11,3820ea0aa4f3f2ef3597
JVS_JVSMuSiC,wavlm_l9,9,79,0.9337402326193308,0.8638610132344884,0.1,0.25,0.1,nan,0.45,0.3605263157894737,0.3592105263157894,nan,1.4899068299990216e-11,ecef196c967863c857e0
JVS_JVSMuSiC,wavlm_l9,9,83,0.9274200665839146,0.8537395844993513,0.15,0.25,0.25,nan,0.4,0.25263157894736843,0.3447368421052631,nan,1.5555483291341716e-11,681d03fcae037afafa57
JVS_JVSMuSiC,wavlm_l9,9,89,0.9393258770106069,0.8777278208388832,0.2,0.2,0.1,nan,0.4,0.34736842105263155,0.35,nan,1.592122934544158e-11,08dba4e9e34347766673
JVS_JVSMuSiC,wavlm_l9,9,97,0.9405966136562423,0.8772123438484772,0.05,0.25,0.2,nan,0.45,0.35,0.35,nan,1.5478278698904903e-11,3d04a3676c77ca2cb37d
JVS_JVSMuSiC,wavlm_l12,12,13,0.9193239843020707,0.840463008824281,0.15,0.45,0.25,0.8,0.38815789473684215,0.1986842105263158,0.25,0.09605263157894736,4.7072162683149804e-12,781bd728edd42f18d1d6
JVS_JVSMuSiC,wavlm_l12,12,17,0.9183918058510738,0.8347580427027821,0.3,0.45,0.25,0.8,0.4052631578947369,0.25,0.3,0.1,4.85235143454176e-12,c45f569184f417a5b291
JVS_JVSMuSiC,wavlm_l12,12,19,0.9126554841125387,0.8194226758512907,0.1,0.45,0.1,0.8,0.4421052631578948,0.3013157894736842,0.29210526315789476,0.2,4.52212478144109e-12,6bcd8c6e4a2365aefedf
JVS_JVSMuSiC,wavlm_l12,12,23,0.928254378691061,0.855315793123803,0.15,0.45,0.45,0.7,0.40921052631578947,0.16052631578947368,0.24210526315789474,0.10657894736842105,4.6628107840991794e-12,e4145f93331390fbbd5c
JVS_JVSMuSiC,wavlm_l12,12,29,0.911278257570473,0.8129180419793304,0.15,0.4,0.25,0.8,0.4,0.2618421052631579,0.25,0.1394736842105263,4.8108652059050155e-12,2b7ce701f74621a80688
JVS_JVSMuSiC,wavlm_l12,12,31,0.9005773780873814,0.7973426367996501,0.1,0.4,0.15,0.7,0.45,0.3,0.2947368421052632,0.19078947368421054,4.586068588140653e-12,84739949af27b36d6ce2
JVS_JVSMuSiC,wavlm_l12,12,37,0.910196847524503,0.822346049772508,0.25,0.4,0.3,0.9,0.4,0.3,0.25921052631578945,0.0881578947368421,4.704682727490338e-12,67d5e9889f0d791f4bf7
JVS_JVSMuSiC,wavlm_l12,12,41,0.9222625773358943,0.8334749139228165,0.1,0.3,0.35,0.7,0.4421052631578948,0.3,0.2578947368421053,0.1394736842105263,4.6359717317146724e-12,06b4d2462c67a0aeb75e
JVS_JVSMuSiC,wavlm_l12,12,43,0.9233322437784011,0.8442612013711993,0.1,0.3,0.25,0.75,0.45,0.25,0.25,0.15,4.80164206284234e-12,83439d47d56857944010
JVS_JVSMuSiC,wavlm_l12,12,47,0.9064537820380034,0.8050051467897816,0.15,0.3,0.3,0.65,0.4,0.3,0.3,0.23815789473684212,4.7196023563260576e-12,4dc515e792b78301fc10
JVS_JVSMuSiC,wavlm_l12,12,53,0.8961051177551782,0.7791221809704796,0.1,0.25,0.3,0.6,0.4381578947368421,0.3486842105263158,0.35,0.10526315789473684,4.611918063752976e-12,181122cc8766616175c3
JVS_JVSMuSiC,wavlm_l12,12,59,0.9110167225451787,0.8212554436778867,0.1,0.25,0.3,0.65,0.4,0.25,0.30657894736842106,0.15,4.947287417386129e-12,171449989c1f7b95cbe6
JVS_JVSMuSiC,wavlm_l12,12,61,0.9233813399991935,0.8380061546336219,0.15,0.45,0.3,0.7,0.4013157894736842,0.2,0.25263157894736843,0.10921052631578948,4.691890268857058e-12,ed2088e812c71ecaffca
JVS_JVSMuSiC,wavlm_l12,12,67,0.9147544679878665,0.8306879715259162,0.1,0.4,0.25,0.7,0.45,0.25,0.25,0.15,4.764268510298728e-12,cc06543706192fbff60f
JVS_JVSMuSiC,wavlm_l12,12,71,0.9171591207077562,0.8297745557261372,0.15,0.3,0.4,0.8,0.45,0.29605263157894735,0.2894736842105263,0.15,4.661575298496821e-12,33c6ebb6114d4bbfc73d
JVS_JVSMuSiC,wavlm_l12,12,73,0.9317126054732556,0.8596740914590111,0.05,0.4,0.2,0.85,0.4,0.25,0.25,0.06184210526315789,4.650412845925343e-12,dfcc2670e849a42a8950
JVS_JVSMuSiC,wavlm_l12,12,79,0.9125458681147756,0.8217483422866304,0.1,0.3,0.35,0.65,0.45,0.35,0.2934210526315789,0.1,4.481832883296181e-12,022bc005803c6019d05b
JVS_JVSMuSiC,wavlm_l12,12,83,0.9102308775563113,0.8186172853566862,0.2,0.4,0.3,0.65,0.4,0.2,0.25,0.15921052631578947,4.647935417677468e-12,4487d91c606ab423a4fc
JVS_JVSMuSiC,wavlm_l12,12,89,0.9248044678662606,0.8491083456104922,0.1,0.3,0.3,0.7,0.4039473684210526,0.256578947368421,0.25,0.14605263157894738,4.8169138045785995e-12,e29fabf1e60fd2deafbc
JVS_JVSMuSiC,wavlm_l12,12,97,0.9205523323776713,0.8399800337112378,0.1,0.3,0.4,0.65,0.43947368421052635,0.2934210526315789,0.256578947368421,0.15,4.657030098319255e-12,7b88bfca1225d4844e77
JVS_JVSMuSiC,hubert_l3,3,13,0.8819359215545047,0.7735602314586207,0.05,0.8,0.7,nan,0.3,0.15,0.1,nan,1.3969677677662391e-11,2d02bf57870f2cbf6c88
JVS_JVSMuSiC,hubert_l3,3,17,0.8729425928852464,0.7537217757557872,0.1,0.7,0.45,nan,0.3381578947368421,0.15657894736842104,0.1381578947368421,nan,1.4140625244915595e-11,51bc6e5955498dabfa84
JVS_JVSMuSiC,hubert_l3,3,19,0.8752937160285944,0.7553404323314621,0.1,0.6,0.55,nan,0.4,0.2,0.2,nan,1.3500826731185737e-11,f4c773897fc92cb6f9aa
JVS_JVSMuSiC,hubert_l3,3,23,0.8825535472163164,0.7745744310686271,0.35,0.7,0.6,nan,0.3539473684210526,0.15,0.15,nan,1.3857647901358254e-11,53fa20fc0003d9e9b9c2
JVS_JVSMuSiC,hubert_l3,3,29,0.8685961302248881,0.738245899182316,0.1,0.6,0.55,nan,0.3,0.2,0.15,nan,1.4109674535107093e-11,ee0a199a39d6c1001284
JVS_JVSMuSiC,hubert_l3,3,31,0.870919833415172,0.7470220311939058,0.25,0.65,0.4,nan,0.35,0.15,0.14342105263157895,nan,1.3579040749428914e-11,43547fd8cda5d9195816
JVS_JVSMuSiC,hubert_l3,3,37,0.8696090829486355,0.7490142356671852,0.35,0.7,0.55,nan,0.35,0.19605263157894737,0.20526315789473684,nan,1.4118302015300933e-11,65b6af54762eafd8995c
JVS_JVSMuSiC,hubert_l3,3,41,0.8904716160118534,0.7794213074126985,0.3,0.55,0.5,nan,0.45,0.1118421052631579,0.25,nan,1.3887504815571627e-11,411d383f2ee5476e36fb
JVS_JVSMuSiC,hubert_l3,3,43,0.8686169266166562,0.7482182942177986,0.2,0.5,0.5,nan,0.4,0.2,0.20394736842105265,nan,1.4022983988589385e-11,393d491b5b7e1a28494d
JVS_JVSMuSiC,hubert_l3,3,47,0.8620592002683667,0.7277436804359612,0.15,0.6,0.6,nan,0.3605263157894737,0.2,0.2,nan,1.3855620301554403e-11,07f24ec92de3f874d679
JVS_JVSMuSiC,hubert_l3,3,53,0.8675532721775141,0.7351627881068825,0.1,0.6,0.65,nan,0.35,0.2,0.1618421052631579,nan,1.3713467524270153e-11,855629053c2119d16e3b
JVS_JVSMuSiC,hubert_l3,3,59,0.8729695653744386,0.7536846578876965,0.4,0.6,0.45,nan,0.29605263157894735,0.15,0.2,nan,1.4577079349191562e-11,2d4ff47402e2abc9ab16
JVS_JVSMuSiC,hubert_l3,3,61,0.877819312798333,0.760263722193869,0.15,0.6,0.45,nan,0.3894736842105263,0.2,0.20131578947368423,nan,1.3741691016268826e-11,9153c702b945f61171be
JVS_JVSMuSiC,hubert_l3,3,67,0.8673084008335594,0.7453316148371791,0.35,0.75,0.55,nan,0.3078947368421052,0.15,0.2,nan,1.4180858451363083e-11,b3999eafbcd7688f7599
JVS_JVSMuSiC,hubert_l3,3,71,0.8713953572464778,0.7500797440863769,0.25,0.55,0.65,nan,0.4013157894736842,0.19605263157894737,0.2,nan,1.381982432853149e-11,089b27253863b6513ee2
JVS_JVSMuSiC,hubert_l3,3,73,0.8883216363542739,0.7847049148835834,0.2,0.6,0.4,nan,0.35,0.16052631578947368,0.21052631578947367,nan,1.384209931307381e-11,9eb5120594462f756736
JVS_JVSMuSiC,hubert_l3,3,79,0.87454175916913,0.7574687838696856,0.3,0.7,0.6,nan,0.3973684210526316,0.19473684210526315,0.1881578947368421,nan,1.3439795020206679e-11,14f61a241c4d9a66a0af
JVS_JVSMuSiC,hubert_l3,3,83,0.8711440719934638,0.7500615050067533,0.1,0.7,0.65,nan,0.35,0.1539473684210526,0.15,nan,1.3723057920126708e-11,1e5c150bdc7488d0d680
JVS_JVSMuSiC,hubert_l3,3,89,0.8862960209659881,0.7783514266675475,0.3,0.75,0.5,nan,0.35,0.2,0.2,nan,1.4138433976899343e-11,19dae8a6168d8d78e1b0
JVS_JVSMuSiC,hubert_l3,3,97,0.8750418038329071,0.760635082198483,0.4,0.6,0.55,nan,0.35,0.2,0.24605263157894736,nan,1.3921596718299765e-11,4dd5c5442689072001b2
JVS_JVSMuSiC,hubert_l6,6,13,0.8930421046818978,0.7923440929290155,0.15,0.7,0.45,0.95,0.35,0.15921052631578947,0.2,0.002631578947368421,1.1501292500761863e-11,1620bf3f3b3febc22011
JVS_JVSMuSiC,hubert_l6,6,17,0.8925682103091954,0.7852521978824599,0.35,0.65,0.3,1.0,0.35526315789473684,0.1618421052631579,0.25263157894736843,0.005263157894736842,1.1699983043476975e-11,9e5b16e914257a2cba12
JVS_JVSMuSiC,hubert_l6,6,19,0.8863120879263529,0.7745287171506634,0.15,0.5,0.45,0.95,0.4,0.18947368421052632,0.23815789473684212,0.09736842105263158,1.1208998561481906e-11,951ea68b9650068f8ccd
JVS_JVSMuSiC,hubert_l6,6,23,0.9023291328846849,0.8093272605654923,0.25,0.75,0.55,0.95,0.35,0.15,0.20921052631578949,0.05,1.1391298368230434e-11,6e2bc7843a7005cb0bf9
JVS_JVSMuSiC,hubert_l6,6,29,0.8916574995205488,0.7833631645706518,0.1,0.7,0.4,0.95,0.34736842105263155,0.2,0.24210526315789474,0.09605263157894736,1.170846259567054e-11,c4c1cdd233c577932bd7
JVS_JVSMuSiC,hubert_l6,6,31,0.8718240319608306,0.7491319720324827,0.2,0.55,0.45,0.95,0.35,0.15789473684210525,0.2,0.05,1.1226748848614445e-11,791e956b5eabb639c644
JVS_JVSMuSiC,hubert_l6,6,37,0.8856064711483869,0.7784392335076971,0.25,0.6,0.3,0.95,0.3,0.2,0.25,0.05,1.1685130124171573e-11,553e0dd199d2cf75250a
JVS_JVSMuSiC,hubert_l6,6,41,0.9027020372600738,0.8032291307044115,0.15,0.7,0.25,0.85,0.40657894736842104,0.14473684210526316,0.20263157894736844,0.05,1.155674317421752e-11,d729af889c70fbb0659c
JVS_JVSMuSiC,hubert_l6,6,43,0.8963348347840625,0.7974864625446451,0.15,0.6,0.45,0.95,0.4078947368421053,0.19078947368421054,0.3,0.04210526315789474,1.1659800279023635e-11,4050dfd53414da6ab0fd
JVS_JVSMuSiC,hubert_l6,6,47,0.8806733924898875,0.759946622377754,0.25,0.55,0.4,0.85,0.35789473684210527,0.25,0.25526315789473686,0.0881578947368421,1.1403075408853307e-11,285ae2f1bbaaf56ee309
JVS_JVSMuSiC,hubert_l6,6,53,0.8775613742822657,0.7529004712192118,0.2,0.65,0.5,0.95,0.34736842105263155,0.2,0.23815789473684212,0.05,1.1305781630781108e-11,c76582e120932297a46e
JVS_JVSMuSiC,hubert_l6,6,59,0.890303860647671,0.7860915618837846,0.25,0.5,0.4,1.0,0.35,0.15,0.2,0.04078947368421053,1.2014850691317954e-11,b95f65a43e146566a79b
JVS_JVSMuSiC,hubert_l6,6,61,0.8978708261080957,0.7960931358817306,0.15,0.55,0.5,0.95,0.3907894736842106,0.20131578947368423,0.25,0.05,1.1453848756246657e-11,3276005e38f78659674a
JVS_JVSMuSiC,hubert_l6,6,67,0.8871181332825122,0.7816966454740518,0.2,0.55,0.55,0.95,0.39342105263157895,0.1881578947368421,0.20921052631578949,0.05,1.1751735022972334e-11,0246ee6aa668b06d38fb
JVS_JVSMuSiC,hubert_l6,6,71,0.8875243544050309,0.7783491904350064,0.2,0.45,0.6,0.95,0.45,0.2,0.19078947368421054,0.04473684210526316,1.1501457092589745e-11,32a48f21b40f2555566e
JVS_JVSMuSiC,hubert_l6,6,73,0.9051899473372389,0.813019619203636,0.15,0.7,0.4,1.0,0.35,0.20526315789473684,0.24736842105263157,0.009210526315789473,1.141335313970417e-11,1510f3ed9f2d49b9bf7f
JVS_JVSMuSiC,hubert_l6,6,79,0.8873746401905563,0.7794315439492643,0.25,0.7,0.5,0.95,0.4,0.2,0.20526315789473684,0.05,1.111341489703404e-11,c53fcf326e4d3687c25e
JVS_JVSMuSiC,hubert_l6,6,83,0.8848421537769694,0.7747824723677885,0.2,0.6,0.5,0.85,0.35526315789473684,0.15,0.2,0.05,1.1386628182635838e-11,5bbfe0f7849f9afd9a93
JVS_JVSMuSiC,hubert_l6,6,89,0.9016577882392791,0.8065655374303647,0.15,0.65,0.2,0.85,0.3486842105263158,0.20921052631578949,0.19473684210526315,0.04210526315789474,1.1750933288122634e-11,7ea84b3eb2dd3f033dde
JVS_JVSMuSiC,hubert_l6,6,97,0.8907463502298485,0.7878750509523557,0.15,0.45,0.6,0.85,0.4,0.20921052631578949,0.2,0.05,1.1507102262261132e-11,eded466291fc1677b65d
JVS_JVSMuSiC,hubert_l9,9,13,0.9064727890791013,0.8164946111020486,0.1,0.6,0.3,nan,0.4,0.14868421052631578,0.29605263157894735,nan,1.4077031798384827e-11,0eda67e9fd19fde90508
JVS_JVSMuSiC,hubert_l9,9,17,0.906255512705429,0.813099059553128,0.25,0.6,0.4,nan,0.30657894736842106,0.2,0.3,nan,1.4274875455256309e-11,c028d89b9fe4b8bed265
JVS_JVSMuSiC,hubert_l9,9,19,0.8996810444919332,0.8032319000107043,0.25,0.45,0.2,nan,0.4,0.24342105263157893,0.3,nan,1.363546765660712e-11,a4373ba06ca1dbfb65d1
JVS_JVSMuSiC,hubert_l9,9,23,0.9141195981221536,0.8297842416020922,0.15,0.55,0.4,nan,0.30394736842105263,0.15,0.3,nan,1.383904818314071e-11,fcf18430d5eee29ac79b
JVS_JVSMuSiC,hubert_l9,9,29,0.906390843167485,0.8102437690196762,0.15,0.65,0.3,nan,0.36184210526315785,0.2,0.25,nan,1.4349409192664946e-11,0317128fff13f4d0c57f
JVS_JVSMuSiC,hubert_l9,9,31,0.8925657041180617,0.7905679796131276,0.2,0.45,0.25,nan,0.45394736842105265,0.2,0.35,nan,1.377250555433131e-11,0aa59a9c62850f2783f2
JVS_JVSMuSiC,hubert_l9,9,37,0.9042744716172614,0.8130657959902698,0.25,0.55,0.25,nan,0.35,0.15921052631578947,0.3,nan,1.4209661840240122e-11,376e41f7c06dd89cee63
JVS_JVSMuSiC,hubert_l9,9,41,0.9158504612855412,0.8270873003728598,0.2,0.4,0.25,nan,0.43947368421052635,0.2,0.256578947368421,nan,1.3973325719458553e-11,7bdad7f7b7afa4160d47
JVS_JVSMuSiC,hubert_l9,9,43,0.9127747376100022,0.8268433824765598,0.1,0.45,0.25,nan,0.39210526315789473,0.15526315789473683,0.35,nan,1.4197914404769808e-11,1acc453d9fba90cfb8bb
JVS_JVSMuSiC,hubert_l9,9,47,0.8983835841611892,0.799306562446595,0.2,0.55,0.3,nan,0.4,0.24868421052631579,0.3,nan,1.4001596091026446e-11,6172e4d4bfbb1f2109cf
JVS_JVSMuSiC,hubert_l9,9,53,0.8937086767054158,0.7869121600536234,0.1,0.6,0.3,nan,0.35,0.25,0.2605263157894737,nan,1.3855708421722503e-11,21db223f4073af3260de
JVS_JVSMuSiC,hubert_l9,9,59,0.9068588090669596,0.817742636795235,0.1,0.45,0.2,nan,0.35,0.15,0.3026315789473684,nan,1.4529604377170028e-11,2254f5274d9a69411443
JVS_JVSMuSiC,hubert_l9,9,61,0.9122567012252892,0.8229578123403356,0.25,0.4,0.2,nan,0.4,0.19473684210526315,0.3,nan,1.397131533572858e-11,d0f94d191cd5bb56f2d0
JVS_JVSMuSiC,hubert_l9,9,67,0.9098707602087475,0.8240891453526992,0.1,0.45,0.25,nan,0.35,0.15,0.3026315789473684,nan,1.4255756341031492e-11,bee10a8b6f64cfdf1adc
JVS_JVSMuSiC,hubert_l9,9,71,0.9028463396664594,0.8085358812043455,0.15,0.4,0.45,nan,0.40921052631578947,0.2394736842105263,0.2934210526315789,nan,1.396951395169558e-11,a8bf1cd57a986e7dc6a8
JVS_JVSMuSiC,hubert_l9,9,73,0.9167060781492749,0.8333909925517653,0.05,0.6,0.1,nan,0.35,0.24210526315789474,0.35,nan,1.3806569895613373e-11,d5dde21d470828a25bcb
JVS_JVSMuSiC,hubert_l9,9,79,0.9008739561142534,0.8052162410214895,0.1,0.45,0.3,nan,0.45,0.25,0.3,nan,1.3563697860833489e-11,7855a0f8cc0f3569b533
JVS_JVSMuSiC,hubert_l9,9,83,0.9036729951957397,0.8095653763046943,0.15,0.45,0.25,nan,0.4,0.14605263157894738,0.20263157894736844,nan,1.3875271561139327e-11,105dd4ae368574736a76
JVS_JVSMuSiC,hubert_l9,9,89,0.9158258679137246,0.834115174023444,0.15,0.65,0.35,nan,0.4039473684210526,0.2,0.35,nan,1.420949041823144e-11,c065952771fe2b2fb2ab
JVS_JVSMuSiC,hubert_l9,9,97,0.9062522091886189,0.8151853640276592,0.1,0.5,0.15,nan,0.35,0.2,0.3421052631578947,nan,1.4032626696261139e-11,6c29fadc2a62b365bd18
JVS_JVSMuSiC,hubert_l12,12,13,0.9256376248532632,0.8532563904544006,0.15,0.75,0.45,nan,0.3486842105263158,0.20131578947368423,0.18947368421052632,nan,2.8564772967898075e-11,6608bc509c27504361c3
JVS_JVSMuSiC,hubert_l12,12,17,0.9235474122010261,0.8457901529772444,0.25,0.6,0.45,nan,0.35,0.2,0.1881578947368421,nan,2.918448854494196e-11,51b43ea908defdb02a57
JVS_JVSMuSiC,hubert_l12,12,19,0.9135341053396173,0.8258972215472662,0.2,0.4,0.35,nan,0.4,0.25,0.2513157894736842,nan,2.7616985573419225e-11,65804af36296e2a9f069
JVS_JVSMuSiC,hubert_l12,12,23,0.9311820749051464,0.8612995848694033,0.15,0.6,0.45,nan,0.4,0.2,0.2,nan,2.8340245769493122e-11,dedf49ddb6b0c50f51e0
JVS_JVSMuSiC,hubert_l12,12,29,0.9255000287669869,0.8475018799434331,0.15,0.55,0.5,nan,0.3460526315789474,0.2,0.2,nan,2.9232793148354334e-11,2451d49d016df3c3ab7f
JVS_JVSMuSiC,hubert_l12,12,31,0.9028099837566639,0.8066464085367944,0.2,0.55,0.25,nan,0.3592105263157894,0.2,0.2,nan,2.7830640183208098e-11,e487be91750ceda3a47c
JVS_JVSMuSiC,hubert_l12,12,37,0.9213461398951572,0.8437584967145522,0.25,0.55,0.45,nan,0.30526315789473685,0.23815789473684212,0.20394736842105265,nan,2.890866199678674e-11,fecb223d3261a5d1467b
JVS_JVSMuSiC,hubert_l12,12,41,0.9327531972543713,0.8591407437251986,0.15,0.4,0.45,nan,0.45,0.2,0.25,nan,2.8672780907569186e-11,345e84338243db3abbff
JVS_JVSMuSiC,hubert_l12,12,43,0.9261972011802289,0.8520081992523362,0.15,0.4,0.35,nan,0.44605263157894737,0.20131578947368423,0.2934210526315789,nan,2.9132927245192344e-11,4716a6e76de40137d48c
JVS_JVSMuSiC,hubert_l12,12,47,0.9137763460882548,0.8238863202619456,0.25,0.55,0.45,nan,0.35657894736842105,0.2,0.25,nan,2.8546987900648345e-11,6eed13d7a707fdcf8663
JVS_JVSMuSiC,hubert_l12,12,53,0.9068631368237892,0.8096596498588688,0.1,0.5,0.4,nan,0.35,0.24473684210526314,0.2,nan,2.8055314225245947e-11,991994557280c25dc957
JVS_JVSMuSiC,hubert_l12,12,59,0.9214166119662204,0.8449056742664336,0.2,0.35,0.4,nan,0.3486842105263158,0.24868421052631579,0.25,nan,2.957762497380224e-11,170943a50907b7889d07
JVS_JVSMuSiC,hubert_l12,12,61,0.9282113217078987,0.8534390657851755,0.25,0.45,0.35,nan,0.35,0.19473684210526315,0.25,nan,2.8564784958094034e-11,e81174622135a4a4e763
JVS_JVSMuSiC,hubert_l12,12,67,0.9227025895009577,0.846719932298277,0.1,0.35,0.45,nan,0.35,0.20263157894736844,0.24210526315789474,nan,2.914973447138453e-11,75ee9062bda4666baad6
JVS_JVSMuSiC,hubert_l12,12,71,0.9142354082961726,0.828471409991518,0.2,0.35,0.35,nan,0.45,0.2,0.25,nan,2.85995269259802e-11,cda300989439bc553b01
JVS_JVSMuSiC,hubert_l12,12,73,0.9319253224574908,0.8614484109975352,0.1,0.35,0.3,nan,0.45,0.25,0.2894736842105263,nan,2.8400494825833162e-11,0a4cdac54792af8f8d22
JVS_JVSMuSiC,hubert_l12,12,79,0.9136512411949314,0.8276220381105741,0.2,0.55,0.35,nan,0.4078947368421053,0.24473684210526314,0.20921052631578949,nan,2.773195458603227e-11,85908184138b632b184f
JVS_JVSMuSiC,hubert_l12,12,83,0.9156911182024432,0.8313649655822692,0.2,0.55,0.45,nan,0.3,0.15,0.20131578947368423,nan,2.8342112093706943e-11,3fc6a7218d4ee3d1ce55
JVS_JVSMuSiC,hubert_l12,12,89,0.9299366789943777,0.860118717769335,0.1,0.6,0.5,nan,0.35,0.20394736842105265,0.25526315789473686,nan,2.898627456176448e-11,7bff397474bb18ad8092
JVS_JVSMuSiC,hubert_l12,12,97,0.9214061149428581,0.8439690764950031,0.2,0.45,0.45,nan,0.4,0.24078947368421053,0.2,nan,2.849711259888066e-11,03a6b9ec4732a0fa56ab
JVS_JVSMuSiC,mert_l3,3,13,0.8137218532241015,0.6526299750047684,0.45,0.75,0.4,0.85,0.24605263157894736,0.19736842105263158,0.15,0.1,1.5976137329007268e-11,5ab0fd8be7a97592bfe5
JVS_JVSMuSiC,mert_l3,3,17,0.807746162238059,0.6440424242078597,0.45,0.8,0.5,1.0,0.25,0.15,0.2,0.043421052631578944,1.6367794883191232e-11,b877add14c840e1e2dca
JVS_JVSMuSiC,mert_l3,3,19,0.8190258020359439,0.6626862239548039,0.2,0.55,0.4,0.95,0.29605263157894735,0.2,0.18947368421052632,0.05,1.5486663670584872e-11,9806a725275dd7f74fed
JVS_JVSMuSiC,mert_l3,3,23,0.8153905770062998,0.660269550823497,0.4,0.7,0.45,0.95,0.29210526315789476,0.1513157894736842,0.2,0.05,1.573854043647107e-11,e1bca55eafe1e611158b
JVS_JVSMuSiC,mert_l3,3,29,0.7927237723425342,0.6169444896496726,0.4,0.75,0.45,1.0,0.25,0.15,0.16052631578947368,0.04473684210526316,1.624346309584861e-11,20276025d011380604ae
JVS_JVSMuSiC,mert_l3,3,31,0.8102283619544914,0.6442743552991665,0.35,0.7,0.35,0.85,0.3,0.15,0.1513157894736842,0.1,1.5363864729583304e-11,81fd40d0a7c62453194a
JVS_JVSMuSiC,mert_l3,3,37,0.7945573739537629,0.6246323138364673,0.5,0.7,0.55,0.9,0.25394736842105264,0.14868421052631578,0.25,0.1,1.6132070252425663e-11,37e90aa90c7e804175f6
JVS_JVSMuSiC,mert_l3,3,41,0.8227823332472959,0.663060330979026,0.25,0.7,0.5,0.9,0.35,0.2,0.19605263157894737,0.09078947368421053,1.580407159207438e-11,6d3a6bd4f9d00c59e165
JVS_JVSMuSiC,mert_l3,3,43,0.7955880661166519,0.6280313532568941,0.3,0.4,0.2,0.85,0.35,0.19078947368421054,0.25,0.1,1.6065427224868115e-11,c288b875af265d2a21d7
JVS_JVSMuSiC,mert_l3,3,47,0.7976225560573089,0.6221141167342961,0.55,0.75,0.7,0.85,0.25,0.15,0.1986842105263158,0.1,1.6120272982896303e-11,7a1e97854be9621b0ae7
JVS_JVSMuSiC,mert_l3,3,53,0.7940491083089776,0.6180016310420547,0.3,0.75,0.55,0.9,0.25,0.2,0.19078947368421054,0.05,1.570558591637858e-11,3a8053fc759f37d61abd
JVS_JVSMuSiC,mert_l3,3,59,0.7998200559396119,0.6332694250860171,0.5,0.65,0.35,0.9,0.25,0.15,0.2,0.1,1.6866590608358914e-11,f9189bbcd5445d62c1ec
JVS_JVSMuSiC,mert_l3,3,61,0.8032595561941204,0.63845007487793,0.35,0.55,0.35,0.85,0.3013157894736842,0.16052631578947368,0.24736842105263157,0.05131578947368421,1.580688162109571e-11,ce0b12eaec65a4bf3c81
JVS_JVSMuSiC,mert_l3,3,67,0.7986023486689783,0.631387035571404,0.45,0.6,0.4,0.9,0.25526315789473686,0.1,0.20131578947368423,0.15,1.5851786557632552e-11,15ac395fea28c3468c77
JVS_JVSMuSiC,mert_l3,3,71,0.7973675815070722,0.6262522708204856,0.35,0.65,0.55,0.9,0.3,0.15,0.25,0.05789473684210526,1.590634551899271e-11,cab2503d6f5a6f92a9cb
JVS_JVSMuSiC,mert_l3,3,73,0.8168772645369634,0.6647059308952219,0.3,0.55,0.3,0.9,0.3,0.15,0.25263157894736843,0.05,1.5981630605375963e-11,f9e3a6bb338967c980f6
JVS_JVSMuSiC,mert_l3,3,79,0.7976995319535647,0.6302529582762904,0.25,0.65,0.35,0.9,0.3,0.1105263157894737,0.19736842105263158,0.05,1.5357796959560562e-11,9d2cfb6502dcae1ccf36
JVS_JVSMuSiC,mert_l3,3,83,0.7968603599667045,0.6202491811086325,0.35,0.75,0.45,0.85,0.29605263157894735,0.15921052631578947,0.2,0.1,1.551053662810507e-11,232853e9871d17adf2aa
JVS_JVSMuSiC,mert_l3,3,89,0.8154901044186473,0.6556377490833626,0.25,0.65,0.4,0.9,0.29605263157894735,0.2,0.15,0.04078947368421053,1.6229577267754923e-11,81b3b18eecbd0bb6998f
JVS_JVSMuSiC,mert_l3,3,97,0.7964474662733307,0.6320966837569669,0.35,0.6,0.35,0.8,0.3118421052631579,0.15,0.2118421052631579,0.1,1.573827557941265e-11,1b08a26da7c54111eb9b
JVS_JVSMuSiC,mert_l6,6,13,0.8502223635647985,0.7123220604488854,0.3,0.75,0.3,nan,0.3026315789473684,0.2,0.24605263157894736,nan,1.4981577916622287e-11,f77c4defbf9bf42ec5ac
JVS_JVSMuSiC,mert_l6,6,17,0.8494993085219178,0.7146885394009748,0.35,0.75,0.2,nan,0.3,0.15,0.21052631578947367,nan,1.5555016762354175e-11,42a992808001fe6eca0c
JVS_JVSMuSiC,mert_l6,6,19,0.8559308570813995,0.7248422414976342,0.15,0.5,0.25,nan,0.3,0.2,0.24342105263157893,nan,1.4713903883584257e-11,d7f09ff35e49342433bb
JVS_JVSMuSiC,mert_l6,6,23,0.8586764620056352,0.7302033194088177,0.3,0.65,0.25,nan,0.3,0.21052631578947367,0.2,nan,1.4811493150048784e-11,dce5e973cbc146e9fc58
JVS_JVSMuSiC,mert_l6,6,29,0.8421582994003485,0.6995462608332672,0.3,0.65,0.3,nan,0.3,0.1539473684210526,0.19473684210526315,nan,1.5337335352810702e-11,95b5af1afcba677df422
JVS_JVSMuSiC,mert_l6,6,31,0.8450417728813007,0.7033397028267195,0.2,0.65,0.25,nan,0.35,0.1513157894736842,0.2986842105263158,nan,1.4616764161784886e-11,52bf97f77210ea32b733
JVS_JVSMuSiC,mert_l6,6,37,0.8390758494469243,0.6975640388691682,0.4,0.65,0.35,nan,0.3,0.19605263157894737,0.2947368421052632,nan,1.526845453033955e-11,ab7dae14bbde44c6503e
JVS_JVSMuSiC,mert_l6,6,41,0.8580834303154902,0.7257290759835644,0.35,0.7,0.5,nan,0.3381578947368421,0.2,0.25,nan,1.497846277723321e-11,75881582d87bd2ef523f
JVS_JVSMuSiC,mert_l6,6,43,0.8385694636663394,0.6970775776374668,0.25,0.4,0.15,nan,0.3539473684210526,0.20394736842105265,0.24473684210526314,nan,1.510909170665456e-11,b6fe3d5d10b756ab8772
JVS_JVSMuSiC,mert_l6,6,47,0.8378986727487462,0.6902156848669252,0.55,0.7,0.4,nan,0.25,0.15,0.2,nan,1.5356739075925536e-11,1c10700107401e6073ba
JVS_JVSMuSiC,mert_l6,6,53,0.8362106417705559,0.6866792239687822,0.3,0.7,0.6,nan,0.3,0.2,0.25,nan,1.4923115742359658e-11,c07cdcfcb6ff4e5e68a5
JVS_JVSMuSiC,mert_l6,6,59,0.8442322107222585,0.7065583602675818,0.35,0.75,0.2,nan,0.35,0.19736842105263158,0.25,nan,1.5910639018156893e-11,c876f14442e6b26b15f3
JVS_JVSMuSiC,mert_l6,6,61,0.8461625139321916,0.7059435207934159,0.2,0.5,0.2,nan,0.4,0.2,0.24736842105263157,nan,1.4957793748225517e-11,5c71e6985d2bd1d89eaa
JVS_JVSMuSiC,mert_l6,6,67,0.8405388421007322,0.6994023638641915,0.35,0.6,0.25,nan,0.35,0.19473684210526315,0.25394736842105264,nan,1.5057642501599978e-11,d462ac7c8a0541bf2ea8
JVS_JVSMuSiC,mert_l6,6,71,0.834879381059309,0.6888239201342564,0.25,0.55,0.4,nan,0.3,0.1881578947368421,0.3,nan,1.5090479999978835e-11,e8748db4bf7de3e12fe9
JVS_JVSMuSiC,mert_l6,6,73,0.8596031959035806,0.7345112762533254,0.25,0.6,0.2,nan,0.3460526315789474,0.15921052631578947,0.25263157894736843,nan,1.5212016991341758e-11,3f4ebe10546197510c99
JVS_JVSMuSiC,mert_l6,6,79,0.8421196189974829,0.7014192780352966,0.15,0.7,0.2,nan,0.35,0.1513157894736842,0.25,nan,1.461883545045924e-11,75138ee3508579119ef9
JVS_JVSMuSiC,mert_l6,6,83,0.834158055430704,0.6818271987113498,0.3,0.6,0.35,nan,0.2934210526315789,0.23815789473684212,0.25,nan,1.4681811211396426e-11,a7fbddd08dc0755b5887
JVS_JVSMuSiC,mert_l6,6,89,0.8574696383852471,0.7248933023608659,0.25,0.65,0.3,nan,0.35,0.20526315789473684,0.2907894736842105,nan,1.530631362996805e-11,ea9580512182be4d7764
JVS_JVSMuSiC,mert_l6,6,97,0.8395365260371636,0.7018695839674746,0.3,0.5,0.35,nan,0.35,0.1105263157894737,0.20131578947368423,nan,1.4850294312534165e-11,42c99d3bb8eda4024a58
JVS_JVSMuSiC,mert_l9,9,13,0.8709451498120149,0.748331856901786,0.25,0.7,0.3,nan,0.30526315789473685,0.20263157894736844,0.15,nan,1.5793000105824503e-11,9eaf0ca00b2485d45c69
JVS_JVSMuSiC,mert_l9,9,17,0.8645002083366528,0.7403792856723026,0.3,0.65,0.25,nan,0.2947368421052632,0.15,0.21052631578947367,nan,1.625021925664383e-11,254f3ea58e60031fd387
JVS_JVSMuSiC,mert_l9,9,19,0.8658831560711588,0.7401935262088171,0.15,0.55,0.25,nan,0.3605263157894737,0.2,0.2,nan,1.5436939538693374e-11,bb130557818465f6b04f
JVS_JVSMuSiC,mert_l9,9,23,0.8746363749197339,0.7583244317909701,0.3,0.65,0.35,nan,0.35,0.20657894736842106,0.1618421052631579,nan,1.5411983317520354e-11,5aaf79023f7fd0d7c2ac
JVS_JVSMuSiC,mert_l9,9,29,0.863031780358626,0.7351426795578295,0.1,0.7,0.45,nan,0.3,0.15526315789473683,0.19473684210526315,nan,1.6137580811729503e-11,d7ce1053b333ec42b329
JVS_JVSMuSiC,mert_l9,9,31,0.8593304161743326,0.7244450961914137,0.15,0.65,0.4,nan,0.3513157894736842,0.2,0.2,nan,1.538359211214919e-11,78825a429ac5c45b2d74
JVS_JVSMuSiC,mert_l9,9,37,0.8593846735568125,0.7317533801047678,0.15,0.65,0.45,nan,0.3,0.2,0.2,nan,1.6084237318478024e-11,5a6688c155f553736adb
JVS_JVSMuSiC,mert_l9,9,41,0.8730228416147856,0.7510816325143083,0.1,0.65,0.4,nan,0.39342105263157895,0.2,0.2,nan,1.571216980085991e-11,65f23fea97968bcbd729
JVS_JVSMuSiC,mert_l9,9,43,0.8583325601607926,0.7313608607927805,0.2,0.35,0.25,nan,0.35,0.20921052631578949,0.2,nan,1.5898101452768314e-11,613afaa7db0be4f7f968
JVS_JVSMuSiC,mert_l9,9,47,0.8582068402304858,0.7236389784915168,0.45,0.7,0.6,nan,0.35,0.2,0.25,nan,1.61211986572889e-11,c6b50e20e16e9cfde66b
JVS_JVSMuSiC,mert_l9,9,53,0.8480058490392539,0.7023672513695391,0.25,0.5,0.3,nan,0.3,0.24078947368421053,0.20921052631578949,nan,1.5588442826826217e-11,ce8320c9e066a178f1dc
JVS_JVSMuSiC,mert_l9,9,59,0.8583625851734393,0.7294592486626046,0.2,0.7,0.3,nan,0.3381578947368421,0.1881578947368421,0.25,nan,1.6797541618968695e-11,bc40e1ac6eabbe0edd87
JVS_JVSMuSiC,mert_l9,9,61,0.8647674310172746,0.7379047393721695,0.15,0.55,0.35,nan,0.3592105263157894,0.2,0.24078947368421053,nan,1.5724074113193377e-11,84bc79270b62e6b14564
JVS_JVSMuSiC,mert_l9,9,67,0.8589816353458888,0.7302648637435525,0.25,0.55,0.45,nan,0.35,0.1881578947368421,0.24078947368421053,nan,1.5904623730966603e-11,1aafa0dff485ebb6c2df
JVS_JVSMuSiC,mert_l9,9,71,0.8579252097638369,0.7261066039170132,0.2,0.6,0.4,nan,0.39342105263157895,0.20657894736842106,0.25,nan,1.586529379799455e-11,f00657553ad9a5abd394
JVS_JVSMuSiC,mert_l9,9,73,0.8811438668481447,0.7725616466839887,0.2,0.75,0.3,nan,0.38815789473684215,0.19078947368421054,0.2,nan,1.6034425074446947e-11,bd944191a288a7e84f39
JVS_JVSMuSiC,mert_l9,9,79,0.8639944329361819,0.7368392283710816,0.15,0.65,0.35,nan,0.39210526315789473,0.20657894736842106,0.24605263157894736,nan,1.5320788797987035e-11,5e17e53df912725e2c2a
JVS_JVSMuSiC,mert_l9,9,83,0.8523649908836323,0.7126089920825551,0.2,0.45,0.4,nan,0.30394736842105263,0.24342105263157893,0.21052631578947367,nan,1.5504689984688526e-11,c05b6d3e78cbca8fc5e6
JVS_JVSMuSiC,mert_l9,9,89,0.876677325259703,0.759033246912723,0.25,0.55,0.45,nan,0.35,0.20657894736842106,0.2,nan,1.603360831357749e-11,d252be7cb43ded8336d3
JVS_JVSMuSiC,mert_l9,9,97,0.8599496061859216,0.7356371558395165,0.15,0.6,0.3,nan,0.35657894736842105,0.15,0.2,nan,1.5674946565898492e-11,e4fc06961ee5c82ee4b6
JVS_JVSMuSiC,mert_l12,12,13,0.8415756452814362,0.6947575203286971,0.25,0.6,0.25,nan,0.3,0.25394736842105264,0.15,nan,3.26266556825421e-11,2350f04d86a83d15bdfd
JVS_JVSMuSiC,mert_l12,12,17,0.8298549232537775,0.680313598961644,0.25,0.6,0.35,nan,0.3,0.24342105263157893,0.20394736842105265,nan,3.388150419195713e-11,19244267043f4bf2de0a
JVS_JVSMuSiC,mert_l12,12,19,0.8323692937370637,0.685551289047656,0.1,0.45,0.15,nan,0.4,0.2118421052631579,0.2894736842105263,nan,3.2180704100232756e-11,30ad26b4604410d0a8d6
JVS_JVSMuSiC,mert_l12,12,23,0.8433036791790751,0.7058274792667332,0.25,0.75,0.2,nan,0.3486842105263158,0.2,0.25,nan,3.221715146595909e-11,42913a5c4c92af95cc98
JVS_JVSMuSiC,mert_l12,12,29,0.835547724761561,0.6908598697747379,0.15,0.6,0.2,nan,0.35,0.25,0.24868421052631579,nan,3.36622690123843e-11,044254eb7338933980e0
JVS_JVSMuSiC,mert_l12,12,31,0.8301475155907865,0.6768013561471505,0.2,0.7,0.4,nan,0.3092105263157895,0.25,0.24210526315789474,nan,3.230884620794231e-11,631f38d91cacb944e029
JVS_JVSMuSiC,mert_l12,12,37,0.8269110584169104,0.678482207489843,0.2,0.6,0.35,nan,0.34342105263157896,0.20394736842105265,0.2,nan,3.366455296776403e-11,75469727bc6666441f5b
JVS_JVSMuSiC,mert_l12,12,41,0.8445212429871519,0.7033823891489244,0.15,0.55,0.2,nan,0.31052631578947365,0.25,0.24342105263157893,nan,3.306709144752951e-11,564c26504ada104112a3
JVS_JVSMuSiC,mert_l12,12,43,0.8309018747899684,0.6851542822560326,0.25,0.45,0.3,nan,0.36184210526315785,0.20789473684210527,0.25921052631578945,nan,3.307853410577279e-11,df880a82e4a0d2da0b80
JVS_JVSMuSiC,mert_l12,12,47,0.8330798356841859,0.6817279485692669,0.4,0.65,0.6,nan,0.35,0.21052631578947367,0.2513157894736842,nan,3.374253345219315e-11,540648def071df3dd43d
JVS_JVSMuSiC,mert_l12,12,53,0.8109431769631197,0.6443312049634069,0.15,0.5,0.35,nan,0.35,0.24210526315789474,0.25,nan,3.284547768818856e-11,f78d93ea871a221d8f7b
JVS_JVSMuSiC,mert_l12,12,59,0.8238067281283483,0.6705906429495252,0.2,0.4,0.2,nan,0.35,0.2,0.2605263157894737,nan,3.48539245059246e-11,4ee67f2fe3f33a649815
JVS_JVSMuSiC,mert_l12,12,61,0.8364818912186578,0.6865906578755991,0.15,0.5,0.35,nan,0.34736842105263155,0.2,0.20394736842105265,nan,3.2963607842648253e-11,861704483bbbeb0b89db
JVS_JVSMuSiC,mert_l12,12,67,0.8242529262809495,0.6707608104993084,0.3,0.5,0.5,nan,0.3,0.2,0.20526315789473684,nan,3.2866462741787086e-11,2f74828271191bbab0af
JVS_JVSMuSiC,mert_l12,12,71,0.8304281402786426,0.6782897772463252,0.2,0.55,0.45,nan,0.39210526315789473,0.25,0.2881578947368421,nan,3.340638387714225e-11,4844224fdbaf5294af8f
JVS_JVSMuSiC,mert_l12,12,73,0.8541187364084852,0.7262775496857005,0.2,0.65,0.4,nan,0.34342105263157896,0.2,0.25921052631578945,nan,3.3394773504961894e-11,f4f62f22ec45a7ff051b
JVS_JVSMuSiC,mert_l12,12,79,0.8318640376987071,0.6824804926619396,0.2,0.55,0.45,nan,0.35,0.25,0.3,nan,3.2163263166125356e-11,0c9e2e9e6c44654b060e
JVS_JVSMuSiC,mert_l12,12,83,0.8264673365427242,0.6662409085538467,0.2,0.5,0.35,nan,0.3,0.25,0.2,nan,3.2318965318015533e-11,2f54367c143d77d87a28
JVS_JVSMuSiC,mert_l12,12,89,0.8440992367457181,0.6965188772871145,0.2,0.4,0.3,nan,0.39210526315789473,0.25,0.25,nan,3.3207752479183863e-11,05428323ce131358d884
JVS_JVSMuSiC,mert_l12,12,97,0.8305861270880458,0.6853093819758054,0.25,0.45,0.3,nan,0.35,0.2118421052631579,0.25,nan,3.269829264494176e-11,ed60c841ae3cd55aab26
