dataset,model,protocol,condition_id,chance_R1,R1_speaker_aggregate,R1_ci95_low,R1_ci95_high,multiple_of_chance,ci_above_chance,n_unique_speakers
GTSinger_same_text_control,wavlm_l12,utterance_to_utterance,utt_cos_om_none,0.1,0.48946717079294455,0.41167489418206704,0.5643714101113889,4.8946717079294455,1,20
GTSinger_same_text_control,wavlm_l12,utterance_to_utterance,utt_cos_o0_query,0.1,0.6343363534477042,0.5463005461816323,0.7132601610632259,6.343363534477042,1,20
GTSinger_same_text_control,wavlm_l12,utterance_to_utterance,utt_wcos_oas_none,0.1,0.853084585739186,0.8003779590143345,0.900168220435202,8.53084585739186,1,20
GTSinger_same_text_control,wavlm_l12,utterance_to_utterance,utt_wcos_diag_none,0.1,0.6965132405012243,0.6208850235652302,0.7670050874443094,6.965132405012243,1,20
GTSinger_same_text_control,wavlm_l12,utterance_to_centroid,utt_cos_om_none,0.1,0.42757653892395864,0.288520952477599,0.5747241486764416,4.275765389239586,1,20
GTSinger_same_text_control,wavlm_l12,utterance_to_centroid,utt_cos_o0_query,0.1,0.6203746992391426,0.48842235656412686,0.7430569208118482,6.203746992391426,1,20
GTSinger_same_text_control,wavlm_l12,utterance_to_centroid,utt_wcos_oas_none,0.1,0.6787682989778224,0.589329621323684,0.7593042759552427,6.787682989778224,1,20
GTSinger_same_text_control,wavlm_l12,utterance_to_centroid,utt_wcos_diag_none,0.1,0.5624443709517377,0.4062840841103101,0.7167812606062279,5.624443709517377,1,20
GTSinger_same_text_control,hubert_l6,utterance_to_utterance,utt_cos_om_none,0.1,0.4315857828648289,0.3618435739341451,0.5035577178898064,4.315857828648289,1,20
GTSinger_same_text_control,hubert_l6,utterance_to_utterance,utt_cos_o0_query,0.1,0.6144155214971866,0.5260178178365293,0.687755209353545,6.144155214971866,1,20
GTSinger_same_text_control,hubert_l6,utterance_to_utterance,utt_wcos_oas_none,0.1,0.8260219294470577,0.7472236105969923,0.8863214743870135,8.260219294470575,1,20
GTSinger_same_text_control,hubert_l6,utterance_to_utterance,utt_wcos_diag_none,0.1,0.4860719768193965,0.4080563379187599,0.564988741891187,4.860719768193965,1,20
GTSinger_same_text_control,hubert_l6,utterance_to_centroid,utt_cos_om_none,0.1,0.45609377842661125,0.31235445425891295,0.6031084073755444,4.5609377842661125,1,20
GTSinger_same_text_control,hubert_l6,utterance_to_centroid,utt_cos_o0_query,0.1,0.6836556058827589,0.5497794798806738,0.8057796388465578,6.836556058827588,1,20
GTSinger_same_text_control,hubert_l6,utterance_to_centroid,utt_wcos_oas_none,0.1,0.7567954184177343,0.649233380638269,0.8422342016889095,7.567954184177343,1,20
GTSinger_same_text_control,hubert_l6,utterance_to_centroid,utt_wcos_diag_none,0.1,0.421033315974468,0.26795508768451265,0.5862323879403122,4.21033315974468,1,20
GTSinger_same_text_control,mert_l3,utterance_to_utterance,utt_cos_om_none,0.1,0.38815422508377057,0.3127239514466175,0.46411516689179594,3.8815422508377053,1,20
GTSinger_same_text_control,mert_l3,utterance_to_utterance,utt_cos_o0_query,0.1,0.4467296747143192,0.3765494679051167,0.5102679353959385,4.467296747143192,1,20
GTSinger_same_text_control,mert_l3,utterance_to_utterance,utt_wcos_oas_none,0.1,0.6017405415570427,0.5309082824566739,0.6693751121891164,6.017405415570427,1,20
GTSinger_same_text_control,mert_l3,utterance_to_utterance,utt_wcos_diag_none,0.1,0.41843765038612196,0.3379234328213279,0.49364068611789447,4.18437650386122,1,20
GTSinger_same_text_control,mert_l3,utterance_to_centroid,utt_cos_om_none,0.1,0.5484494714709525,0.4032992553403618,0.6949461345765876,5.484494714709524,1,20
GTSinger_same_text_control,mert_l3,utterance_to_centroid,utt_cos_o0_query,0.1,0.5395873675052338,0.40542924082456383,0.674651444062373,5.395873675052338,1,20
GTSinger_same_text_control,mert_l3,utterance_to_centroid,utt_wcos_oas_none,0.1,0.6663925560900256,0.5537668188175002,0.7756469102841405,6.663925560900255,1,20
GTSinger_same_text_control,mert_l3,utterance_to_centroid,utt_wcos_diag_none,0.1,0.5124608650935062,0.38414650222524,0.640742831767722,5.124608650935062,1,20
JVS_JVSMuSiC,wavlm_l12,utterance_to_utterance,utt_cos_om_none,0.05,0.1607648202137998,0.10698241010689992,0.21917830417881434,3.2152964042759957,1,98
JVS_JVSMuSiC,wavlm_l12,utterance_to_utterance,utt_cos_o0_query,0.05,0.29692678976352443,0.2452030693229673,0.35105760447035955,5.9385357952704885,1,98
JVS_JVSMuSiC,wavlm_l12,utterance_to_utterance,utt_wcos_oas_none,0.05,0.19316456106252022,0.16896406705539357,0.2189942824748947,3.8632912212504045,1,98
JVS_JVSMuSiC,wavlm_l12,utterance_to_utterance,utt_wcos_diag_none,0.05,0.23882977000323938,0.18458869047619045,0.29636555717525104,4.776595400064787,1,98
JVS_JVSMuSiC,wavlm_l12,utterance_to_centroid,utt_cos_om_none,0.05,0.1607648202137998,0.10698241010689992,0.21917830417881434,3.2152964042759957,1,98
JVS_JVSMuSiC,wavlm_l12,utterance_to_centroid,utt_cos_o0_query,0.05,0.29692678976352443,0.2452030693229673,0.35105760447035955,5.9385357952704885,1,98
JVS_JVSMuSiC,wavlm_l12,utterance_to_centroid,utt_wcos_oas_none,0.05,0.19316456106252022,0.16896406705539357,0.2189942824748947,3.8632912212504045,1,98
JVS_JVSMuSiC,wavlm_l12,utterance_to_centroid,utt_wcos_diag_none,0.05,0.23882977000323938,0.18458869047619045,0.29636555717525104,4.776595400064787,1,98
JVS_JVSMuSiC,hubert_l6,utterance_to_utterance,utt_cos_om_none,0.05,0.29004810495626826,0.22766666666666668,0.35479620991253646,5.800962099125365,1,98
JVS_JVSMuSiC,hubert_l6,utterance_to_utterance,utt_cos_o0_query,0.05,0.5000680272108843,0.4325900631681244,0.5674655733722059,10.001360544217684,1,98
JVS_JVSMuSiC,hubert_l6,utterance_to_utterance,utt_wcos_oas_none,0.05,0.5245787172011662,0.4793928206997084,0.5695829931972789,10.491574344023324,1,98
JVS_JVSMuSiC,hubert_l6,utterance_to_utterance,utt_wcos_diag_none,0.05,0.37620068027210884,0.31178249514091355,0.44147180515063167,7.5240136054421765,1,98
JVS_JVSMuSiC,hubert_l6,utterance_to_centroid,utt_cos_om_none,0.05,0.29004810495626826,0.22766666666666668,0.35479620991253646,5.800962099125365,1,98
JVS_JVSMuSiC,hubert_l6,utterance_to_centroid,utt_cos_o0_query,0.05,0.5000680272108843,0.4325900631681244,0.5674655733722059,10.001360544217684,1,98
JVS_JVSMuSiC,hubert_l6,utterance_to_centroid,utt_wcos_oas_none,0.05,0.5245787172011662,0.4793928206997084,0.5695829931972789,10.491574344023324,1,98
JVS_JVSMuSiC,hubert_l6,utterance_to_centroid,utt_wcos_diag_none,0.05,0.37620068027210884,0.31178249514091355,0.44147180515063167,7.5240136054421765,1,98
JVS_JVSMuSiC,mert_l3,utterance_to_utterance,utt_cos_om_none,0.05,0.38164965986394556,0.3160314990281827,0.4494347424684159,7.6329931972789105,1,98
JVS_JVSMuSiC,mert_l3,utterance_to_utterance,utt_cos_o0_query,0.05,0.597041788143829,0.5262185860058308,0.665455879494655,11.94083576287658,1,98
JVS_JVSMuSiC,mert_l3,utterance_to_utterance,utt_wcos_oas_none,0.05,0.6386507936507937,0.5860894476838355,0.6890025915127956,12.773015873015874,1,98
JVS_JVSMuSiC,mert_l3,utterance_to_utterance,utt_wcos_diag_none,0.05,0.38826190476190486,0.3191214771622935,0.46057295918367336,7.765238095238097,1,98
JVS_JVSMuSiC,mert_l3,utterance_to_centroid,utt_cos_om_none,0.05,0.38164965986394556,0.3160314990281827,0.4494347424684159,7.6329931972789105,1,98
JVS_JVSMuSiC,mert_l3,utterance_to_centroid,utt_cos_o0_query,0.05,0.597041788143829,0.5262185860058308,0.665455879494655,11.94083576287658,1,98
JVS_JVSMuSiC,mert_l3,utterance_to_centroid,utt_wcos_oas_none,0.05,0.6386507936507937,0.5860894476838355,0.6890025915127956,12.773015873015874,1,98
JVS_JVSMuSiC,mert_l3,utterance_to_centroid,utt_wcos_diag_none,0.05,0.38826190476190486,0.3191214771622935,0.46057295918367336,7.765238095238097,1,98
