dataset,model,layer,residualization_variant,formula,direction,splits,test_speakers_N,chance_R1,R1_mean,R1_std,R1_CI_low,R1_CI_high,R5_mean,MRR_mean,delta_R1_vs_raw_mean,delta_R1_vs_raw_CI_low,delta_R1_vs_raw_CI_high,mode_AUC_mean,notes
JVS_JVSMuSiC,wavlm_l12,12,raw,raw,S->G,20,20,0.05,0.13500000000000004,0.05722761571129799,0.07375000000000001,0.27624999999999994,0.4025,0.2757876437610377,0.0,0.0,0.0,1.0,expanded_jvs_audit
JVS_JVSMuSiC,wavlm_l12,12,raw,raw,G->S,20,20,0.05,0.195,0.07399324293474371,0.07375000000000001,0.32624999999999993,0.5350000000000001,0.3585480065063075,0.0,0.0,0.0,1.0,expanded_jvs_audit
JVS_JVSMuSiC,wavlm_l12,12,center_only_classic,classic,S->G,20,20,0.05,0.5374999999999999,0.08642193008721802,0.37375,0.65,0.9024999999999999,0.7015691391941392,0.4025,0.25,0.5524999999999999,1.0,expanded_jvs_audit
JVS_JVSMuSiC,wavlm_l12,12,center_only_classic,classic,G->S,20,20,0.05,0.1675,0.07628073151196178,0.05,0.32624999999999993,0.5725,0.35794388616844114,-0.027500000000000004,-0.15000000000000002,0.05000000000000001,1.0,expanded_jvs_audit
JVS_JVSMuSiC,wavlm_l12,12,mode_dummy_only,mean_preserving,S->G,20,20,0.05,0.3675,0.06179603547154139,0.27375,0.45,0.7575,0.5425144680096305,0.2325,0.15,0.35000000000000003,0.4805125,expanded_jvs_audit
JVS_JVSMuSiC,wavlm_l12,12,mode_dummy_only,mean_preserving,G->S,20,20,0.05,0.5925,0.11098986440211557,0.45,0.8,0.8699999999999999,0.7070661497837388,0.3975,0.25,0.65,0.4805125,expanded_jvs_audit
JVS_JVSMuSiC,wavlm_l12,12,mode_dummy_only,classic,S->G,20,20,0.05,0.6199999999999999,0.10770329614269009,0.45,0.8,0.8949999999999999,0.7396110764235765,0.485,0.32375000000000004,0.6787499999999997,0.4805125,expanded_jvs_audit
JVS_JVSMuSiC,wavlm_l12,12,mode_dummy_only,classic,G->S,20,20,0.05,0.6025000000000001,0.10544548354481571,0.42375,0.8262499999999999,0.8874999999999998,0.7299620240870242,0.40750000000000003,0.2,0.6287499999999998,0.4805125,expanded_jvs_audit
JVS_JVSMuSiC,wavlm_l12,12,acoustic_full_no_mode,mean_preserving,S->G,20,20,0.05,0.225,0.06800735254367722,0.15,0.35,0.5549999999999999,0.39105171302510694,0.09,-0.05,0.2762499999999999,0.8912812499999999,expanded_jvs_audit
JVS_JVSMuSiC,wavlm_l12,12,acoustic_full_no_mode,mean_preserving,G->S,20,20,0.05,0.4575,0.10520812706250408,0.27375,0.62625,0.7375,0.5842641467364764,0.2625,-0.028749999999999984,0.45,0.8912812499999999,expanded_jvs_audit
JVS_JVSMuSiC,wavlm_l12,12,acoustic_full_no_mode,classic,S->G,20,20,0.05,0.4900000000000001,0.10559356040971438,0.35,0.7024999999999999,0.8025,0.6291921140972031,0.355,0.17125,0.5787499999999998,0.8912812499999999,expanded_jvs_audit
JVS_JVSMuSiC,wavlm_l12,12,acoustic_full_no_mode,classic,G->S,20,20,0.05,0.46499999999999997,0.0895823643358446,0.32375,0.62625,0.785,0.6063831830364337,0.26999999999999996,0.0975,0.5024999999999998,0.8912812499999999,expanded_jvs_audit
JVS_JVSMuSiC,wavlm_l12,12,acoustic_full_plus_mode,mean_preserving,S->G,20,20,0.05,0.23500000000000004,0.0653834841531101,0.15,0.3762499999999999,0.5725000000000001,0.39477962200553146,0.1,-0.07625,0.22624999999999992,0.4983375,expanded_jvs_audit
JVS_JVSMuSiC,wavlm_l12,12,acoustic_full_plus_mode,mean_preserving,G->S,20,20,0.05,0.46749999999999997,0.09781998773256927,0.3,0.6524999999999999,0.7499999999999999,0.6010256140273555,0.2725,0.023749999999999997,0.4,0.4983375,expanded_jvs_audit
JVS_JVSMuSiC,wavlm_l12,12,acoustic_full_plus_mode,classic,S->G,20,20,0.05,0.5125000000000001,0.08496322733983212,0.4,0.6762499999999999,0.8,0.6416268236837122,0.37749999999999995,0.22375,0.5762499999999999,0.4983375,expanded_jvs_audit
JVS_JVSMuSiC,wavlm_l12,12,acoustic_full_plus_mode,classic,G->S,20,20,0.05,0.47750000000000004,0.09010410645470049,0.35,0.62625,0.8074999999999999,0.6263090723560925,0.28250000000000003,0.0975,0.4787499999999998,0.4983375,expanded_jvs_audit
JVS_JVSMuSiC,wavlm_l12,12,single_group_f0,mean_preserving,S->G,20,20,0.05,0.1075,0.03269174207655505,0.05,0.15,0.36,0.24422038242974775,-0.027500000000000004,-0.15,0.0,1.0,expanded_jvs_audit
JVS_JVSMuSiC,wavlm_l12,12,single_group_f0,mean_preserving,G->S,20,20,0.05,0.1325,0.08554969316134338,0.05,0.32624999999999993,0.47750000000000004,0.304681444694796,-0.0625,-0.17625,0.0,1.0,expanded_jvs_audit
JVS_JVSMuSiC,wavlm_l12,12,single_group_energy,mean_preserving,S->G,20,20,0.05,0.14500000000000002,0.05454356057317857,0.07375000000000001,0.25,0.4624999999999999,0.3084522729377605,0.010000000000000002,-0.1525,0.12624999999999992,0.9944000000000001,expanded_jvs_audit
JVS_JVSMuSiC,wavlm_l12,12,single_group_energy,mean_preserving,G->S,20,20,0.05,0.21999999999999997,0.07648529270389177,0.07375000000000001,0.3762499999999999,0.6075,0.3959721195771892,0.025000000000000005,-0.1525,0.2287499999999998,0.9944000000000001,expanded_jvs_audit
JVS_JVSMuSiC,wavlm_l12,12,single_group_duration,mean_preserving,S->G,20,20,0.05,0.34,0.10559356040971438,0.12375,0.47624999999999995,0.7625,0.5219414605432408,0.205,0.023749999999999997,0.3762499999999999,0.9269562500000001,expanded_jvs_audit
JVS_JVSMuSiC,wavlm_l12,12,single_group_duration,mean_preserving,G->S,20,20,0.05,0.48500000000000004,0.07433034373659253,0.37375,0.62625,0.79,0.6217716335844238,0.29000000000000004,0.15,0.47624999999999995,0.9269562500000001,expanded_jvs_audit
JVS_JVSMuSiC,wavlm_l12,12,single_group_voicing,mean_preserving,S->G,20,20,0.05,0.13500000000000004,0.05722761571129799,0.07375000000000001,0.27624999999999994,0.4025,0.2757876437610377,0.0,0.0,0.0,1.0,expanded_jvs_audit
JVS_JVSMuSiC,wavlm_l12,12,single_group_voicing,mean_preserving,G->S,20,20,0.05,0.195,0.07399324293474371,0.07375000000000001,0.32624999999999993,0.5350000000000001,0.3585480065063075,0.0,0.0,0.0,1.0,expanded_jvs_audit
JVS_JVSMuSiC,wavlm_l12,12,full_minus_f0,mean_preserving,S->G,20,20,0.05,0.29250000000000004,0.06378675411086536,0.17375000000000002,0.40249999999999986,0.6475000000000001,0.45952149238575324,0.1575,-0.002500000000000009,0.27624999999999994,0.8931812499999999,expanded_jvs_audit
JVS_JVSMuSiC,wavlm_l12,12,full_minus_f0,mean_preserving,G->S,20,20,0.05,0.48249999999999993,0.10280442597476043,0.32375,0.6762499999999999,0.785,0.6245317091856373,0.28750000000000003,0.07375000000000001,0.5024999999999998,0.8931812499999999,expanded_jvs_audit
JVS_JVSMuSiC,wavlm_l12,12,full_minus_energy,mean_preserving,S->G,20,20,0.05,0.2625,0.0878564169540279,0.0975,0.42624999999999996,0.6449999999999999,0.4371101245460767,0.1275,-0.049999999999999996,0.30000000000000004,0.92475625,expanded_jvs_audit
JVS_JVSMuSiC,wavlm_l12,12,full_minus_energy,mean_preserving,G->S,20,20,0.05,0.42250000000000004,0.09417404100918682,0.3,0.6024999999999999,0.71,0.5543602067759382,0.22750000000000004,-0.0024999999999999953,0.47624999999999995,0.92475625,expanded_jvs_audit
JVS_JVSMuSiC,wavlm_l12,12,full_minus_duration,mean_preserving,S->G,20,20,0.05,0.10500000000000001,0.05678908345800274,0.023750000000000004,0.22624999999999992,0.40750000000000003,0.26896496622357685,-0.03,-0.17875,0.1,0.99390625,expanded_jvs_audit
JVS_JVSMuSiC,wavlm_l12,12,full_minus_duration,mean_preserving,G->S,20,20,0.05,0.18749999999999997,0.07562241731127087,0.05,0.32624999999999993,0.5549999999999999,0.3539296205707777,-0.007499999999999997,-0.2,0.20249999999999985,0.99390625,expanded_jvs_audit
JVS_JVSMuSiC,wavlm_l12,12,full_minus_voicing,mean_preserving,S->G,20,20,0.05,0.225,0.06800735254367722,0.15,0.35,0.5549999999999999,0.39105171302510694,0.09,-0.05,0.2762499999999999,0.8912812499999999,expanded_jvs_audit
JVS_JVSMuSiC,wavlm_l12,12,full_minus_voicing,mean_preserving,G->S,20,20,0.05,0.4575,0.10520812706250408,0.27375,0.62625,0.7375,0.5842641467364764,0.2625,-0.028749999999999984,0.45,0.8912812499999999,expanded_jvs_audit
JVS_JVSMuSiC,wavlm_l12,12,row_shuffled_nuisance,mean_preserving,S->G,20,20,0.05,0.1325,0.045483513496650634,0.07375000000000001,0.22624999999999992,0.385,0.27381288868295445,-0.0024999999999999996,-0.07625,0.05,1.0,expanded_jvs_audit
JVS_JVSMuSiC,wavlm_l12,12,row_shuffled_nuisance,mean_preserving,G->S,20,20,0.05,0.16999999999999998,0.08717797887081345,0.05,0.35,0.53,0.34303759794771793,-0.025,-0.1525,0.07624999999999992,1.0,expanded_jvs_audit
JVS_JVSMuSiC,wavlm_l12,12,random_gaussian_nuisance,mean_preserving,S->G,20,20,0.05,0.12,0.050990195135927854,0.05,0.2,0.3975,0.2655073596961174,-0.014999999999999996,-0.07624999999999998,0.026249999999999937,1.0,expanded_jvs_audit
JVS_JVSMuSiC,wavlm_l12,12,random_gaussian_nuisance,mean_preserving,G->S,20,20,0.05,0.17750000000000002,0.05804093383121949,0.1,0.27624999999999994,0.5250000000000001,0.35022249878819145,-0.017499999999999995,-0.12624999999999997,0.07624999999999993,1.0,expanded_jvs_audit
JVS_JVSMuSiC,wavlm_l12,12,random_low_rank_projection,mean_preserving,S->G,20,20,0.05,0.13,0.053385391260156546,0.07375000000000001,0.25249999999999984,0.40750000000000003,0.27323927546266946,-0.004999999999999999,-0.04999999999999999,0.0,1.0,expanded_jvs_audit
JVS_JVSMuSiC,wavlm_l12,12,random_low_rank_projection,mean_preserving,G->S,20,20,0.05,0.19249999999999998,0.0729297607290741,0.07375000000000001,0.32624999999999993,0.5350000000000001,0.3574020007555224,-0.0024999999999999996,-0.026249999999999992,0.0,1.0,expanded_jvs_audit
JVS_JVSMuSiC,mert_l3,3,raw,raw,S->G,20,20,0.05,0.36499999999999994,0.09367496997597598,0.22375,0.52625,0.7225,0.5234094045144742,0.0,0.0,0.0,0.99999375,expanded_jvs_audit
JVS_JVSMuSiC,mert_l3,3,raw,raw,G->S,20,20,0.05,0.36,0.1079351657246145,0.17125,0.5524999999999999,0.7525000000000002,0.5310393932048344,0.0,0.0,0.0,0.99999375,expanded_jvs_audit
JVS_JVSMuSiC,mert_l3,3,center_only_classic,classic,S->G,20,20,0.05,0.7024999999999999,0.11669940016983806,0.49750000000000005,0.9262499999999999,0.9625,0.8141865079365079,0.33749999999999997,0.15000000000000002,0.6024999999999999,0.99999375,expanded_jvs_audit
JVS_JVSMuSiC,mert_l3,3,center_only_classic,classic,G->S,20,20,0.05,0.345,0.10943034314119644,0.17125,0.5524999999999999,0.76,0.5261283855033856,-0.015,-0.10250000000000004,0.026249999999999954,0.99999375,expanded_jvs_audit
JVS_JVSMuSiC,mert_l3,3,mode_dummy_only,mean_preserving,S->G,20,20,0.05,0.6675,0.08699856320652659,0.49750000000000005,0.8,0.9274999999999999,0.7743993333055833,0.30250000000000005,0.14999999999999997,0.44999999999999996,0.49691875,expanded_jvs_audit
JVS_JVSMuSiC,mert_l3,3,mode_dummy_only,mean_preserving,G->S,20,20,0.05,0.78,0.09137833441248533,0.5975,0.9,0.9649999999999999,0.8540190826330532,0.42000000000000004,0.25,0.6787499999999999,0.49691875,expanded_jvs_audit
JVS_JVSMuSiC,mert_l3,3,mode_dummy_only,classic,S->G,20,20,0.05,0.78,0.10653637876331257,0.57375,0.95,0.9774999999999998,0.8598134920634919,0.41500000000000004,0.22374999999999995,0.62625,0.49691875,expanded_jvs_audit
JVS_JVSMuSiC,mert_l3,3,mode_dummy_only,classic,G->S,20,20,0.05,0.7575,0.08407585860400119,0.57125,0.85,0.9824999999999999,0.8460753968253968,0.3975000000000001,0.20000000000000004,0.6287499999999998,0.49691875,expanded_jvs_audit
JVS_JVSMuSiC,mert_l3,3,acoustic_full_no_mode,mean_preserving,S->G,20,20,0.05,0.49250000000000005,0.09908960591303208,0.35,0.6762499999999999,0.77,0.6192116430288837,0.1275,-0.1,0.35249999999999987,0.82269375,expanded_jvs_audit
JVS_JVSMuSiC,mert_l3,3,acoustic_full_no_mode,mean_preserving,G->S,20,20,0.05,0.7050000000000001,0.09604686356149274,0.52375,0.85,0.89,0.7862428255868658,0.345,0.10000000000000003,0.6024999999999999,0.82269375,expanded_jvs_audit
JVS_JVSMuSiC,mert_l3,3,acoustic_full_no_mode,classic,S->G,20,20,0.05,0.6824999999999999,0.10280442597476043,0.47375,0.85,0.9099999999999999,0.7773688531111131,0.3175,0.1,0.5524999999999999,0.82269375,expanded_jvs_audit
JVS_JVSMuSiC,mert_l3,3,acoustic_full_no_mode,classic,G->S,20,20,0.05,0.6675000000000001,0.08257572282456872,0.52375,0.8,0.9075000000000001,0.7733774454711954,0.3075,0.10000000000000003,0.55,0.82269375,expanded_jvs_audit
JVS_JVSMuSiC,mert_l3,3,acoustic_full_plus_mode,mean_preserving,S->G,20,20,0.05,0.51,0.10319883720275146,0.37375,0.7024999999999999,0.7749999999999999,0.6326323958871364,0.14500000000000002,-0.052499999999999984,0.35249999999999987,0.49297499999999994,expanded_jvs_audit
JVS_JVSMuSiC,mert_l3,3,acoustic_full_plus_mode,mean_preserving,G->S,20,20,0.05,0.7025,0.09417404100918682,0.52375,0.8262499999999999,0.89,0.7851193151104142,0.34249999999999997,0.12375,0.6287499999999998,0.49297499999999994,expanded_jvs_audit
JVS_JVSMuSiC,mert_l3,3,acoustic_full_plus_mode,classic,S->G,20,20,0.05,0.7024999999999999,0.10425329730996523,0.47375,0.85,0.8949999999999999,0.7882420288045288,0.3375,0.12375,0.6000000000000001,0.49297499999999994,expanded_jvs_audit
JVS_JVSMuSiC,mert_l3,3,acoustic_full_plus_mode,classic,G->S,20,20,0.05,0.7050000000000001,0.08351646544245032,0.5475,0.85,0.9099999999999999,0.7938494397759104,0.34500000000000003,0.17374999999999996,0.62625,0.49297499999999994,expanded_jvs_audit
JVS_JVSMuSiC,mert_l3,3,single_group_f0,mean_preserving,S->G,20,20,0.05,0.25250000000000006,0.08870597499605087,0.12375,0.4,0.5225,0.3977163950600483,-0.1125,-0.22624999999999998,0.0,0.99999375,expanded_jvs_audit
JVS_JVSMuSiC,mert_l3,3,single_group_f0,mean_preserving,G->S,20,20,0.05,0.2975,0.08870597499605086,0.12375,0.42624999999999996,0.6775,0.47174835360932493,-0.0625,-0.17625000000000002,0.12624999999999992,0.99999375,expanded_jvs_audit
JVS_JVSMuSiC,mert_l3,3,single_group_energy,mean_preserving,S->G,20,20,0.05,0.49000000000000005,0.09027735042633894,0.3,0.6,0.7849999999999999,0.626278237693679,0.125,-0.05000000000000002,0.27624999999999994,0.9769750000000001,expanded_jvs_audit
JVS_JVSMuSiC,mert_l3,3,single_group_energy,mean_preserving,G->S,20,20,0.05,0.71,0.099498743710662,0.55,0.87625,0.9075,0.8045256410256411,0.35000000000000003,0.17374999999999996,0.5787499999999998,0.9769750000000001,expanded_jvs_audit
JVS_JVSMuSiC,mert_l3,3,single_group_duration,mean_preserving,S->G,20,20,0.05,0.6224999999999999,0.10182705927208151,0.42125,0.77625,0.915,0.7434106795981796,0.2575,0.07374999999999998,0.45249999999999985,0.8496625,expanded_jvs_audit
JVS_JVSMuSiC,mert_l3,3,single_group_duration,mean_preserving,G->S,20,20,0.05,0.7375,0.09337424698491548,0.55,0.85,0.9524999999999999,0.8244586845902635,0.3775,0.22374999999999995,0.5787499999999998,0.8496625,expanded_jvs_audit
JVS_JVSMuSiC,mert_l3,3,single_group_voicing,mean_preserving,S->G,20,20,0.05,0.36499999999999994,0.09367496997597598,0.22375,0.52625,0.7225,0.5234094045144742,0.0,0.0,0.0,0.99999375,expanded_jvs_audit
JVS_JVSMuSiC,mert_l3,3,single_group_voicing,mean_preserving,G->S,20,20,0.05,0.36,0.1079351657246145,0.17125,0.5524999999999999,0.7525000000000002,0.5310393932048344,0.0,0.0,0.0,0.99999375,expanded_jvs_audit
JVS_JVSMuSiC,mert_l3,3,full_minus_f0,mean_preserving,S->G,20,20,0.05,0.5825,0.10280442597476044,0.3975,0.72625,0.8400000000000001,0.6975539766498551,0.21749999999999997,0.023749999999999997,0.37625,0.80208125,expanded_jvs_audit
JVS_JVSMuSiC,mert_l3,3,full_minus_f0,mean_preserving,G->S,20,20,0.05,0.7350000000000001,0.10851267207105351,0.55,0.9024999999999999,0.9299999999999999,0.8212578740703741,0.37499999999999994,0.14750000000000002,0.65,0.80208125,expanded_jvs_audit
JVS_JVSMuSiC,mert_l3,3,full_minus_energy,mean_preserving,S->G,20,20,0.05,0.5199999999999999,0.12589678312014171,0.29500000000000004,0.75,0.7949999999999999,0.6461476050931353,0.15499999999999997,-0.09999999999999998,0.4049999999999997,0.84326875,expanded_jvs_audit
JVS_JVSMuSiC,mert_l3,3,full_minus_energy,mean_preserving,G->S,20,20,0.05,0.71,0.07842193570679061,0.57375,0.85,0.8700000000000001,0.7798518101050995,0.35,0.14750000000000002,0.5787499999999998,0.84326875,expanded_jvs_audit
JVS_JVSMuSiC,mert_l3,3,full_minus_duration,mean_preserving,S->G,20,20,0.05,0.4225,0.1239707626821744,0.25,0.62625,0.7174999999999999,0.560490834114286,0.057500000000000016,-0.22875,0.32625,0.9754875000000001,expanded_jvs_audit
JVS_JVSMuSiC,mert_l3,3,full_minus_duration,mean_preserving,G->S,20,20,0.05,0.6025,0.11776565713313879,0.42375,0.8524999999999999,0.865,0.71690966876261,0.24250000000000002,-0.026249999999999964,0.5549999999999997,0.9754875000000001,expanded_jvs_audit
JVS_JVSMuSiC,mert_l3,3,full_minus_voicing,mean_preserving,S->G,20,20,0.05,0.49250000000000005,0.09908960591303208,0.35,0.6762499999999999,0.77,0.6192116430288837,0.1275,-0.1,0.35249999999999987,0.82269375,expanded_jvs_audit
JVS_JVSMuSiC,mert_l3,3,full_minus_voicing,mean_preserving,G->S,20,20,0.05,0.7050000000000001,0.09604686356149274,0.52375,0.85,0.89,0.7862428255868658,0.345,0.10000000000000003,0.6024999999999999,0.82269375,expanded_jvs_audit
JVS_JVSMuSiC,mert_l3,3,row_shuffled_nuisance,mean_preserving,S->G,20,20,0.05,0.36,0.09027735042633894,0.22375,0.5,0.7275,0.5213923149863553,-0.004999999999999999,-0.07625000000000004,0.1,1.0,expanded_jvs_audit
JVS_JVSMuSiC,mert_l3,3,row_shuffled_nuisance,mean_preserving,G->S,20,20,0.05,0.3625,0.10825317547305484,0.17125,0.52625,0.7325,0.5282110511500023,0.002500000000000005,-0.12875000000000003,0.07624999999999997,1.0,expanded_jvs_audit
JVS_JVSMuSiC,mert_l3,3,random_gaussian_nuisance,mean_preserving,S->G,20,20,0.05,0.37499999999999994,0.11236102527122116,0.2,0.6024999999999999,0.7250000000000001,0.5299240845368941,0.01,-0.07625000000000001,0.1,0.99999375,expanded_jvs_audit
JVS_JVSMuSiC,mert_l3,3,random_gaussian_nuisance,mean_preserving,G->S,20,20,0.05,0.35750000000000004,0.09653367288153913,0.1975,0.5524999999999999,0.7449999999999999,0.5284399256788963,-0.0024999999999999966,-0.1,0.050000000000000044,0.99999375,expanded_jvs_audit
JVS_JVSMuSiC,mert_l3,3,random_low_rank_projection,mean_preserving,S->G,20,20,0.05,0.36499999999999994,0.09367496997597598,0.22375,0.52625,0.7250000000000001,0.5244465167078365,0.0,0.0,0.0,1.0,expanded_jvs_audit
JVS_JVSMuSiC,mert_l3,3,random_low_rank_projection,mean_preserving,G->S,20,20,0.05,0.36,0.1067707825203131,0.17125,0.5524999999999999,0.7500000000000001,0.5316418993588111,2.7755575615628915e-18,-0.026249999999999992,0.026249999999999954,1.0,expanded_jvs_audit
