dataset,model,layer,direction,variant,rows,R1_mean,R1_std,R1_CI_low,R1_CI_high
GTSinger_same_text_control,ecapa,embedding,G->S,G->S:correct_sign_global,50,0.9540000000000001,0.057306195127577605,0.8225,1.0
GTSinger_same_text_control,ecapa,embedding,G->S,G->S:random_same_norm,2500,0.9213600000000002,0.06273555929454999,0.8,1.0
GTSinger_same_text_control,ecapa,embedding,G->S,G->S:raw,50,0.9059999999999999,0.061351446600711866,0.8,1.0
GTSinger_same_text_control,ecapa,embedding,G->S,G->S:wrong_sign_global,50,0.8320000000000001,0.08588364221433556,0.7,1.0
GTSinger_same_text_control,ecapa,embedding,S->G,S->G:correct_sign_global,50,0.9860000000000001,0.040049968789001564,0.9,1.0
GTSinger_same_text_control,ecapa,embedding,S->G,S->G:random_same_norm,2500,0.9246,0.057330968943495084,0.8,1.0
GTSinger_same_text_control,ecapa,embedding,S->G,S->G:raw,50,0.9279999999999999,0.049152822909778016,0.9,1.0
GTSinger_same_text_control,ecapa,embedding,S->G,S->G:wrong_sign_global,50,0.8319999999999999,0.06764613810115105,0.7,0.9
GTSinger_same_text_control,hubert_l6,6,G->S,G->S:correct_sign_global,50,0.746,0.10622617379911603,0.6,1.0
GTSinger_same_text_control,hubert_l6,6,G->S,G->S:random_same_norm,2500,0.28652000000000005,0.10799208119116883,0.1,0.5
GTSinger_same_text_control,hubert_l6,6,G->S,G->S:raw,50,0.28,0.09591663046625439,0.12250000000000001,0.4
GTSinger_same_text_control,hubert_l6,6,G->S,G->S:wrong_sign_global,50,0.146,0.060695963621974075,0.1,0.3
GTSinger_same_text_control,hubert_l6,6,S->G,S->G:correct_sign_global,50,0.762,0.09141115905621154,0.6,0.9
GTSinger_same_text_control,hubert_l6,6,S->G,S->G:random_same_norm,2500,0.19647999999999996,0.07301787178492673,0.1,0.3
GTSinger_same_text_control,hubert_l6,6,S->G,S->G:raw,50,0.198,0.07068238818828916,0.1,0.3
GTSinger_same_text_control,hubert_l6,6,S->G,S->G:wrong_sign_global,50,0.136,0.05919459434779496,0.1,0.3
GTSinger_same_text_control,mert_l3,3,G->S,G->S:correct_sign_global,50,0.7340000000000001,0.09297311439335569,0.5225,0.9
GTSinger_same_text_control,mert_l3,3,G->S,G->S:random_same_norm,2500,0.29972,0.08459268053442923,0.2,0.5
GTSinger_same_text_control,mert_l3,3,G->S,G->S:raw,50,0.29399999999999993,0.08101851640211638,0.2,0.47749999999999987
GTSinger_same_text_control,mert_l3,3,G->S,G->S:wrong_sign_global,50,0.158,0.05325410782277739,0.1,0.2
GTSinger_same_text_control,mert_l3,3,S->G,S->G:correct_sign_global,50,0.6040000000000001,0.12322337440599491,0.4,0.8
GTSinger_same_text_control,mert_l3,3,S->G,S->G:random_same_norm,2500,0.28931999999999997,0.1321587590740773,0.1,0.5
GTSinger_same_text_control,mert_l3,3,S->G,S->G:raw,50,0.274,0.12619033243477887,0.1,0.5
GTSinger_same_text_control,mert_l3,3,S->G,S->G:wrong_sign_global,50,0.19599999999999998,0.11128342194594844,0.1,0.4
GTSinger_same_text_control,wavlm_l12,12,G->S,G->S:correct_sign_global,50,0.7920000000000001,0.10925200226998132,0.6,1.0
GTSinger_same_text_control,wavlm_l12,12,G->S,G->S:random_same_norm,2500,0.31411999999999995,0.11844249912932435,0.1,0.5
GTSinger_same_text_control,wavlm_l12,12,G->S,G->S:raw,50,0.342,0.10215674231297707,0.2,0.5
GTSinger_same_text_control,wavlm_l12,12,G->S,G->S:wrong_sign_global,50,0.15799999999999997,0.08268010643437754,0.1,0.3
GTSinger_same_text_control,wavlm_l12,12,S->G,S->G:correct_sign_global,50,0.738,0.09977975746613141,0.6,0.9
GTSinger_same_text_control,wavlm_l12,12,S->G,S->G:random_same_norm,2500,0.20295999999999997,0.07667619187205374,0.1,0.3
GTSinger_same_text_control,wavlm_l12,12,S->G,S->G:raw,50,0.19799999999999998,0.07068238818828916,0.1,0.3
GTSinger_same_text_control,wavlm_l12,12,S->G,S->G:wrong_sign_global,50,0.14400000000000002,0.06053098380168623,0.1,0.3
